customer_id,customer_segment,customer_type,country,region,first_seen_date
C000001,Small Business,Existing,Spain,Southern Europe,2024-06-11
C000002,Private,New,Austria,DACH,2024-08-31
C000003,Private,New,Italy,Southern Europe,2025-08-25
C000004,Small Business,New,Spain,Southern Europe,2024-03-12
C000005,Small Business,New,Germany,DACH,2024-03-16
C000006,Fleet,New,Netherlands,Benelux,2024-07-30
C000007,Private,New,Spain,Southern Europe,2025-02-26
C000008,Private,Existing,Spain,Southern Europe,2025-07-18
C000009,Private,New,Germany,DACH,2025-01-28
C000010,Fleet,New,Austria,DACH,2024-12-11
C000011,Small Business,Existing,Germany,DACH,2025-09-01
C000012,Fleet,New,Netherlands,Benelux,2024-04-30
C000013,Small Business,New,France,Western Europe,2025-09-23
C000014,Private,New,Italy,Southern Europe,2024-08-06
C000015,Small Business,Existing,Austria,DACH,2024-07-12
C000016,Small Business,New,Germany,DACH,2025-10-29
C000017,Fleet,New,France,Western Europe,2025-03-28
C000018,Fleet,Existing,Germany,DACH,2024-10-29
C000019,Private,New,Italy,Southern Europe,2024-08-19
C000020,Fleet,Existing,France,Western Europe,2024-11-05
C000021,Enterprise,New,Spain,Southern Europe,2025-07-08
C000022,Private,New,Germany,DACH,2024-04-17
C000023,Enterprise,New,Netherlands,Benelux,2024-05-02
C000024,Private,Existing,Italy,Southern Europe,2024-08-01
C000025,Private,New,Spain,Southern Europe,2024-12-03
C000026,Private,New,Germany,DACH,2025-07-24
C000027,Fleet,Existing,Austria,DACH,2024-05-27
C000028,Fleet,New,Germany,DACH,2025-07-04
C000029,Private,Existing,Germany,DACH,2025-09-27
C000030,Small Business,New,Spain,Southern Europe,2024-10-31
C000031,Small Business,New,Spain,Southern Europe,2025-11-03
C000032,Enterprise,Existing,Netherlands,Benelux,2025-09-17
C000033,Small Business,Existing,Germany,DACH,2025-07-12
C000034,Fleet,New,Germany,DACH,2024-09-23
C000035,Private,Existing,Austria,DACH,2024-07-29
C000036,Small Business,Existing,Germany,DACH,2025-08-28
C000037,Enterprise,Existing,Germany,DACH,2024-11-05
C000038,Small Business,New,Austria,DACH,2024-01-23
C000039,Enterprise,New,Germany,DACH,2025-05-17
C000040,Private,New,France,Western Europe,2024-08-31
C000041,Small Business,New,Austria,DACH,2025-10-16
C000042,Small Business,New,Italy,Southern Europe,2025-08-21
C000043,Small Business,New,Spain,Southern Europe,2024-03-14
C000044,Fleet,New,Germany,DACH,2025-09-22
C000045,Small Business,New,Italy,Southern Europe,2025-10-26
C000046,Enterprise,New,Italy,Southern Europe,2025-06-13
C000047,Small Business,New,Germany,DACH,2024-07-11
C000048,Private,New,Germany,DACH,2025-04-13
C000049,Small Business,Existing,Spain,Southern Europe,2025-08-30
C000050,Enterprise,New,Germany,DACH,2025-07-24
C000051,Small Business,New,Germany,DACH,2024-10-28
C000052,Fleet,New,Germany,DACH,2025-05-10
C000053,Private,New,Spain,Southern Europe,2024-09-27
C000054,Small Business,New,France,Western Europe,2024-06-26
C000055,Private,Existing,Spain,Southern Europe,2025-04-15
C000056,Small Business,New,Spain,Southern Europe,2024-11-22
C000057,Fleet,New,Austria,DACH,2024-06-06
C000058,Fleet,New,France,Western Europe,2025-04-07
C000059,Private,Existing,Germany,DACH,2024-08-13
C000060,Small Business,Existing,Germany,DACH,2025-02-15
C000061,Small Business,Existing,France,Western Europe,2024-09-09
C000062,Small Business,New,Austria,DACH,2025-09-11
C000063,Small Business,Existing,France,Western Europe,2025-08-18
C000064,Small Business,New,Spain,Southern Europe,2024-11-27
C000065,Enterprise,New,France,Western Europe,2025-05-12
C000066,Fleet,Existing,France,Western Europe,2024-05-04
C000067,Private,New,France,Western Europe,2025-11-29
C000068,Fleet,Existing,Germany,DACH,2024-05-30
C000069,Small Business,New,Germany,DACH,2025-08-29
C000070,Fleet,New,Austria,DACH,2025-08-15
C000071,Small Business,New,Germany,DACH,2024-05-04
C000072,Fleet,Existing,Germany,DACH,2024-01-07
C000073,Fleet,New,Italy,Southern Europe,2025-05-30
C000074,Fleet,Existing,Germany,DACH,2025-08-31
C000075,Enterprise,New,Germany,DACH,2025-05-16
C000076,Small Business,Existing,Germany,DACH,2024-02-08
C000077,Fleet,New,Germany,DACH,2025-03-27
C000078,Small Business,New,France,Western Europe,2024-10-01
C000079,Fleet,New,France,Western Europe,2025-10-02
C000080,Private,New,Spain,Southern Europe,2025-07-14
C000081,Small Business,New,France,Western Europe,2025-07-13
C000082,Private,New,Germany,DACH,2024-10-12
C000083,Fleet,New,Italy,Southern Europe,2024-08-13
C000084,Small Business,Existing,Germany,DACH,2025-07-29
C000085,Enterprise,New,Germany,DACH,2024-03-21
C000086,Fleet,Existing,Germany,DACH,2024-03-11
C000087,Private,New,Spain,Southern Europe,2024-02-13
C000088,Fleet,Existing,Austria,DACH,2024-12-24
C000089,Enterprise,New,Germany,DACH,2024-02-22
C000090,Small Business,New,France,Western Europe,2025-02-11
C000091,Fleet,New,Germany,DACH,2024-04-27
C000092,Private,New,Spain,Southern Europe,2025-09-15
C000093,Fleet,New,Austria,DACH,2024-10-29
C000094,Fleet,New,Germany,DACH,2024-03-06
C000095,Enterprise,Existing,Germany,DACH,2025-04-30
C000096,Private,New,France,Western Europe,2024-08-25
C000097,Private,New,Germany,DACH,2024-07-02
C000098,Private,Existing,Germany,DACH,2025-04-06
C000099,Private,New,Germany,DACH,2025-10-30
C000100,Enterprise,New,Netherlands,Benelux,2025-11-16
C000101,Private,Existing,Italy,Southern Europe,2024-10-31
C000102,Small Business,Existing,Spain,Southern Europe,2025-08-16
C000103,Small Business,Existing,Germany,DACH,2024-05-26
C000104,Private,Existing,Netherlands,Benelux,2025-08-15
C000105,Private,New,Spain,Southern Europe,2025-10-21
C000106,Fleet,New,Spain,Southern Europe,2024-12-28
C000107,Small Business,New,Austria,DACH,2025-01-01
C000108,Small Business,Existing,Germany,DACH,2025-01-30
C000109,Fleet,Existing,Germany,DACH,2024-02-21
C000110,Private,New,Italy,Southern Europe,2025-08-24
C000111,Small Business,New,Austria,DACH,2025-05-31
C000112,Private,New,Germany,DACH,2025-08-31
C000113,Private,New,Germany,DACH,2024-03-21
C000114,Enterprise,Existing,France,Western Europe,2025-07-15
C000115,Small Business,New,Germany,DACH,2024-09-10
C000116,Enterprise,New,Italy,Southern Europe,2025-07-26
C000117,Private,Existing,Spain,Southern Europe,2025-11-26
C000118,Private,New,Spain,Southern Europe,2025-09-07
C000119,Small Business,New,Austria,DACH,2025-10-02
C000120,Fleet,New,France,Western Europe,2024-03-20
C000121,Private,New,France,Western Europe,2024-08-18
C000122,Small Business,New,France,Western Europe,2024-07-23
C000123,Fleet,New,Germany,DACH,2024-12-25
C000124,Private,New,Germany,DACH,2025-11-14
C000125,Private,New,Germany,DACH,2025-04-25
C000126,Small Business,New,Austria,DACH,2025-01-16
C000127,Fleet,New,Germany,DACH,2025-07-17
C000128,Small Business,Existing,Germany,DACH,2024-05-03
C000129,Enterprise,New,Germany,DACH,2025-04-07
C000130,Enterprise,New,France,Western Europe,2024-12-18
C000131,Small Business,Existing,Germany,DACH,2024-05-22
C000132,Small Business,New,Netherlands,Benelux,2025-03-28
C000133,Small Business,New,France,Western Europe,2025-08-11
C000134,Fleet,Existing,Germany,DACH,2025-08-02
C000135,Enterprise,New,France,Western Europe,2025-08-13
C000136,Fleet,New,Germany,DACH,2025-07-22
C000137,Small Business,Existing,Netherlands,Benelux,2024-11-24
C000138,Small Business,New,Austria,DACH,2024-02-04
C000139,Small Business,New,Spain,Southern Europe,2025-11-06
C000140,Private,New,Germany,DACH,2024-11-13
C000141,Private,New,Austria,DACH,2025-03-18
C000142,Private,Existing,Austria,DACH,2024-01-15
C000143,Small Business,New,Netherlands,Benelux,2025-09-14
C000144,Enterprise,New,France,Western Europe,2025-09-13
C000145,Fleet,New,Austria,DACH,2025-10-11
C000146,Private,Existing,Germany,DACH,2024-05-01
C000147,Enterprise,New,Germany,DACH,2025-08-13
C000148,Fleet,New,France,Western Europe,2025-03-13
C000149,Enterprise,New,Austria,DACH,2024-04-12
C000150,Small Business,New,Germany,DACH,2025-02-03
C000151,Private,New,Italy,Southern Europe,2024-11-29
C000152,Small Business,Existing,Italy,Southern Europe,2025-03-13
C000153,Fleet,New,Germany,DACH,2024-02-28
C000154,Small Business,New,France,Western Europe,2025-01-29
C000155,Small Business,New,Germany,DACH,2025-04-19
C000156,Small Business,New,France,Western Europe,2025-05-15
C000157,Fleet,New,Germany,DACH,2025-06-22
C000158,Private,Existing,France,Western Europe,2025-03-14
C000159,Fleet,New,Spain,Southern Europe,2025-05-05
C000160,Small Business,Existing,Spain,Southern Europe,2024-03-04
C000161,Enterprise,New,Germany,DACH,2025-07-12
C000162,Enterprise,New,Italy,Southern Europe,2024-09-13
C000163,Small Business,New,Germany,DACH,2025-01-18
C000164,Fleet,New,Germany,DACH,2025-01-17
C000165,Private,New,France,Western Europe,2025-11-14
C000166,Private,Existing,Germany,DACH,2024-08-15
C000167,Fleet,Existing,Italy,Southern Europe,2024-09-26
C000168,Private,Existing,Italy,Southern Europe,2025-06-16
C000169,Small Business,Existing,Germany,DACH,2025-03-20
C000170,Fleet,New,Netherlands,Benelux,2024-08-10
C000171,Private,New,Germany,DACH,2024-08-29
C000172,Private,New,France,Western Europe,2025-08-03
C000173,Private,Existing,Germany,DACH,2025-08-08
C000174,Small Business,New,Netherlands,Benelux,2024-04-12
C000175,Small Business,New,Germany,DACH,2024-10-06
C000176,Small Business,New,Germany,DACH,2025-06-22
C000177,Small Business,New,Austria,DACH,2024-03-24
C000178,Small Business,Existing,Netherlands,Benelux,2024-05-08
C000179,Fleet,New,Italy,Southern Europe,2024-04-20
C000180,Fleet,New,Spain,Southern Europe,2025-01-04
C000181,Private,Existing,Italy,Southern Europe,2024-11-11
C000182,Fleet,New,Italy,Southern Europe,2024-08-12
C000183,Small Business,New,France,Western Europe,2024-04-05
C000184,Private,New,Germany,DACH,2025-03-22
C000185,Small Business,New,Spain,Southern Europe,2025-07-19
C000186,Enterprise,New,France,Western Europe,2024-05-28
C000187,Small Business,New,Germany,DACH,2025-04-11
C000188,Fleet,New,Germany,DACH,2025-07-10
C000189,Enterprise,New,Spain,Southern Europe,2025-01-24
C000190,Private,New,Germany,DACH,2025-02-05
C000191,Private,Existing,Netherlands,Benelux,2024-04-26
C000192,Private,New,Germany,DACH,2025-11-01
C000193,Small Business,New,Germany,DACH,2025-10-31
C000194,Private,New,Italy,Southern Europe,2025-05-13
C000195,Enterprise,New,Germany,DACH,2025-09-23
C000196,Enterprise,Existing,Germany,DACH,2025-03-01
C000197,Fleet,New,France,Western Europe,2025-04-07
C000198,Fleet,New,Italy,Southern Europe,2025-08-03
C000199,Private,New,Germany,DACH,2024-01-27
C000200,Fleet,Existing,Germany,DACH,2024-06-02
C000201,Small Business,New,Spain,Southern Europe,2024-05-22
C000202,Small Business,Existing,Netherlands,Benelux,2025-03-18
C000203,Small Business,New,France,Western Europe,2024-06-18
C000204,Fleet,New,Germany,DACH,2024-09-30
C000205,Small Business,New,Germany,DACH,2024-12-11
C000206,Small Business,New,Germany,DACH,2025-06-04
C000207,Small Business,New,Germany,DACH,2024-12-28
C000208,Enterprise,New,France,Western Europe,2024-01-18
C000209,Small Business,New,Germany,DACH,2025-04-25
C000210,Small Business,New,France,Western Europe,2024-10-26
C000211,Fleet,New,Spain,Southern Europe,2024-03-20
C000212,Small Business,New,France,Western Europe,2025-04-01
C000213,Enterprise,New,Germany,DACH,2024-07-08
C000214,Enterprise,New,Italy,Southern Europe,2024-11-18
C000215,Fleet,New,Spain,Southern Europe,2025-11-08
C000216,Fleet,New,Spain,Southern Europe,2024-06-15
C000217,Fleet,New,Germany,DACH,2025-09-11
C000218,Small Business,New,Germany,DACH,2024-11-21
C000219,Small Business,New,Netherlands,Benelux,2025-10-14
C000220,Small Business,New,Germany,DACH,2025-08-17
C000221,Small Business,Existing,Germany,DACH,2025-08-05
C000222,Private,New,Austria,DACH,2024-05-24
C000223,Small Business,New,France,Western Europe,2025-07-07
C000224,Small Business,New,Netherlands,Benelux,2024-09-14
C000225,Fleet,Existing,Germany,DACH,2025-09-29
C000226,Fleet,Existing,Netherlands,Benelux,2025-11-24
C000227,Small Business,Existing,Germany,DACH,2025-03-04
C000228,Small Business,New,France,Western Europe,2025-09-30
C000229,Small Business,New,France,Western Europe,2025-01-08
C000230,Small Business,New,Germany,DACH,2024-01-24
C000231,Private,New,Germany,DACH,2025-09-03
C000232,Enterprise,Existing,Germany,DACH,2025-01-06
C000233,Fleet,New,Netherlands,Benelux,2024-01-31
C000234,Fleet,New,France,Western Europe,2024-02-15
C000235,Private,Existing,Netherlands,Benelux,2025-05-21
C000236,Private,New,Italy,Southern Europe,2025-10-08
C000237,Small Business,Existing,Austria,DACH,2025-05-03
C000238,Small Business,New,Spain,Southern Europe,2024-11-05
C000239,Fleet,New,Germany,DACH,2024-08-02
C000240,Private,New,Germany,DACH,2024-10-19
C000241,Small Business,New,Italy,Southern Europe,2024-08-13
C000242,Small Business,New,Spain,Southern Europe,2024-07-10
C000243,Small Business,New,Germany,DACH,2024-03-30
C000244,Small Business,New,France,Western Europe,2025-02-02
C000245,Fleet,New,France,Western Europe,2024-06-01
C000246,Private,Existing,Italy,Southern Europe,2024-04-11
C000247,Fleet,New,France,Western Europe,2024-07-12
C000248,Small Business,New,Germany,DACH,2025-07-13
C000249,Small Business,New,Germany,DACH,2025-02-05
C000250,Private,Existing,Austria,DACH,2024-12-09
C000251,Fleet,Existing,France,Western Europe,2025-02-18
C000252,Small Business,Existing,Italy,Southern Europe,2025-01-31
C000253,Small Business,Existing,Austria,DACH,2024-12-14
C000254,Private,New,Germany,DACH,2025-08-11
C000255,Private,New,Germany,DACH,2025-05-26
C000256,Enterprise,New,Spain,Southern Europe,2024-05-09
C000257,Private,Existing,Italy,Southern Europe,2025-07-26
C000258,Fleet,New,Germany,DACH,2024-05-02
C000259,Fleet,New,Germany,DACH,2024-02-24
C000260,Small Business,Existing,France,Western Europe,2024-10-21
C000261,Private,Existing,Germany,DACH,2024-10-01
C000262,Private,Existing,Italy,Southern Europe,2025-07-04
C000263,Small Business,New,Germany,DACH,2025-05-01
C000264,Enterprise,New,Germany,DACH,2024-02-10
C000265,Fleet,New,Netherlands,Benelux,2024-12-15
C000266,Small Business,New,Germany,DACH,2025-07-10
C000267,Fleet,New,Germany,DACH,2025-05-28
C000268,Enterprise,New,Germany,DACH,2024-12-16
C000269,Enterprise,Existing,Germany,DACH,2025-03-07
C000270,Fleet,New,Germany,DACH,2025-01-28
C000271,Enterprise,New,Germany,DACH,2024-06-10
C000272,Enterprise,Existing,Germany,DACH,2025-01-30
C000273,Private,New,Germany,DACH,2025-04-17
C000274,Enterprise,New,France,Western Europe,2024-02-09
C000275,Fleet,New,Spain,Southern Europe,2025-05-01
C000276,Private,New,Germany,DACH,2024-06-23
C000277,Private,Existing,Germany,DACH,2024-01-06
C000278,Private,New,France,Western Europe,2025-06-12
C000279,Small Business,New,Italy,Southern Europe,2024-09-29
C000280,Private,Existing,Italy,Southern Europe,2024-10-15
C000281,Enterprise,New,Germany,DACH,2025-03-13
C000282,Small Business,Existing,Germany,DACH,2025-01-27
C000283,Enterprise,New,Germany,DACH,2025-03-10
C000284,Fleet,Existing,Germany,DACH,2025-10-23
C000285,Small Business,New,France,Western Europe,2025-03-31
C000286,Small Business,New,Germany,DACH,2024-02-02
C000287,Private,Existing,Germany,DACH,2024-06-04
C000288,Private,Existing,Germany,DACH,2024-11-10
C000289,Small Business,New,France,Western Europe,2024-11-26
C000290,Private,New,Germany,DACH,2024-09-09
C000291,Fleet,New,Italy,Southern Europe,2024-05-09
C000292,Fleet,Existing,Germany,DACH,2024-03-15
C000293,Enterprise,Existing,Netherlands,Benelux,2024-04-11
C000294,Private,New,Germany,DACH,2025-10-27
C000295,Private,New,Italy,Southern Europe,2024-10-03
C000296,Private,New,Italy,Southern Europe,2025-11-04
C000297,Enterprise,Existing,Netherlands,Benelux,2024-08-22
C000298,Small Business,New,Italy,Southern Europe,2024-08-06
C000299,Small Business,New,Spain,Southern Europe,2024-12-08
C000300,Small Business,Existing,France,Western Europe,2025-10-24
C000301,Private,New,Spain,Southern Europe,2025-01-29
C000302,Private,New,Germany,DACH,2024-01-25
C000303,Private,New,France,Western Europe,2024-07-09
C000304,Fleet,New,France,Western Europe,2025-11-17
C000305,Small Business,Existing,Italy,Southern Europe,2024-04-18
C000306,Private,New,Austria,DACH,2025-08-08
C000307,Enterprise,New,Germany,DACH,2025-10-12
C000308,Small Business,New,France,Western Europe,2024-05-30
C000309,Small Business,New,Germany,DACH,2025-01-26
C000310,Small Business,New,Germany,DACH,2025-02-23
C000311,Fleet,New,Austria,DACH,2025-07-09
C000312,Small Business,New,Germany,DACH,2025-07-12
C000313,Fleet,New,Germany,DACH,2024-02-12
C000314,Private,Existing,Germany,DACH,2024-08-11
C000315,Fleet,New,Germany,DACH,2025-10-20
C000316,Fleet,Existing,Germany,DACH,2024-09-04
C000317,Small Business,New,Germany,DACH,2024-06-21
C000318,Enterprise,New,Spain,Southern Europe,2025-03-16
C000319,Fleet,Existing,Germany,DACH,2024-05-16
C000320,Fleet,New,Netherlands,Benelux,2024-04-12
C000321,Small Business,Existing,Italy,Southern Europe,2025-07-12
C000322,Private,New,Austria,DACH,2024-03-23
C000323,Enterprise,New,Germany,DACH,2025-09-15
C000324,Small Business,New,France,Western Europe,2024-06-23
C000325,Small Business,New,Italy,Southern Europe,2024-03-15
C000326,Small Business,New,France,Western Europe,2025-06-02
C000327,Private,New,Italy,Southern Europe,2024-05-03
C000328,Enterprise,New,France,Western Europe,2024-09-13
C000329,Fleet,New,France,Western Europe,2024-09-02
C000330,Fleet,Existing,Germany,DACH,2024-12-21
C000331,Private,New,Spain,Southern Europe,2024-11-27
C000332,Private,Existing,Germany,DACH,2024-05-16
C000333,Small Business,New,Spain,Southern Europe,2024-06-13
C000334,Small Business,New,Italy,Southern Europe,2024-05-15
C000335,Fleet,New,Germany,DACH,2024-02-08
C000336,Private,Existing,France,Western Europe,2025-03-31
C000337,Private,New,Germany,DACH,2024-11-25
C000338,Private,Existing,Spain,Southern Europe,2024-03-16
C000339,Private,New,Germany,DACH,2024-08-19
C000340,Small Business,New,Netherlands,Benelux,2025-04-12
C000341,Fleet,Existing,Germany,DACH,2024-07-18
C000342,Small Business,Existing,Netherlands,Benelux,2024-10-07
C000343,Enterprise,New,Italy,Southern Europe,2025-06-04
C000344,Private,Existing,France,Western Europe,2025-04-14
C000345,Small Business,New,Spain,Southern Europe,2025-05-05
C000346,Small Business,Existing,Spain,Southern Europe,2024-09-24
C000347,Private,New,Netherlands,Benelux,2024-12-04
C000348,Private,New,Germany,DACH,2025-08-15
C000349,Private,New,France,Western Europe,2025-09-02
C000350,Small Business,Existing,Germany,DACH,2024-02-08
C000351,Enterprise,New,France,Western Europe,2025-08-09
C000352,Private,New,Germany,DACH,2025-09-17
C000353,Private,New,France,Western Europe,2025-10-21
C000354,Private,Existing,France,Western Europe,2024-07-07
C000355,Enterprise,New,Austria,DACH,2024-12-16
C000356,Enterprise,New,France,Western Europe,2024-01-30
C000357,Private,New,Spain,Southern Europe,2024-03-17
C000358,Fleet,New,Spain,Southern Europe,2025-01-28
C000359,Fleet,New,Austria,DACH,2024-05-24
C000360,Private,New,France,Western Europe,2024-06-06
C000361,Private,Existing,Netherlands,Benelux,2024-07-26
C000362,Small Business,New,Germany,DACH,2024-11-17
C000363,Small Business,New,Germany,DACH,2024-04-17
C000364,Enterprise,New,Germany,DACH,2025-07-15
C000365,Enterprise,New,France,Western Europe,2025-04-12
C000366,Enterprise,New,Germany,DACH,2025-07-08
C000367,Fleet,Existing,Spain,Southern Europe,2025-10-10
C000368,Private,New,France,Western Europe,2025-02-24
C000369,Private,New,Germany,DACH,2024-09-10
C000370,Small Business,Existing,Italy,Southern Europe,2025-11-15
C000371,Small Business,New,Spain,Southern Europe,2025-01-31
C000372,Enterprise,New,Germany,DACH,2024-11-20
C000373,Small Business,New,Germany,DACH,2024-10-18
C000374,Private,New,Germany,DACH,2024-01-28
C000375,Private,Existing,Germany,DACH,2025-10-31
C000376,Private,Existing,Germany,DACH,2025-07-27
C000377,Small Business,New,Netherlands,Benelux,2025-05-04
C000378,Private,New,Austria,DACH,2024-06-03
C000379,Small Business,New,Germany,DACH,2025-10-11
C000380,Private,New,Spain,Southern Europe,2024-05-03
C000381,Small Business,New,France,Western Europe,2024-06-18
C000382,Private,New,Netherlands,Benelux,2024-02-19
C000383,Private,New,Spain,Southern Europe,2024-07-20
C000384,Small Business,Existing,Austria,DACH,2024-08-17
C000385,Small Business,Existing,Germany,DACH,2025-07-10
C000386,Private,New,Netherlands,Benelux,2024-08-16
C000387,Small Business,New,Spain,Southern Europe,2025-10-31
C000388,Small Business,New,Netherlands,Benelux,2024-07-30
C000389,Fleet,New,Germany,DACH,2025-01-02
C000390,Enterprise,New,Italy,Southern Europe,2025-02-19
C000391,Private,New,France,Western Europe,2025-08-03
C000392,Fleet,Existing,Germany,DACH,2025-06-10
C000393,Enterprise,New,France,Western Europe,2025-08-30
C000394,Fleet,New,Spain,Southern Europe,2025-10-18
C000395,Fleet,New,Germany,DACH,2024-03-23
C000396,Fleet,New,Austria,DACH,2024-03-06
C000397,Small Business,New,Italy,Southern Europe,2024-11-10
C000398,Fleet,New,Germany,DACH,2024-04-15
C000399,Private,Existing,Austria,DACH,2024-12-11
C000400,Small Business,Existing,Austria,DACH,2025-02-16
C000401,Private,Existing,Germany,DACH,2024-07-12
C000402,Small Business,New,Italy,Southern Europe,2024-03-09
C000403,Fleet,New,Spain,Southern Europe,2025-11-06
C000404,Small Business,New,Germany,DACH,2024-09-16
C000405,Private,New,Netherlands,Benelux,2025-08-10
C000406,Private,New,Italy,Southern Europe,2025-03-13
C000407,Fleet,Existing,Germany,DACH,2025-04-08
C000408,Small Business,New,Italy,Southern Europe,2025-06-30
C000409,Small Business,New,Germany,DACH,2024-07-04
C000410,Private,New,Netherlands,Benelux,2024-06-01
C000411,Small Business,New,France,Western Europe,2025-11-28
C000412,Private,New,France,Western Europe,2025-04-12
C000413,Fleet,New,Germany,DACH,2024-07-23
C000414,Small Business,New,Italy,Southern Europe,2025-03-28
C000415,Private,New,Germany,DACH,2024-10-02
C000416,Fleet,Existing,Germany,DACH,2025-08-24
C000417,Small Business,New,Germany,DACH,2024-12-21
C000418,Enterprise,New,Spain,Southern Europe,2024-08-07
C000419,Small Business,New,Germany,DACH,2025-04-28
C000420,Fleet,Existing,Italy,Southern Europe,2025-06-09
C000421,Fleet,New,France,Western Europe,2024-09-17
C000422,Fleet,New,Germany,DACH,2025-06-10
C000423,Private,New,Germany,DACH,2024-06-12
C000424,Small Business,New,Germany,DACH,2024-06-16
C000425,Enterprise,New,France,Western Europe,2025-08-01
C000426,Private,New,Italy,Southern Europe,2025-03-10
C000427,Enterprise,New,Germany,DACH,2024-01-25
C000428,Private,Existing,Italy,Southern Europe,2025-04-17
C000429,Enterprise,New,Germany,DACH,2024-08-02
C000430,Private,New,Italy,Southern Europe,2024-07-11
C000431,Fleet,New,Netherlands,Benelux,2024-10-23
C000432,Fleet,New,Spain,Southern Europe,2024-11-12
C000433,Private,New,Spain,Southern Europe,2025-09-16
C000434,Fleet,New,Italy,Southern Europe,2024-11-01
C000435,Private,New,Germany,DACH,2024-07-26
C000436,Small Business,Existing,Germany,DACH,2025-06-25
C000437,Private,New,Germany,DACH,2025-01-14
C000438,Small Business,Existing,France,Western Europe,2024-01-01
C000439,Enterprise,Existing,Spain,Southern Europe,2025-03-18
C000440,Small Business,New,France,Western Europe,2024-12-16
C000441,Small Business,New,Italy,Southern Europe,2025-02-06
C000442,Private,New,Germany,DACH,2024-05-09
C000443,Private,Existing,Spain,Southern Europe,2024-11-30
C000444,Private,New,Germany,DACH,2025-03-28
C000445,Enterprise,New,Germany,DACH,2025-04-18
C000446,Small Business,New,Spain,Southern Europe,2025-04-21
C000447,Private,Existing,Netherlands,Benelux,2025-11-29
C000448,Fleet,New,France,Western Europe,2024-12-16
C000449,Fleet,New,Germany,DACH,2024-10-27
C000450,Fleet,New,France,Western Europe,2025-01-14
C000451,Small Business,New,Germany,DACH,2024-08-18
C000452,Private,Existing,Italy,Southern Europe,2024-08-08
C000453,Private,Existing,Spain,Southern Europe,2025-04-28
C000454,Small Business,New,Germany,DACH,2024-08-07
C000455,Enterprise,New,Germany,DACH,2025-06-08
C000456,Fleet,Existing,Germany,DACH,2025-06-05
C000457,Small Business,New,Netherlands,Benelux,2025-10-29
C000458,Private,New,Austria,DACH,2024-04-02
C000459,Small Business,New,Spain,Southern Europe,2024-09-11
C000460,Small Business,New,France,Western Europe,2025-06-24
C000461,Private,Existing,France,Western Europe,2024-10-27
C000462,Small Business,New,Germany,DACH,2025-04-03
C000463,Small Business,New,Netherlands,Benelux,2025-05-29
C000464,Private,New,Germany,DACH,2025-09-11
C000465,Small Business,New,France,Western Europe,2024-06-07
C000466,Private,Existing,Spain,Southern Europe,2024-07-01
C000467,Private,New,France,Western Europe,2024-11-25
C000468,Small Business,New,Netherlands,Benelux,2024-12-20
C000469,Fleet,New,Germany,DACH,2025-09-25
C000470,Small Business,New,France,Western Europe,2024-01-28
C000471,Private,New,Germany,DACH,2024-06-20
C000472,Small Business,New,Austria,DACH,2025-09-30
C000473,Enterprise,Existing,Germany,DACH,2025-03-06
C000474,Small Business,Existing,Germany,DACH,2025-04-17
C000475,Private,New,Germany,DACH,2024-06-23
C000476,Small Business,New,Germany,DACH,2025-03-12
C000477,Small Business,New,Austria,DACH,2024-09-15
C000478,Fleet,New,France,Western Europe,2025-05-27
C000479,Private,New,France,Western Europe,2024-03-04
C000480,Enterprise,Existing,Germany,DACH,2024-07-18
C000481,Small Business,Existing,Germany,DACH,2025-03-27
C000482,Small Business,New,Germany,DACH,2025-02-26
C000483,Fleet,Existing,France,Western Europe,2025-08-11
C000484,Fleet,New,Germany,DACH,2025-07-14
C000485,Enterprise,New,Germany,DACH,2024-01-11
C000486,Enterprise,New,Germany,DACH,2024-03-04
C000487,Enterprise,New,Austria,DACH,2024-09-05
C000488,Small Business,New,Germany,DACH,2025-11-02
C000489,Fleet,Existing,France,Western Europe,2024-11-30
C000490,Private,New,France,Western Europe,2025-09-16
C000491,Small Business,New,Spain,Southern Europe,2024-02-11
C000492,Private,New,France,Western Europe,2025-11-05
C000493,Small Business,Existing,France,Western Europe,2024-02-12
C000494,Fleet,New,Germany,DACH,2025-07-19
C000495,Enterprise,Existing,Spain,Southern Europe,2025-09-05
C000496,Small Business,Existing,France,Western Europe,2024-07-25
C000497,Enterprise,New,Austria,DACH,2024-07-29
C000498,Small Business,New,France,Western Europe,2025-02-11
C000499,Small Business,New,Germany,DACH,2025-05-20
C000500,Small Business,Existing,France,Western Europe,2024-03-25
C000501,Small Business,New,Spain,Southern Europe,2024-06-14
C000502,Fleet,New,Italy,Southern Europe,2025-06-11
C000503,Small Business,New,Netherlands,Benelux,2025-07-19
C000504,Private,New,France,Western Europe,2024-04-17
C000505,Enterprise,Existing,France,Western Europe,2025-09-14
C000506,Fleet,Existing,Spain,Southern Europe,2025-08-29
C000507,Small Business,New,Germany,DACH,2025-08-30
C000508,Fleet,New,Italy,Southern Europe,2024-06-17
C000509,Private,New,Austria,DACH,2025-04-13
C000510,Private,Existing,Germany,DACH,2024-04-22
C000511,Small Business,New,Germany,DACH,2024-05-17
C000512,Fleet,Existing,Italy,Southern Europe,2024-02-19
C000513,Fleet,New,Germany,DACH,2024-12-11
C000514,Fleet,New,Germany,DACH,2025-05-12
C000515,Small Business,Existing,Germany,DACH,2024-05-19
C000516,Enterprise,New,Germany,DACH,2024-05-10
C000517,Small Business,New,Germany,DACH,2024-07-12
C000518,Small Business,New,Spain,Southern Europe,2024-05-18
C000519,Small Business,New,Germany,DACH,2025-08-06
C000520,Private,Existing,Italy,Southern Europe,2024-04-28
C000521,Fleet,Existing,Italy,Southern Europe,2024-07-13
C000522,Small Business,Existing,Germany,DACH,2024-08-02
C000523,Fleet,New,Germany,DACH,2024-05-21
C000524,Private,New,France,Western Europe,2025-10-20
C000525,Small Business,Existing,Germany,DACH,2024-05-26
C000526,Enterprise,New,Germany,DACH,2024-12-06
C000527,Small Business,Existing,Netherlands,Benelux,2025-01-31
C000528,Small Business,New,Netherlands,Benelux,2024-07-01
C000529,Enterprise,New,Spain,Southern Europe,2024-11-25
C000530,Private,New,Germany,DACH,2024-04-29
C000531,Fleet,New,Spain,Southern Europe,2024-12-03
C000532,Private,New,Spain,Southern Europe,2024-01-14
C000533,Fleet,New,Germany,DACH,2024-11-03
C000534,Fleet,New,France,Western Europe,2024-09-12
C000535,Private,New,Germany,DACH,2024-09-02
C000536,Private,New,Germany,DACH,2024-03-18
C000537,Small Business,New,France,Western Europe,2025-11-30
C000538,Private,Existing,Germany,DACH,2024-01-19
C000539,Fleet,New,Germany,DACH,2024-04-12
C000540,Small Business,Existing,Italy,Southern Europe,2024-03-13
C000541,Enterprise,Existing,Netherlands,Benelux,2025-11-15
C000542,Fleet,New,France,Western Europe,2024-08-10
C000543,Private,New,Italy,Southern Europe,2024-10-28
C000544,Private,Existing,Netherlands,Benelux,2025-06-09
C000545,Private,New,Germany,DACH,2024-02-05
C000546,Small Business,Existing,Austria,DACH,2024-02-16
C000547,Enterprise,New,Germany,DACH,2024-05-07
C000548,Private,New,Germany,DACH,2025-04-20
C000549,Private,New,Spain,Southern Europe,2025-11-15
C000550,Fleet,New,Austria,DACH,2025-03-10
C000551,Small Business,Existing,Austria,DACH,2025-09-02
C000552,Small Business,New,Germany,DACH,2025-09-09
C000553,Fleet,Existing,Germany,DACH,2024-07-12
C000554,Small Business,New,Italy,Southern Europe,2024-05-08
C000555,Private,Existing,Germany,DACH,2024-04-22
C000556,Enterprise,Existing,Germany,DACH,2025-07-09
C000557,Small Business,New,Germany,DACH,2025-04-13
C000558,Fleet,New,Austria,DACH,2025-08-28
C000559,Private,Existing,France,Western Europe,2024-12-21
C000560,Small Business,Existing,Austria,DACH,2025-11-14
C000561,Enterprise,New,Germany,DACH,2025-09-17
C000562,Fleet,New,Germany,DACH,2025-07-19
C000563,Small Business,Existing,Italy,Southern Europe,2025-07-16
C000564,Small Business,New,France,Western Europe,2024-03-27
C000565,Enterprise,New,France,Western Europe,2025-06-05
C000566,Small Business,New,France,Western Europe,2025-10-24
C000567,Private,New,Spain,Southern Europe,2024-07-23
C000568,Small Business,Existing,Germany,DACH,2025-07-24
C000569,Small Business,New,Germany,DACH,2024-09-02
C000570,Enterprise,Existing,France,Western Europe,2024-05-28
C000571,Small Business,New,Germany,DACH,2025-05-26
C000572,Small Business,New,Italy,Southern Europe,2024-04-25
C000573,Fleet,New,Austria,DACH,2024-12-02
C000574,Enterprise,New,Spain,Southern Europe,2025-10-17
C000575,Fleet,Existing,Italy,Southern Europe,2024-04-19
C000576,Small Business,New,France,Western Europe,2024-04-18
C000577,Enterprise,Existing,Italy,Southern Europe,2025-10-22
C000578,Private,New,France,Western Europe,2025-06-27
C000579,Enterprise,New,Italy,Southern Europe,2024-11-19
C000580,Private,New,Germany,DACH,2024-10-10
C000581,Private,Existing,Austria,DACH,2025-11-05
C000582,Fleet,New,France,Western Europe,2025-05-21
C000583,Fleet,New,Germany,DACH,2025-09-27
C000584,Private,New,Germany,DACH,2024-03-05
C000585,Private,New,Italy,Southern Europe,2025-01-06
C000586,Enterprise,New,France,Western Europe,2025-05-22
C000587,Private,New,Germany,DACH,2024-01-26
C000588,Small Business,Existing,Germany,DACH,2024-12-24
C000589,Fleet,New,Germany,DACH,2024-02-08
C000590,Private,New,Germany,DACH,2025-09-22
C000591,Fleet,New,Netherlands,Benelux,2025-04-21
C000592,Private,Existing,Austria,DACH,2024-05-11
C000593,Private,New,Germany,DACH,2024-12-31
C000594,Small Business,New,France,Western Europe,2024-03-17
C000595,Private,Existing,Germany,DACH,2025-07-16
C000596,Private,New,Germany,DACH,2024-05-17
C000597,Enterprise,New,Spain,Southern Europe,2025-03-01
C000598,Fleet,New,France,Western Europe,2024-02-25
C000599,Private,New,Netherlands,Benelux,2024-04-20
C000600,Fleet,Existing,France,Western Europe,2025-11-17
C000601,Fleet,Existing,Austria,DACH,2024-09-27
C000602,Small Business,Existing,Spain,Southern Europe,2024-03-26
C000603,Enterprise,Existing,Italy,Southern Europe,2025-05-04
C000604,Enterprise,Existing,Spain,Southern Europe,2024-05-20
C000605,Fleet,New,Netherlands,Benelux,2025-02-16
C000606,Private,New,Spain,Southern Europe,2025-07-20
C000607,Small Business,New,Italy,Southern Europe,2025-04-23
C000608,Private,Existing,Germany,DACH,2024-06-21
C000609,Fleet,Existing,Spain,Southern Europe,2024-06-14
C000610,Private,Existing,Austria,DACH,2024-06-04
C000611,Small Business,New,France,Western Europe,2025-03-18
C000612,Private,New,France,Western Europe,2025-04-15
C000613,Small Business,Existing,Netherlands,Benelux,2024-12-30
C000614,Private,New,Netherlands,Benelux,2024-10-06
C000615,Private,New,Germany,DACH,2024-02-13
C000616,Small Business,New,Spain,Southern Europe,2025-08-07
C000617,Fleet,New,Spain,Southern Europe,2025-04-07
C000618,Private,New,Germany,DACH,2025-03-22
C000619,Private,Existing,Germany,DACH,2024-03-13
C000620,Small Business,Existing,Germany,DACH,2024-07-20
C000621,Fleet,New,Spain,Southern Europe,2024-07-31
C000622,Small Business,New,Austria,DACH,2025-02-22
C000623,Private,Existing,Netherlands,Benelux,2025-07-05
C000624,Private,New,Austria,DACH,2025-08-29
C000625,Small Business,New,Netherlands,Benelux,2024-12-31
C000626,Private,New,Germany,DACH,2024-09-12
C000627,Private,New,Spain,Southern Europe,2024-10-12
C000628,Private,New,Germany,DACH,2025-05-30
C000629,Small Business,Existing,France,Western Europe,2024-08-10
C000630,Small Business,New,Italy,Southern Europe,2024-10-18
C000631,Fleet,New,Netherlands,Benelux,2025-07-04
C000632,Small Business,New,Italy,Southern Europe,2025-01-15
C000633,Fleet,Existing,Germany,DACH,2024-11-23
C000634,Small Business,New,Germany,DACH,2025-05-28
C000635,Small Business,New,Germany,DACH,2024-07-21
C000636,Private,New,Germany,DACH,2024-02-12
C000637,Small Business,Existing,France,Western Europe,2025-07-05
C000638,Private,Existing,Spain,Southern Europe,2024-11-14
C000639,Small Business,New,Spain,Southern Europe,2024-08-15
C000640,Private,New,Italy,Southern Europe,2024-03-07
C000641,Fleet,New,Spain,Southern Europe,2025-10-10
C000642,Private,Existing,Italy,Southern Europe,2025-05-22
C000643,Private,Existing,Germany,DACH,2024-07-10
C000644,Fleet,Existing,Germany,DACH,2025-03-01
C000645,Private,New,France,Western Europe,2024-11-21
C000646,Small Business,New,Italy,Southern Europe,2024-08-16
C000647,Private,New,Germany,DACH,2024-08-06
C000648,Small Business,Existing,France,Western Europe,2024-02-23
C000649,Fleet,New,France,Western Europe,2025-11-13
C000650,Small Business,New,Germany,DACH,2025-10-10
C000651,Enterprise,Existing,Germany,DACH,2025-09-01
C000652,Fleet,New,Italy,Southern Europe,2024-08-08
C000653,Private,Existing,France,Western Europe,2025-11-28
C000654,Fleet,New,Germany,DACH,2024-07-11
C000655,Small Business,New,Italy,Southern Europe,2025-07-31
C000656,Small Business,New,Germany,DACH,2024-03-11
C000657,Enterprise,New,Italy,Southern Europe,2024-08-05
C000658,Private,Existing,Germany,DACH,2025-02-08
C000659,Small Business,New,France,Western Europe,2025-11-08
C000660,Private,New,Germany,DACH,2024-07-04
C000661,Fleet,New,Germany,DACH,2024-10-29
C000662,Small Business,New,Italy,Southern Europe,2025-08-12
C000663,Fleet,Existing,Germany,DACH,2024-11-26
C000664,Small Business,Existing,Germany,DACH,2025-04-22
C000665,Small Business,New,Germany,DACH,2024-10-19
C000666,Private,New,Spain,Southern Europe,2024-01-03
C000667,Small Business,New,Italy,Southern Europe,2024-07-17
C000668,Enterprise,New,Netherlands,Benelux,2025-01-30
C000669,Private,New,Germany,DACH,2024-01-14
C000670,Private,New,Germany,DACH,2024-06-11
C000671,Private,New,Germany,DACH,2025-10-29
C000672,Enterprise,Existing,France,Western Europe,2024-01-11
C000673,Fleet,New,Netherlands,Benelux,2024-06-22
C000674,Fleet,Existing,Spain,Southern Europe,2025-03-09
C000675,Fleet,Existing,France,Western Europe,2025-01-29
C000676,Enterprise,New,Germany,DACH,2024-05-23
C000677,Small Business,New,Italy,Southern Europe,2024-02-11
C000678,Private,Existing,Austria,DACH,2025-09-21
C000679,Private,New,Germany,DACH,2025-01-20
C000680,Fleet,New,Germany,DACH,2025-02-05
C000681,Enterprise,New,Germany,DACH,2024-02-10
C000682,Fleet,Existing,Germany,DACH,2024-05-26
C000683,Small Business,Existing,Germany,DACH,2024-02-21
C000684,Private,Existing,Austria,DACH,2025-11-16
C000685,Fleet,New,France,Western Europe,2025-06-22
C000686,Small Business,New,Germany,DACH,2025-01-17
C000687,Small Business,Existing,Austria,DACH,2025-04-21
C000688,Small Business,Existing,Netherlands,Benelux,2024-04-25
C000689,Private,New,Spain,Southern Europe,2025-11-22
C000690,Enterprise,Existing,France,Western Europe,2024-12-28
C000691,Fleet,Existing,Germany,DACH,2024-12-27
C000692,Small Business,New,Italy,Southern Europe,2025-11-02
C000693,Fleet,New,Germany,DACH,2024-03-08
C000694,Enterprise,New,Germany,DACH,2024-10-23
C000695,Private,Existing,Italy,Southern Europe,2024-03-02
C000696,Small Business,New,France,Western Europe,2024-10-24
C000697,Small Business,New,Spain,Southern Europe,2024-07-06
C000698,Enterprise,New,France,Western Europe,2024-11-18
C000699,Enterprise,Existing,France,Western Europe,2025-05-06
C000700,Small Business,Existing,Germany,DACH,2024-07-15
C000701,Private,Existing,Germany,DACH,2024-02-05
C000702,Small Business,New,Germany,DACH,2024-04-23
C000703,Small Business,New,Germany,DACH,2025-05-16
C000704,Private,New,Italy,Southern Europe,2025-02-09
C000705,Fleet,New,Germany,DACH,2025-11-16
C000706,Fleet,New,France,Western Europe,2025-09-17
C000707,Enterprise,Existing,Spain,Southern Europe,2024-04-22
C000708,Private,New,Spain,Southern Europe,2025-05-30
C000709,Small Business,New,Austria,DACH,2024-03-04
C000710,Private,New,Austria,DACH,2024-03-08
C000711,Private,Existing,Netherlands,Benelux,2025-07-09
C000712,Private,New,France,Western Europe,2024-10-07
C000713,Enterprise,New,Italy,Southern Europe,2025-11-29
C000714,Private,New,Italy,Southern Europe,2024-01-04
C000715,Small Business,New,Spain,Southern Europe,2024-12-17
C000716,Small Business,New,Germany,DACH,2024-08-03
C000717,Private,New,France,Western Europe,2025-11-20
C000718,Enterprise,Existing,Germany,DACH,2025-04-13
C000719,Small Business,New,France,Western Europe,2025-06-24
C000720,Small Business,New,Netherlands,Benelux,2024-07-22
C000721,Private,New,France,Western Europe,2025-09-18
C000722,Small Business,New,Austria,DACH,2025-08-11
C000723,Small Business,New,Germany,DACH,2025-07-02
C000724,Enterprise,New,Netherlands,Benelux,2024-11-30
C000725,Private,Existing,Germany,DACH,2025-10-07
C000726,Enterprise,Existing,Germany,DACH,2025-04-13
C000727,Private,New,Germany,DACH,2024-02-15
C000728,Fleet,New,Germany,DACH,2025-09-10
C000729,Enterprise,Existing,Austria,DACH,2024-01-15
C000730,Small Business,Existing,France,Western Europe,2025-04-22
C000731,Small Business,New,Germany,DACH,2024-06-23
C000732,Enterprise,New,Germany,DACH,2025-09-20
C000733,Private,New,Germany,DACH,2025-05-25
C000734,Enterprise,Existing,Germany,DACH,2025-07-19
C000735,Small Business,New,Germany,DACH,2025-05-04
C000736,Enterprise,New,Spain,Southern Europe,2025-01-31
C000737,Private,New,Germany,DACH,2025-08-27
C000738,Private,New,Germany,DACH,2024-07-27
C000739,Enterprise,Existing,Germany,DACH,2025-01-04
C000740,Fleet,New,Germany,DACH,2024-07-27
C000741,Private,Existing,Germany,DACH,2024-03-20
C000742,Private,Existing,Germany,DACH,2025-09-04
C000743,Private,New,Italy,Southern Europe,2024-12-13
C000744,Enterprise,Existing,Germany,DACH,2024-02-07
C000745,Private,Existing,France,Western Europe,2025-07-31
C000746,Small Business,New,Austria,DACH,2025-10-21
C000747,Small Business,New,Germany,DACH,2025-04-08
C000748,Enterprise,Existing,Austria,DACH,2024-08-16
C000749,Enterprise,New,Spain,Southern Europe,2025-08-24
C000750,Enterprise,New,Italy,Southern Europe,2025-06-01
C000751,Small Business,New,Germany,DACH,2024-07-18
C000752,Fleet,New,Germany,DACH,2024-08-19
C000753,Private,New,Germany,DACH,2025-11-22
C000754,Private,New,Austria,DACH,2025-10-29
C000755,Small Business,New,Spain,Southern Europe,2025-04-18
C000756,Private,New,Germany,DACH,2024-01-26
C000757,Small Business,Existing,Germany,DACH,2024-06-09
C000758,Fleet,New,Netherlands,Benelux,2024-09-04
C000759,Small Business,Existing,Germany,DACH,2025-01-10
C000760,Small Business,Existing,Austria,DACH,2025-08-30
C000761,Small Business,New,Spain,Southern Europe,2025-08-16
C000762,Enterprise,New,Germany,DACH,2024-07-10
C000763,Private,New,Germany,DACH,2024-03-17
C000764,Enterprise,Existing,Germany,DACH,2024-07-11
C000765,Fleet,New,Italy,Southern Europe,2024-06-13
C000766,Fleet,New,Germany,DACH,2025-09-21
C000767,Fleet,New,Germany,DACH,2024-01-10
C000768,Private,New,Germany,DACH,2025-08-04
C000769,Fleet,Existing,Germany,DACH,2025-04-04
C000770,Private,Existing,France,Western Europe,2024-03-15
C000771,Private,New,Germany,DACH,2025-04-24
C000772,Enterprise,New,France,Western Europe,2025-02-10
C000773,Small Business,New,France,Western Europe,2024-01-03
C000774,Fleet,New,Italy,Southern Europe,2024-06-05
C000775,Small Business,New,Germany,DACH,2024-08-31
C000776,Small Business,New,Italy,Southern Europe,2024-05-30
C000777,Private,Existing,France,Western Europe,2025-02-09
C000778,Fleet,New,Germany,DACH,2025-03-06
C000779,Private,Existing,Spain,Southern Europe,2024-04-28
C000780,Small Business,New,Italy,Southern Europe,2024-03-27
C000781,Enterprise,New,Germany,DACH,2025-04-03
C000782,Enterprise,New,Italy,Southern Europe,2024-11-24
C000783,Fleet,New,Austria,DACH,2024-07-04
C000784,Enterprise,New,France,Western Europe,2024-06-28
C000785,Small Business,Existing,Netherlands,Benelux,2024-01-28
C000786,Private,Existing,Germany,DACH,2025-08-20
C000787,Enterprise,Existing,Italy,Southern Europe,2025-08-12
C000788,Private,New,Germany,DACH,2025-01-23
C000789,Private,New,Spain,Southern Europe,2024-09-01
C000790,Fleet,New,France,Western Europe,2024-05-30
C000791,Private,Existing,Germany,DACH,2024-08-03
C000792,Private,Existing,Germany,DACH,2025-10-10
C000793,Small Business,New,Germany,DACH,2024-03-03
C000794,Small Business,Existing,Germany,DACH,2025-07-30
C000795,Private,New,Germany,DACH,2024-08-01
C000796,Private,New,Germany,DACH,2024-07-04
C000797,Fleet,New,Germany,DACH,2025-07-20
C000798,Enterprise,New,Germany,DACH,2025-11-03
C000799,Private,Existing,Spain,Southern Europe,2025-11-25
C000800,Fleet,Existing,Spain,Southern Europe,2024-07-06
C000801,Fleet,New,Spain,Southern Europe,2025-02-17
C000802,Private,New,Germany,DACH,2024-07-23
C000803,Private,New,Italy,Southern Europe,2024-05-15
C000804,Private,New,France,Western Europe,2024-09-27
C000805,Fleet,New,Germany,DACH,2024-02-13
C000806,Private,New,Germany,DACH,2024-04-25
C000807,Private,New,Spain,Southern Europe,2025-02-20
C000808,Private,New,Germany,DACH,2025-04-25
C000809,Small Business,New,France,Western Europe,2024-07-08
C000810,Private,Existing,Netherlands,Benelux,2025-01-25
C000811,Fleet,New,Germany,DACH,2025-06-19
C000812,Small Business,New,Germany,DACH,2025-09-18
C000813,Private,New,Netherlands,Benelux,2025-02-01
C000814,Private,New,France,Western Europe,2024-06-17
C000815,Fleet,New,Germany,DACH,2025-05-13
C000816,Private,New,Italy,Southern Europe,2024-04-29
C000817,Small Business,Existing,Italy,Southern Europe,2024-04-07
C000818,Small Business,Existing,France,Western Europe,2024-09-08
C000819,Fleet,New,France,Western Europe,2024-08-18
C000820,Fleet,New,Germany,DACH,2024-04-12
C000821,Private,Existing,Germany,DACH,2024-02-06
C000822,Private,New,France,Western Europe,2025-10-24
C000823,Private,New,Germany,DACH,2025-04-19
C000824,Small Business,New,France,Western Europe,2025-05-17
C000825,Fleet,New,Italy,Southern Europe,2024-02-16
C000826,Small Business,New,Germany,DACH,2025-07-11
C000827,Private,New,France,Western Europe,2024-09-12
C000828,Small Business,New,Germany,DACH,2025-06-07
C000829,Fleet,New,Italy,Southern Europe,2024-12-09
C000830,Private,New,Germany,DACH,2024-06-18
C000831,Private,Existing,France,Western Europe,2024-07-02
C000832,Small Business,New,France,Western Europe,2024-04-08
C000833,Fleet,New,Germany,DACH,2025-08-03
C000834,Private,New,France,Western Europe,2024-10-27
C000835,Fleet,New,Spain,Southern Europe,2025-06-30
C000836,Small Business,New,France,Western Europe,2025-08-03
C000837,Enterprise,New,Spain,Southern Europe,2024-04-26
C000838,Fleet,New,Netherlands,Benelux,2024-08-19
C000839,Fleet,New,Germany,DACH,2024-03-27
C000840,Small Business,Existing,France,Western Europe,2024-01-07
C000841,Fleet,Existing,Germany,DACH,2025-11-21
C000842,Fleet,New,Spain,Southern Europe,2025-04-07
C000843,Small Business,New,France,Western Europe,2024-11-12
C000844,Private,Existing,Germany,DACH,2024-05-20
C000845,Fleet,New,Germany,DACH,2025-02-17
C000846,Enterprise,Existing,Italy,Southern Europe,2025-01-14
C000847,Enterprise,New,Germany,DACH,2024-06-05
C000848,Small Business,New,Spain,Southern Europe,2024-01-11
C000849,Small Business,Existing,Germany,DACH,2024-11-24
C000850,Private,New,Netherlands,Benelux,2024-12-22
C000851,Enterprise,New,Germany,DACH,2025-07-12
C000852,Enterprise,New,Germany,DACH,2024-10-02
C000853,Small Business,New,Italy,Southern Europe,2024-03-08
C000854,Small Business,Existing,Italy,Southern Europe,2025-09-08
C000855,Small Business,Existing,Germany,DACH,2024-10-16
C000856,Private,New,Austria,DACH,2025-05-20
C000857,Private,New,Spain,Southern Europe,2024-01-31
C000858,Fleet,New,Italy,Southern Europe,2024-01-26
C000859,Private,New,Germany,DACH,2024-01-17
C000860,Small Business,New,France,Western Europe,2025-07-06
C000861,Private,New,Spain,Southern Europe,2024-06-17
C000862,Small Business,Existing,Spain,Southern Europe,2025-07-07
C000863,Private,New,Spain,Southern Europe,2025-10-23
C000864,Private,New,France,Western Europe,2025-04-09
C000865,Private,New,Germany,DACH,2025-11-21
C000866,Fleet,New,Italy,Southern Europe,2025-10-12
C000867,Private,New,Italy,Southern Europe,2025-05-20
C000868,Private,New,Spain,Southern Europe,2025-07-16
C000869,Small Business,New,Germany,DACH,2025-02-26
C000870,Small Business,Existing,Germany,DACH,2024-06-02
C000871,Private,New,Spain,Southern Europe,2024-03-12
C000872,Small Business,New,Germany,DACH,2024-09-24
C000873,Small Business,Existing,Netherlands,Benelux,2024-11-28
C000874,Small Business,New,Germany,DACH,2024-09-01
C000875,Small Business,Existing,Spain,Southern Europe,2024-03-12
C000876,Fleet,New,Italy,Southern Europe,2024-12-19
C000877,Private,New,Germany,DACH,2024-12-15
C000878,Small Business,New,Germany,DACH,2025-10-29
C000879,Private,New,France,Western Europe,2025-10-30
C000880,Small Business,Existing,France,Western Europe,2025-03-06
C000881,Small Business,New,Germany,DACH,2025-08-18
C000882,Small Business,Existing,France,Western Europe,2024-08-07
C000883,Private,Existing,Netherlands,Benelux,2025-11-09
C000884,Enterprise,Existing,Austria,DACH,2025-10-21
C000885,Fleet,Existing,Germany,DACH,2024-03-28
C000886,Small Business,New,Germany,DACH,2025-05-05
C000887,Small Business,New,Germany,DACH,2024-11-16
C000888,Small Business,Existing,Germany,DACH,2024-07-05
C000889,Private,New,Germany,DACH,2024-10-15
C000890,Small Business,New,Spain,Southern Europe,2025-09-26
C000891,Enterprise,New,Germany,DACH,2025-10-08
C000892,Private,New,Netherlands,Benelux,2024-08-28
C000893,Fleet,Existing,Germany,DACH,2024-11-19
C000894,Private,New,Germany,DACH,2024-12-27
C000895,Small Business,New,Spain,Southern Europe,2025-05-28
C000896,Private,Existing,Italy,Southern Europe,2024-12-01
C000897,Small Business,New,Germany,DACH,2024-10-04
C000898,Private,Existing,Germany,DACH,2025-10-08
C000899,Fleet,New,Germany,DACH,2024-09-17
C000900,Small Business,New,France,Western Europe,2024-07-04
C000901,Private,New,Austria,DACH,2024-08-16
C000902,Small Business,New,Germany,DACH,2024-08-21
C000903,Small Business,New,Germany,DACH,2025-01-23
C000904,Private,New,Austria,DACH,2025-04-07
C000905,Fleet,New,Netherlands,Benelux,2024-04-04
C000906,Enterprise,New,France,Western Europe,2025-09-12
C000907,Private,New,Austria,DACH,2024-06-26
C000908,Private,New,Germany,DACH,2024-03-21
C000909,Small Business,Existing,Germany,DACH,2025-04-12
C000910,Small Business,Existing,Germany,DACH,2024-05-26
C000911,Enterprise,New,Spain,Southern Europe,2025-06-09
C000912,Small Business,New,Italy,Southern Europe,2025-10-25
C000913,Fleet,New,Italy,Southern Europe,2025-04-29
C000914,Small Business,New,Netherlands,Benelux,2025-06-28
C000915,Small Business,Existing,Netherlands,Benelux,2024-12-12
C000916,Private,Existing,Netherlands,Benelux,2024-08-30
C000917,Private,New,Germany,DACH,2025-03-05
C000918,Private,New,Germany,DACH,2024-09-07
C000919,Enterprise,Existing,Germany,DACH,2025-09-05
C000920,Small Business,New,France,Western Europe,2024-11-24
C000921,Fleet,New,Germany,DACH,2024-12-15
C000922,Small Business,New,Italy,Southern Europe,2025-04-16
C000923,Private,New,France,Western Europe,2024-05-12
C000924,Small Business,New,France,Western Europe,2025-01-27
C000925,Private,New,Germany,DACH,2025-06-11
C000926,Small Business,New,Germany,DACH,2025-06-27
C000927,Private,New,Germany,DACH,2024-06-06
C000928,Private,Existing,Italy,Southern Europe,2024-02-07
C000929,Enterprise,Existing,France,Western Europe,2024-05-15
C000930,Small Business,New,Spain,Southern Europe,2025-07-27
C000931,Enterprise,New,Germany,DACH,2024-07-04
C000932,Small Business,Existing,Germany,DACH,2024-02-10
C000933,Small Business,Existing,Germany,DACH,2025-02-22
C000934,Small Business,New,Spain,Southern Europe,2025-09-08
C000935,Small Business,New,Spain,Southern Europe,2024-06-06
C000936,Private,New,Germany,DACH,2024-01-31
C000937,Small Business,Existing,Netherlands,Benelux,2024-04-08
C000938,Fleet,New,Germany,DACH,2024-03-30
C000939,Private,New,Italy,Southern Europe,2024-05-23
C000940,Private,Existing,Germany,DACH,2024-05-06
C000941,Private,New,Germany,DACH,2025-03-21
C000942,Private,Existing,Italy,Southern Europe,2024-06-05
C000943,Small Business,New,Germany,DACH,2025-01-18
C000944,Private,New,Germany,DACH,2024-10-08
C000945,Small Business,Existing,Austria,DACH,2025-04-03
C000946,Small Business,Existing,Germany,DACH,2025-04-03
C000947,Small Business,Existing,Spain,Southern Europe,2025-02-19
C000948,Private,Existing,Italy,Southern Europe,2025-09-16
C000949,Fleet,New,Italy,Southern Europe,2024-05-17
C000950,Private,New,Germany,DACH,2025-01-02
C000951,Fleet,New,France,Western Europe,2024-10-02
C000952,Fleet,Existing,Germany,DACH,2025-01-07
C000953,Fleet,New,Germany,DACH,2024-04-07
C000954,Small Business,Existing,Germany,DACH,2024-08-11
C000955,Fleet,Existing,Netherlands,Benelux,2025-10-20
C000956,Private,Existing,Italy,Southern Europe,2025-07-14
C000957,Fleet,Existing,Spain,Southern Europe,2024-10-25
C000958,Small Business,New,France,Western Europe,2024-03-18
C000959,Private,New,Austria,DACH,2025-03-29
C000960,Small Business,Existing,France,Western Europe,2024-07-29
C000961,Small Business,New,France,Western Europe,2024-08-18
C000962,Small Business,New,Austria,DACH,2024-03-08
C000963,Fleet,Existing,Germany,DACH,2024-07-21
C000964,Small Business,New,Germany,DACH,2024-05-29
C000965,Private,New,Netherlands,Benelux,2024-01-24
C000966,Small Business,New,Austria,DACH,2025-02-14
C000967,Private,New,Netherlands,Benelux,2025-11-09
C000968,Small Business,Existing,Germany,DACH,2024-03-29
C000969,Private,New,France,Western Europe,2024-02-06
C000970,Private,New,Germany,DACH,2024-03-11
C000971,Fleet,New,Germany,DACH,2025-01-17
C000972,Small Business,Existing,Germany,DACH,2025-08-01
C000973,Fleet,Existing,Germany,DACH,2024-08-04
C000974,Enterprise,New,Italy,Southern Europe,2024-03-23
C000975,Enterprise,New,Germany,DACH,2024-03-08
C000976,Small Business,New,France,Western Europe,2025-03-01
C000977,Private,New,Austria,DACH,2024-09-06
C000978,Fleet,New,Germany,DACH,2024-09-03
C000979,Small Business,New,France,Western Europe,2024-06-16
C000980,Private,New,Germany,DACH,2025-09-19
C000981,Fleet,New,Netherlands,Benelux,2024-09-19
C000982,Fleet,New,Italy,Southern Europe,2025-05-10
C000983,Private,New,Spain,Southern Europe,2025-06-03
C000984,Fleet,New,Austria,DACH,2024-02-11
C000985,Private,New,Germany,DACH,2024-06-22
C000986,Fleet,New,Netherlands,Benelux,2025-09-18
C000987,Small Business,New,Germany,DACH,2025-09-09
C000988,Fleet,Existing,Germany,DACH,2024-10-16
C000989,Enterprise,New,Germany,DACH,2024-04-19
C000990,Fleet,Existing,Spain,Southern Europe,2024-07-27
C000991,Small Business,New,France,Western Europe,2025-10-26
C000992,Private,New,Spain,Southern Europe,2025-04-15
C000993,Enterprise,New,Spain,Southern Europe,2024-02-22
C000994,Enterprise,New,Germany,DACH,2025-05-17
C000995,Private,Existing,Netherlands,Benelux,2024-04-12
C000996,Fleet,Existing,Austria,DACH,2024-07-31
C000997,Private,New,France,Western Europe,2024-12-03
C000998,Private,Existing,Germany,DACH,2024-09-03
C000999,Enterprise,New,Netherlands,Benelux,2025-05-03
C001000,Private,Existing,Germany,DACH,2024-04-19
C001001,Fleet,Existing,Germany,DACH,2025-09-05
C001002,Small Business,New,Austria,DACH,2025-02-19
C001003,Private,Existing,Germany,DACH,2024-08-01
C001004,Small Business,Existing,Germany,DACH,2025-10-31
C001005,Small Business,Existing,France,Western Europe,2024-11-30
C001006,Fleet,New,Germany,DACH,2024-10-18
C001007,Private,Existing,Netherlands,Benelux,2024-01-15
C001008,Enterprise,New,Germany,DACH,2025-11-28
C001009,Private,New,Spain,Southern Europe,2025-08-15
C001010,Enterprise,Existing,Austria,DACH,2024-05-03
C001011,Private,New,France,Western Europe,2025-10-25
C001012,Private,Existing,France,Western Europe,2025-07-11
C001013,Small Business,New,Austria,DACH,2024-10-21
C001014,Private,New,Netherlands,Benelux,2025-10-11
C001015,Small Business,Existing,Germany,DACH,2025-01-26
C001016,Small Business,New,Germany,DACH,2025-04-26
C001017,Small Business,New,France,Western Europe,2024-05-08
C001018,Private,New,Italy,Southern Europe,2024-03-17
C001019,Private,New,Germany,DACH,2025-01-04
C001020,Enterprise,New,Austria,DACH,2024-08-16
C001021,Enterprise,New,Italy,Southern Europe,2025-11-18
C001022,Enterprise,Existing,Spain,Southern Europe,2024-02-29
C001023,Small Business,Existing,Netherlands,Benelux,2025-06-17
C001024,Enterprise,Existing,France,Western Europe,2025-02-25
C001025,Private,New,France,Western Europe,2025-09-07
C001026,Enterprise,New,Germany,DACH,2025-11-29
C001027,Small Business,New,Netherlands,Benelux,2025-09-01
C001028,Small Business,Existing,Germany,DACH,2024-09-19
C001029,Enterprise,New,Spain,Southern Europe,2025-05-01
C001030,Small Business,Existing,Germany,DACH,2024-04-24
C001031,Fleet,New,France,Western Europe,2024-12-06
C001032,Fleet,New,Spain,Southern Europe,2024-07-07
C001033,Small Business,Existing,France,Western Europe,2024-06-24
C001034,Small Business,New,Italy,Southern Europe,2025-02-03
C001035,Enterprise,Existing,Germany,DACH,2024-03-29
C001036,Enterprise,Existing,France,Western Europe,2025-02-02
C001037,Enterprise,New,Germany,DACH,2024-10-07
C001038,Small Business,New,Germany,DACH,2024-06-09
C001039,Small Business,New,Austria,DACH,2025-01-28
C001040,Fleet,Existing,Germany,DACH,2025-06-09
C001041,Fleet,Existing,Germany,DACH,2025-03-03
C001042,Small Business,New,France,Western Europe,2024-03-02
C001043,Private,Existing,France,Western Europe,2025-01-28
C001044,Enterprise,New,France,Western Europe,2025-03-12
C001045,Fleet,New,Germany,DACH,2025-04-23
C001046,Fleet,Existing,Germany,DACH,2024-10-24
C001047,Fleet,Existing,Germany,DACH,2024-03-07
C001048,Small Business,New,Spain,Southern Europe,2024-03-30
C001049,Small Business,New,Italy,Southern Europe,2024-08-20
C001050,Fleet,New,Germany,DACH,2025-03-20
C001051,Fleet,New,France,Western Europe,2025-06-01
C001052,Fleet,New,Germany,DACH,2025-04-16
C001053,Private,Existing,Germany,DACH,2024-08-06
C001054,Small Business,New,Germany,DACH,2024-11-04
C001055,Small Business,New,Germany,DACH,2024-02-02
C001056,Small Business,Existing,France,Western Europe,2025-07-12
C001057,Small Business,New,Italy,Southern Europe,2024-09-04
C001058,Private,New,Germany,DACH,2024-12-22
C001059,Private,Existing,France,Western Europe,2024-11-10
C001060,Enterprise,New,Spain,Southern Europe,2024-07-19
C001061,Private,New,Netherlands,Benelux,2024-04-27
C001062,Fleet,New,France,Western Europe,2025-10-29
C001063,Small Business,New,Germany,DACH,2024-03-24
C001064,Fleet,New,France,Western Europe,2025-10-22
C001065,Fleet,New,Germany,DACH,2024-03-20
C001066,Enterprise,New,Netherlands,Benelux,2024-03-07
C001067,Fleet,Existing,Germany,DACH,2025-09-24
C001068,Small Business,New,Spain,Southern Europe,2025-10-24
C001069,Small Business,New,Germany,DACH,2025-09-18
C001070,Small Business,New,Germany,DACH,2025-06-26
C001071,Enterprise,Existing,Italy,Southern Europe,2024-12-10
C001072,Small Business,New,France,Western Europe,2024-03-15
C001073,Small Business,Existing,Austria,DACH,2025-02-18
C001074,Small Business,New,Netherlands,Benelux,2024-12-29
C001075,Private,Existing,Italy,Southern Europe,2025-05-29
C001076,Fleet,New,Germany,DACH,2024-01-25
C001077,Private,New,France,Western Europe,2024-02-24
C001078,Fleet,New,Austria,DACH,2025-02-16
C001079,Small Business,New,France,Western Europe,2025-08-21
C001080,Enterprise,Existing,Germany,DACH,2025-10-15
C001081,Small Business,New,Germany,DACH,2025-02-02
C001082,Small Business,New,Italy,Southern Europe,2024-09-14
C001083,Private,New,Netherlands,Benelux,2024-11-26
C001084,Small Business,New,Italy,Southern Europe,2024-12-22
C001085,Small Business,New,Netherlands,Benelux,2025-03-09
C001086,Private,Existing,Spain,Southern Europe,2024-06-08
C001087,Fleet,Existing,Spain,Southern Europe,2024-09-29
C001088,Small Business,New,Spain,Southern Europe,2025-01-13
C001089,Fleet,Existing,Austria,DACH,2025-08-18
C001090,Private,New,Austria,DACH,2025-07-15
C001091,Small Business,New,Germany,DACH,2025-06-11
C001092,Small Business,New,France,Western Europe,2024-05-30
C001093,Private,New,Germany,DACH,2024-10-11
C001094,Private,New,Germany,DACH,2025-01-22
C001095,Enterprise,New,France,Western Europe,2025-11-08
C001096,Fleet,Existing,Germany,DACH,2024-09-05
C001097,Small Business,New,Germany,DACH,2025-10-04
C001098,Fleet,New,Italy,Southern Europe,2025-06-07
C001099,Private,New,Italy,Southern Europe,2025-03-19
C001100,Small Business,New,Germany,DACH,2025-05-06
C001101,Private,Existing,Germany,DACH,2025-07-09
C001102,Small Business,New,Germany,DACH,2025-05-04
C001103,Private,New,Spain,Southern Europe,2025-04-15
C001104,Private,New,Italy,Southern Europe,2024-09-21
C001105,Fleet,Existing,Germany,DACH,2024-10-26
C001106,Enterprise,New,Spain,Southern Europe,2025-02-23
C001107,Enterprise,Existing,Germany,DACH,2025-08-13
C001108,Small Business,New,Germany,DACH,2025-03-31
C001109,Fleet,New,Netherlands,Benelux,2025-11-22
C001110,Private,New,Germany,DACH,2025-04-21
C001111,Small Business,New,Germany,DACH,2024-10-12
C001112,Fleet,New,Austria,DACH,2025-02-06
C001113,Small Business,New,France,Western Europe,2025-03-12
C001114,Enterprise,New,Netherlands,Benelux,2025-08-29
C001115,Fleet,New,Netherlands,Benelux,2024-06-28
C001116,Private,New,Germany,DACH,2024-06-23
C001117,Fleet,New,Germany,DACH,2024-05-21
C001118,Small Business,New,Spain,Southern Europe,2024-02-09
C001119,Enterprise,New,Germany,DACH,2025-04-17
C001120,Small Business,New,Italy,Southern Europe,2025-11-04
C001121,Small Business,Existing,France,Western Europe,2025-03-05
C001122,Fleet,New,Germany,DACH,2024-02-12
C001123,Private,New,Italy,Southern Europe,2024-09-12
C001124,Fleet,New,Germany,DACH,2025-09-24
C001125,Small Business,Existing,Austria,DACH,2024-02-06
C001126,Small Business,New,France,Western Europe,2025-03-04
C001127,Small Business,New,France,Western Europe,2024-11-04
C001128,Small Business,New,Spain,Southern Europe,2025-10-05
C001129,Fleet,New,France,Western Europe,2024-12-25
C001130,Small Business,Existing,Netherlands,Benelux,2025-01-30
C001131,Small Business,New,Netherlands,Benelux,2025-05-20
C001132,Private,New,France,Western Europe,2025-07-28
C001133,Private,New,Germany,DACH,2024-12-26
C001134,Small Business,Existing,Spain,Southern Europe,2025-05-19
C001135,Fleet,Existing,Netherlands,Benelux,2025-07-17
C001136,Small Business,Existing,Germany,DACH,2025-01-02
C001137,Enterprise,Existing,Austria,DACH,2025-05-16
C001138,Small Business,Existing,Austria,DACH,2024-09-11
C001139,Small Business,New,Germany,DACH,2024-09-05
C001140,Fleet,New,France,Western Europe,2024-01-03
C001141,Small Business,New,Germany,DACH,2025-04-13
C001142,Small Business,New,Spain,Southern Europe,2024-06-24
C001143,Small Business,New,Italy,Southern Europe,2025-07-23
C001144,Private,New,Italy,Southern Europe,2025-10-28
C001145,Private,New,Germany,DACH,2025-09-05
C001146,Private,New,Germany,DACH,2024-07-11
C001147,Private,New,Spain,Southern Europe,2025-04-01
C001148,Fleet,New,Italy,Southern Europe,2025-06-10
C001149,Enterprise,New,Austria,DACH,2024-12-20
C001150,Private,New,Italy,Southern Europe,2024-12-21
C001151,Private,New,Germany,DACH,2024-11-02
C001152,Private,New,Italy,Southern Europe,2024-08-03
C001153,Fleet,New,Germany,DACH,2025-02-05
C001154,Small Business,Existing,Germany,DACH,2025-11-24
C001155,Fleet,New,France,Western Europe,2024-06-02
C001156,Small Business,New,Germany,DACH,2024-02-02
C001157,Fleet,Existing,Germany,DACH,2024-02-09
C001158,Small Business,Existing,Germany,DACH,2025-02-11
C001159,Small Business,New,Austria,DACH,2024-07-07
C001160,Enterprise,New,Spain,Southern Europe,2024-11-19
C001161,Private,New,Germany,DACH,2025-10-27
C001162,Private,New,France,Western Europe,2024-02-23
C001163,Fleet,New,Italy,Southern Europe,2024-05-02
C001164,Private,Existing,Germany,DACH,2024-05-29
C001165,Enterprise,Existing,Germany,DACH,2024-11-15
C001166,Private,New,Italy,Southern Europe,2025-04-30
C001167,Private,New,Italy,Southern Europe,2024-05-08
C001168,Fleet,Existing,France,Western Europe,2024-03-16
C001169,Fleet,Existing,Italy,Southern Europe,2024-03-01
C001170,Private,Existing,Germany,DACH,2025-07-14
C001171,Enterprise,New,Germany,DACH,2024-01-21
C001172,Fleet,New,Spain,Southern Europe,2025-03-13
C001173,Fleet,Existing,Germany,DACH,2025-02-08
C001174,Fleet,Existing,Spain,Southern Europe,2024-03-11
C001175,Fleet,New,France,Western Europe,2025-01-21
C001176,Enterprise,New,Spain,Southern Europe,2024-07-19
C001177,Private,New,Austria,DACH,2024-12-26
C001178,Fleet,New,Germany,DACH,2024-04-06
C001179,Fleet,Existing,Germany,DACH,2025-04-12
C001180,Fleet,New,Germany,DACH,2025-07-12
C001181,Small Business,New,Spain,Southern Europe,2024-01-03
C001182,Fleet,New,Germany,DACH,2025-01-08
C001183,Private,New,Germany,DACH,2025-03-29
C001184,Private,Existing,Germany,DACH,2024-01-02
C001185,Small Business,New,Germany,DACH,2025-05-21
C001186,Private,New,Italy,Southern Europe,2025-01-15
C001187,Private,Existing,Germany,DACH,2024-08-02
C001188,Small Business,New,Netherlands,Benelux,2024-12-03
C001189,Private,New,Germany,DACH,2025-04-22
C001190,Private,New,France,Western Europe,2025-03-26
C001191,Private,New,Austria,DACH,2025-06-27
C001192,Small Business,New,Germany,DACH,2024-01-25
C001193,Small Business,New,Italy,Southern Europe,2025-07-05
C001194,Fleet,New,Netherlands,Benelux,2024-01-25
C001195,Small Business,New,Italy,Southern Europe,2025-03-31
C001196,Fleet,New,Germany,DACH,2024-09-01
C001197,Private,New,Germany,DACH,2024-02-14
C001198,Small Business,New,France,Western Europe,2025-04-26
C001199,Fleet,New,Germany,DACH,2025-01-21
C001200,Enterprise,New,Spain,Southern Europe,2025-04-11
C001201,Fleet,Existing,France,Western Europe,2024-09-20
C001202,Fleet,New,France,Western Europe,2024-07-13
C001203,Private,New,Italy,Southern Europe,2025-03-13
C001204,Small Business,New,Spain,Southern Europe,2024-05-31
C001205,Small Business,New,Germany,DACH,2025-07-22
C001206,Private,New,Germany,DACH,2025-04-23
C001207,Fleet,New,France,Western Europe,2025-11-30
C001208,Small Business,New,Austria,DACH,2024-01-19
C001209,Small Business,Existing,Germany,DACH,2025-02-13
C001210,Private,New,Germany,DACH,2025-01-24
C001211,Small Business,New,Spain,Southern Europe,2025-08-23
C001212,Private,Existing,Italy,Southern Europe,2024-10-23
C001213,Fleet,New,France,Western Europe,2025-10-17
C001214,Private,New,Germany,DACH,2024-06-16
C001215,Small Business,New,Germany,DACH,2025-08-20
C001216,Small Business,New,France,Western Europe,2024-12-30
C001217,Fleet,Existing,Germany,DACH,2025-10-22
C001218,Private,New,France,Western Europe,2024-06-01
C001219,Small Business,New,France,Western Europe,2024-07-01
C001220,Fleet,Existing,Germany,DACH,2025-01-30
C001221,Fleet,New,Germany,DACH,2025-01-21
C001222,Small Business,New,Germany,DACH,2024-04-14
C001223,Private,New,Italy,Southern Europe,2025-03-31
C001224,Small Business,New,France,Western Europe,2024-10-10
C001225,Fleet,New,Germany,DACH,2024-04-15
C001226,Small Business,New,Italy,Southern Europe,2024-12-23
C001227,Fleet,New,Austria,DACH,2025-05-03
C001228,Small Business,New,Austria,DACH,2024-01-23
C001229,Fleet,New,Netherlands,Benelux,2025-10-06
C001230,Fleet,Existing,Germany,DACH,2025-03-03
C001231,Enterprise,New,Germany,DACH,2024-07-01
C001232,Fleet,Existing,France,Western Europe,2025-06-09
C001233,Private,New,Germany,DACH,2025-08-13
C001234,Small Business,Existing,France,Western Europe,2025-10-31
C001235,Fleet,Existing,Germany,DACH,2025-07-07
C001236,Small Business,New,Germany,DACH,2024-05-22
C001237,Fleet,New,Germany,DACH,2024-04-24
C001238,Private,Existing,Austria,DACH,2024-05-26
C001239,Private,Existing,Germany,DACH,2025-09-04
C001240,Private,New,Germany,DACH,2024-08-01
C001241,Private,Existing,Italy,Southern Europe,2024-08-19
C001242,Small Business,New,Germany,DACH,2025-09-15
C001243,Small Business,New,Germany,DACH,2024-05-22
C001244,Private,New,Germany,DACH,2024-10-11
C001245,Small Business,Existing,Germany,DACH,2024-07-26
C001246,Small Business,New,Germany,DACH,2024-07-30
C001247,Enterprise,New,France,Western Europe,2025-02-20
C001248,Enterprise,New,Germany,DACH,2025-06-02
C001249,Private,New,Italy,Southern Europe,2024-07-04
C001250,Fleet,New,Netherlands,Benelux,2024-01-27
C001251,Private,New,Germany,DACH,2025-03-23
C001252,Small Business,Existing,Germany,DACH,2025-01-19
C001253,Fleet,New,Germany,DACH,2025-04-06
C001254,Fleet,New,France,Western Europe,2024-11-11
C001255,Enterprise,New,Germany,DACH,2025-06-27
C001256,Enterprise,New,Italy,Southern Europe,2025-03-13
C001257,Private,New,Spain,Southern Europe,2025-06-14
C001258,Small Business,New,Italy,Southern Europe,2025-05-26
C001259,Fleet,New,France,Western Europe,2024-12-13
C001260,Small Business,New,Netherlands,Benelux,2024-08-15
C001261,Enterprise,New,Germany,DACH,2025-02-11
C001262,Small Business,Existing,Germany,DACH,2025-03-21
C001263,Small Business,New,Germany,DACH,2025-02-04
C001264,Private,New,Netherlands,Benelux,2025-01-02
C001265,Fleet,New,France,Western Europe,2024-08-28
C001266,Private,New,Italy,Southern Europe,2024-04-03
C001267,Small Business,New,Germany,DACH,2024-10-26
C001268,Private,New,Netherlands,Benelux,2025-09-09
C001269,Small Business,New,Austria,DACH,2025-05-16
C001270,Small Business,New,Austria,DACH,2025-06-12
C001271,Fleet,New,Netherlands,Benelux,2025-05-30
C001272,Small Business,New,Germany,DACH,2025-10-07
C001273,Private,Existing,Germany,DACH,2024-06-07
C001274,Small Business,New,France,Western Europe,2025-05-19
C001275,Small Business,New,Germany,DACH,2024-02-18
C001276,Private,New,Germany,DACH,2024-06-20
C001277,Small Business,New,Germany,DACH,2024-01-21
C001278,Private,New,Germany,DACH,2024-10-28
C001279,Private,New,Italy,Southern Europe,2024-04-08
C001280,Small Business,New,France,Western Europe,2024-09-27
C001281,Private,New,Germany,DACH,2024-04-04
C001282,Small Business,New,Germany,DACH,2024-01-26
C001283,Fleet,New,Austria,DACH,2024-11-30
C001284,Small Business,New,France,Western Europe,2024-10-14
C001285,Private,Existing,Netherlands,Benelux,2024-10-18
C001286,Private,New,Netherlands,Benelux,2024-08-29
C001287,Fleet,Existing,Germany,DACH,2024-10-13
C001288,Enterprise,Existing,Germany,DACH,2024-01-03
C001289,Fleet,New,Austria,DACH,2024-11-30
C001290,Enterprise,New,France,Western Europe,2025-08-15
C001291,Private,Existing,Austria,DACH,2024-04-07
C001292,Enterprise,New,France,Western Europe,2024-04-10
C001293,Enterprise,New,France,Western Europe,2025-06-30
C001294,Enterprise,New,Germany,DACH,2024-12-16
C001295,Small Business,New,Germany,DACH,2024-06-29
C001296,Private,Existing,Germany,DACH,2025-07-03
C001297,Private,Existing,Germany,DACH,2024-08-15
C001298,Private,Existing,Germany,DACH,2025-02-27
C001299,Small Business,Existing,Spain,Southern Europe,2025-01-24
C001300,Enterprise,New,Germany,DACH,2024-04-28
C001301,Small Business,New,Germany,DACH,2025-06-12
C001302,Fleet,Existing,France,Western Europe,2025-03-08
C001303,Fleet,Existing,Spain,Southern Europe,2024-05-25
C001304,Small Business,Existing,Germany,DACH,2025-06-14
C001305,Private,Existing,Italy,Southern Europe,2025-03-10
C001306,Small Business,New,Netherlands,Benelux,2025-08-21
C001307,Private,New,France,Western Europe,2025-07-28
C001308,Private,Existing,France,Western Europe,2024-08-11
C001309,Fleet,New,Germany,DACH,2025-10-17
C001310,Private,New,Netherlands,Benelux,2024-01-24
C001311,Small Business,New,Germany,DACH,2024-08-21
C001312,Private,New,Netherlands,Benelux,2025-03-01
C001313,Enterprise,New,France,Western Europe,2025-01-09
C001314,Small Business,New,Germany,DACH,2024-06-07
C001315,Private,New,Germany,DACH,2024-05-19
C001316,Fleet,New,Spain,Southern Europe,2025-06-30
C001317,Fleet,New,France,Western Europe,2025-09-05
C001318,Private,New,Germany,DACH,2025-04-20
C001319,Fleet,New,Spain,Southern Europe,2025-01-06
C001320,Private,New,Italy,Southern Europe,2025-06-25
C001321,Small Business,New,Austria,DACH,2024-06-17
C001322,Fleet,New,Austria,DACH,2025-11-08
C001323,Enterprise,New,Germany,DACH,2024-03-28
C001324,Small Business,Existing,Spain,Southern Europe,2025-02-13
C001325,Private,New,Germany,DACH,2024-08-26
C001326,Small Business,New,Italy,Southern Europe,2025-09-25
C001327,Private,New,Germany,DACH,2024-06-20
C001328,Private,New,France,Western Europe,2025-03-25
C001329,Fleet,Existing,Germany,DACH,2024-04-19
C001330,Small Business,Existing,Germany,DACH,2024-05-07
C001331,Fleet,New,Spain,Southern Europe,2024-10-18
C001332,Enterprise,Existing,Austria,DACH,2025-07-13
C001333,Fleet,New,France,Western Europe,2024-07-13
C001334,Fleet,New,Netherlands,Benelux,2025-04-30
C001335,Private,New,Netherlands,Benelux,2025-02-03
C001336,Fleet,New,Italy,Southern Europe,2025-11-15
C001337,Fleet,New,Germany,DACH,2024-07-29
C001338,Fleet,New,France,Western Europe,2024-06-19
C001339,Small Business,New,Italy,Southern Europe,2025-09-23
C001340,Private,New,Germany,DACH,2024-08-21
C001341,Enterprise,New,Germany,DACH,2024-05-30
C001342,Enterprise,New,Italy,Southern Europe,2025-07-29
C001343,Enterprise,New,Austria,DACH,2025-07-22
C001344,Fleet,New,France,Western Europe,2024-02-14
C001345,Small Business,New,Netherlands,Benelux,2025-08-22
C001346,Private,New,France,Western Europe,2025-03-19
C001347,Enterprise,Existing,Austria,DACH,2024-07-14
C001348,Private,New,Germany,DACH,2025-01-09
C001349,Fleet,New,Germany,DACH,2024-06-16
C001350,Private,Existing,Germany,DACH,2024-04-28
C001351,Private,New,Spain,Southern Europe,2024-04-02
C001352,Enterprise,New,Italy,Southern Europe,2024-04-25
C001353,Private,New,Germany,DACH,2025-02-11
C001354,Fleet,New,Germany,DACH,2025-07-21
C001355,Small Business,New,Italy,Southern Europe,2024-12-06
C001356,Fleet,New,Germany,DACH,2024-01-11
C001357,Fleet,New,France,Western Europe,2024-10-27
C001358,Enterprise,Existing,Austria,DACH,2025-06-06
C001359,Fleet,New,Spain,Southern Europe,2025-08-07
C001360,Fleet,New,Germany,DACH,2025-05-27
C001361,Fleet,Existing,France,Western Europe,2024-09-15
C001362,Private,New,Germany,DACH,2025-03-30
C001363,Fleet,Existing,France,Western Europe,2024-02-17
C001364,Small Business,New,Germany,DACH,2024-10-13
C001365,Enterprise,New,Austria,DACH,2025-01-10
C001366,Fleet,Existing,France,Western Europe,2024-01-20
C001367,Fleet,New,Germany,DACH,2024-01-11
C001368,Small Business,Existing,Germany,DACH,2025-07-15
C001369,Private,New,Germany,DACH,2024-06-03
C001370,Private,Existing,Germany,DACH,2024-03-28
C001371,Enterprise,New,Germany,DACH,2025-02-18
C001372,Small Business,New,Netherlands,Benelux,2024-07-15
C001373,Enterprise,New,Germany,DACH,2025-11-16
C001374,Private,Existing,Italy,Southern Europe,2025-10-24
C001375,Small Business,New,Netherlands,Benelux,2025-07-30
C001376,Small Business,New,Germany,DACH,2024-07-30
C001377,Small Business,Existing,France,Western Europe,2025-09-04
C001378,Enterprise,New,Italy,Southern Europe,2024-06-27
C001379,Small Business,New,France,Western Europe,2024-06-16
C001380,Fleet,New,Austria,DACH,2025-11-12
C001381,Private,New,Austria,DACH,2025-04-16
C001382,Enterprise,New,Germany,DACH,2024-03-01
C001383,Private,New,France,Western Europe,2025-09-12
C001384,Private,New,Netherlands,Benelux,2024-04-22
C001385,Small Business,New,Netherlands,Benelux,2025-04-21
C001386,Enterprise,New,Germany,DACH,2024-11-02
C001387,Small Business,New,Spain,Southern Europe,2024-01-13
C001388,Small Business,New,Germany,DACH,2025-07-05
C001389,Enterprise,New,Italy,Southern Europe,2025-04-25
C001390,Small Business,New,Germany,DACH,2025-09-11
C001391,Small Business,New,Netherlands,Benelux,2025-03-04
C001392,Private,New,Italy,Southern Europe,2025-06-12
C001393,Small Business,New,Germany,DACH,2025-09-26
C001394,Small Business,New,Germany,DACH,2025-11-14
C001395,Private,Existing,Italy,Southern Europe,2025-01-27
C001396,Private,New,Germany,DACH,2024-01-12
C001397,Private,Existing,France,Western Europe,2024-08-30
C001398,Small Business,New,Italy,Southern Europe,2025-03-09
C001399,Private,New,France,Western Europe,2024-03-17
C001400,Private,Existing,Germany,DACH,2024-03-22
C001401,Small Business,Existing,Austria,DACH,2024-10-03
C001402,Small Business,New,Germany,DACH,2025-09-29
C001403,Small Business,New,Netherlands,Benelux,2024-08-13
C001404,Fleet,New,Germany,DACH,2025-10-16
C001405,Small Business,New,Germany,DACH,2025-07-16
C001406,Private,New,Germany,DACH,2024-07-31
C001407,Enterprise,New,Netherlands,Benelux,2024-06-10
C001408,Small Business,New,Germany,DACH,2025-08-02
C001409,Private,New,Italy,Southern Europe,2025-06-13
C001410,Small Business,New,Spain,Southern Europe,2025-03-17
C001411,Small Business,New,Italy,Southern Europe,2025-11-15
C001412,Private,New,Netherlands,Benelux,2024-03-11
C001413,Fleet,Existing,Italy,Southern Europe,2024-09-27
C001414,Enterprise,New,Netherlands,Benelux,2025-02-25
C001415,Fleet,Existing,Germany,DACH,2024-02-20
C001416,Small Business,Existing,Spain,Southern Europe,2025-11-14
C001417,Fleet,Existing,France,Western Europe,2025-02-04
C001418,Small Business,New,France,Western Europe,2024-08-03
C001419,Enterprise,Existing,Italy,Southern Europe,2024-06-16
C001420,Private,Existing,Netherlands,Benelux,2024-01-01
C001421,Fleet,Existing,Spain,Southern Europe,2025-02-18
C001422,Fleet,New,Austria,DACH,2025-11-14
C001423,Private,New,Austria,DACH,2024-01-26
C001424,Private,New,Germany,DACH,2024-10-16
C001425,Small Business,New,Germany,DACH,2025-04-08
C001426,Small Business,New,Germany,DACH,2024-10-28
C001427,Small Business,Existing,Germany,DACH,2025-03-31
C001428,Fleet,New,Germany,DACH,2025-05-13
C001429,Fleet,New,Spain,Southern Europe,2025-11-06
C001430,Small Business,Existing,Austria,DACH,2025-02-27
C001431,Fleet,New,Netherlands,Benelux,2025-05-11
C001432,Fleet,New,France,Western Europe,2024-07-30
C001433,Small Business,Existing,Germany,DACH,2024-04-15
C001434,Enterprise,Existing,Germany,DACH,2024-03-10
C001435,Private,New,Germany,DACH,2024-03-17
C001436,Fleet,New,Netherlands,Benelux,2025-08-02
C001437,Fleet,New,Germany,DACH,2024-01-29
C001438,Small Business,New,France,Western Europe,2024-12-04
C001439,Enterprise,Existing,Netherlands,Benelux,2025-03-05
C001440,Private,Existing,Netherlands,Benelux,2025-04-15
C001441,Fleet,New,Germany,DACH,2024-02-16
C001442,Enterprise,New,Germany,DACH,2025-08-25
C001443,Private,New,Germany,DACH,2024-11-02
C001444,Private,New,Germany,DACH,2024-01-13
C001445,Small Business,New,Germany,DACH,2024-04-02
C001446,Small Business,New,France,Western Europe,2025-08-24
C001447,Private,Existing,Italy,Southern Europe,2025-10-22
C001448,Fleet,New,France,Western Europe,2025-06-10
C001449,Private,New,France,Western Europe,2024-08-21
C001450,Private,New,Germany,DACH,2025-10-24
C001451,Small Business,Existing,Italy,Southern Europe,2024-07-12
C001452,Small Business,Existing,France,Western Europe,2024-06-12
C001453,Fleet,New,Italy,Southern Europe,2025-06-19
C001454,Small Business,New,Netherlands,Benelux,2024-08-13
C001455,Private,Existing,Germany,DACH,2024-12-29
C001456,Private,New,Germany,DACH,2025-04-08
C001457,Fleet,New,Germany,DACH,2024-04-26
C001458,Private,New,Austria,DACH,2025-10-10
C001459,Fleet,Existing,Netherlands,Benelux,2024-04-26
C001460,Private,New,Germany,DACH,2025-11-25
C001461,Small Business,New,Spain,Southern Europe,2024-07-13
C001462,Private,New,France,Western Europe,2024-10-18
C001463,Private,New,Germany,DACH,2024-06-26
C001464,Small Business,New,Germany,DACH,2025-01-12
C001465,Private,Existing,France,Western Europe,2024-01-01
C001466,Enterprise,Existing,France,Western Europe,2024-04-29
C001467,Small Business,New,Austria,DACH,2024-12-29
C001468,Private,New,Germany,DACH,2025-04-30
C001469,Enterprise,Existing,Spain,Southern Europe,2025-11-04
C001470,Enterprise,Existing,Germany,DACH,2025-08-09
C001471,Fleet,New,Netherlands,Benelux,2025-10-07
C001472,Private,New,Germany,DACH,2025-07-13
C001473,Enterprise,New,Germany,DACH,2025-06-27
C001474,Private,New,Austria,DACH,2024-08-30
C001475,Small Business,New,France,Western Europe,2025-09-25
C001476,Small Business,New,France,Western Europe,2025-11-05
C001477,Private,New,Austria,DACH,2024-12-25
C001478,Fleet,Existing,Netherlands,Benelux,2024-03-25
C001479,Small Business,Existing,Austria,DACH,2024-01-30
C001480,Fleet,Existing,Austria,DACH,2024-12-11
C001481,Private,New,Austria,DACH,2025-03-20
C001482,Fleet,New,Germany,DACH,2025-01-23
C001483,Enterprise,New,France,Western Europe,2025-09-19
C001484,Private,New,Germany,DACH,2025-01-10
C001485,Enterprise,New,France,Western Europe,2025-04-07
C001486,Enterprise,New,Germany,DACH,2025-06-14
C001487,Small Business,Existing,Netherlands,Benelux,2025-09-18
C001488,Private,Existing,Austria,DACH,2025-03-02
C001489,Small Business,New,Italy,Southern Europe,2025-01-25
C001490,Enterprise,Existing,Austria,DACH,2024-02-23
C001491,Small Business,New,Germany,DACH,2025-03-25
C001492,Private,New,Italy,Southern Europe,2024-05-05
C001493,Private,New,France,Western Europe,2024-09-15
C001494,Small Business,New,Spain,Southern Europe,2025-01-07
C001495,Private,New,Austria,DACH,2024-02-27
C001496,Small Business,New,France,Western Europe,2025-05-01
C001497,Fleet,New,Italy,Southern Europe,2024-07-15
C001498,Fleet,Existing,France,Western Europe,2024-12-25
C001499,Fleet,New,Germany,DACH,2024-09-02
C001500,Private,New,France,Western Europe,2024-09-05
C001501,Enterprise,New,France,Western Europe,2024-10-02
C001502,Fleet,New,Netherlands,Benelux,2024-02-05
C001503,Private,New,Germany,DACH,2024-05-16
C001504,Enterprise,New,Austria,DACH,2025-07-04
C001505,Private,Existing,Italy,Southern Europe,2024-03-26
C001506,Small Business,New,France,Western Europe,2024-12-14
C001507,Enterprise,New,Spain,Southern Europe,2024-04-08
C001508,Small Business,New,Austria,DACH,2025-01-12
C001509,Private,Existing,Germany,DACH,2025-03-26
C001510,Private,New,Spain,Southern Europe,2024-11-24
C001511,Private,New,Germany,DACH,2025-06-24
C001512,Small Business,Existing,Germany,DACH,2024-07-04
C001513,Small Business,New,France,Western Europe,2025-01-25
C001514,Private,New,Spain,Southern Europe,2024-07-12
C001515,Small Business,New,Italy,Southern Europe,2024-12-22
C001516,Fleet,New,Germany,DACH,2024-02-14
C001517,Private,Existing,Germany,DACH,2024-07-07
C001518,Private,New,Netherlands,Benelux,2025-05-10
C001519,Small Business,New,Germany,DACH,2025-06-28
C001520,Small Business,New,Germany,DACH,2024-07-09
C001521,Enterprise,New,Germany,DACH,2024-06-29
C001522,Fleet,New,France,Western Europe,2024-07-27
C001523,Small Business,Existing,Italy,Southern Europe,2024-07-14
C001524,Small Business,New,Spain,Southern Europe,2025-11-26
C001525,Fleet,Existing,Spain,Southern Europe,2025-03-31
C001526,Enterprise,Existing,Germany,DACH,2024-09-27
C001527,Small Business,New,Germany,DACH,2024-11-19
C001528,Small Business,Existing,Austria,DACH,2024-12-23
C001529,Fleet,Existing,Germany,DACH,2025-01-22
C001530,Small Business,New,Germany,DACH,2024-09-27
C001531,Small Business,New,Germany,DACH,2025-11-13
C001532,Enterprise,New,Germany,DACH,2024-07-22
C001533,Private,New,France,Western Europe,2024-10-26
C001534,Small Business,Existing,Spain,Southern Europe,2024-01-05
C001535,Fleet,New,Germany,DACH,2024-12-10
C001536,Small Business,New,Austria,DACH,2025-08-21
C001537,Small Business,New,Spain,Southern Europe,2025-11-29
C001538,Private,New,Spain,Southern Europe,2024-11-27
C001539,Fleet,Existing,Italy,Southern Europe,2024-04-07
C001540,Private,Existing,Austria,DACH,2025-05-18
C001541,Enterprise,Existing,Italy,Southern Europe,2025-03-24
C001542,Small Business,New,Germany,DACH,2025-11-02
C001543,Enterprise,New,Germany,DACH,2024-12-19
C001544,Fleet,Existing,Germany,DACH,2024-01-02
C001545,Small Business,New,Austria,DACH,2025-09-22
C001546,Private,New,Germany,DACH,2025-04-17
C001547,Small Business,New,Germany,DACH,2025-07-14
C001548,Private,New,Spain,Southern Europe,2024-03-24
C001549,Private,New,Germany,DACH,2024-11-16
C001550,Small Business,New,Germany,DACH,2024-11-16
C001551,Enterprise,New,Germany,DACH,2024-07-06
C001552,Small Business,Existing,Austria,DACH,2025-08-15
C001553,Private,New,Germany,DACH,2024-05-11
C001554,Small Business,New,Germany,DACH,2024-02-20
C001555,Small Business,New,Germany,DACH,2024-06-13
C001556,Fleet,New,Spain,Southern Europe,2025-11-23
C001557,Enterprise,New,Netherlands,Benelux,2024-03-20
C001558,Small Business,Existing,Austria,DACH,2025-02-10
C001559,Enterprise,New,France,Western Europe,2024-05-08
C001560,Small Business,New,Italy,Southern Europe,2024-10-03
C001561,Fleet,Existing,Netherlands,Benelux,2025-01-21
C001562,Fleet,New,France,Western Europe,2024-01-14
C001563,Small Business,New,Italy,Southern Europe,2024-06-17
C001564,Enterprise,New,Italy,Southern Europe,2025-02-14
C001565,Fleet,New,Spain,Southern Europe,2024-01-11
C001566,Private,New,Austria,DACH,2024-12-12
C001567,Private,New,Germany,DACH,2025-02-26
C001568,Fleet,Existing,Germany,DACH,2024-05-30
C001569,Private,New,Austria,DACH,2024-04-23
C001570,Enterprise,New,Austria,DACH,2024-12-09
C001571,Private,Existing,Germany,DACH,2025-05-18
C001572,Fleet,Existing,France,Western Europe,2024-01-09
C001573,Private,New,France,Western Europe,2024-08-24
C001574,Private,Existing,Italy,Southern Europe,2025-11-30
C001575,Fleet,Existing,Germany,DACH,2024-08-22
C001576,Private,New,Germany,DACH,2024-08-20
C001577,Fleet,New,Spain,Southern Europe,2025-05-31
C001578,Private,New,Italy,Southern Europe,2024-12-02
C001579,Enterprise,New,Netherlands,Benelux,2024-09-30
C001580,Enterprise,New,Italy,Southern Europe,2025-07-03
C001581,Private,New,Italy,Southern Europe,2024-01-22
C001582,Private,Existing,Germany,DACH,2025-05-13
C001583,Private,New,Germany,DACH,2024-09-23
C001584,Small Business,New,Germany,DACH,2025-09-13
C001585,Fleet,Existing,France,Western Europe,2025-05-22
C001586,Small Business,Existing,Netherlands,Benelux,2025-10-20
C001587,Small Business,Existing,Germany,DACH,2024-03-31
C001588,Enterprise,New,France,Western Europe,2024-05-12
C001589,Enterprise,New,Germany,DACH,2025-09-24
C001590,Fleet,New,Germany,DACH,2024-09-30
C001591,Small Business,New,Germany,DACH,2025-07-24
C001592,Private,New,Germany,DACH,2025-04-25
C001593,Fleet,Existing,Netherlands,Benelux,2024-12-15
C001594,Private,New,Germany,DACH,2024-02-01
C001595,Enterprise,New,Italy,Southern Europe,2024-02-21
C001596,Fleet,New,Spain,Southern Europe,2025-05-16
C001597,Small Business,New,Germany,DACH,2024-03-09
C001598,Small Business,New,Germany,DACH,2024-01-04
C001599,Small Business,New,Italy,Southern Europe,2024-06-02
C001600,Fleet,New,Germany,DACH,2025-10-01
C001601,Small Business,Existing,Italy,Southern Europe,2025-03-14
C001602,Small Business,New,Germany,DACH,2025-05-17
C001603,Small Business,New,France,Western Europe,2025-04-01
C001604,Small Business,Existing,Italy,Southern Europe,2025-01-30
C001605,Private,New,Germany,DACH,2024-06-28
C001606,Small Business,New,Germany,DACH,2024-10-27
C001607,Enterprise,New,Netherlands,Benelux,2025-01-16
C001608,Small Business,New,Germany,DACH,2025-11-22
C001609,Small Business,New,Austria,DACH,2025-09-21
C001610,Small Business,New,Austria,DACH,2025-05-30
C001611,Private,New,Germany,DACH,2025-07-23
C001612,Small Business,New,Spain,Southern Europe,2025-07-19
C001613,Fleet,New,Spain,Southern Europe,2025-04-12
C001614,Small Business,Existing,Germany,DACH,2025-07-31
C001615,Enterprise,Existing,Italy,Southern Europe,2024-02-21
C001616,Small Business,New,Germany,DACH,2024-01-16
C001617,Fleet,New,Germany,DACH,2024-11-06
C001618,Enterprise,New,France,Western Europe,2024-02-08
C001619,Small Business,New,Netherlands,Benelux,2024-08-25
C001620,Small Business,New,Germany,DACH,2024-05-18
C001621,Private,Existing,Germany,DACH,2025-11-01
C001622,Small Business,New,France,Western Europe,2025-04-03
C001623,Small Business,New,Italy,Southern Europe,2024-01-30
C001624,Fleet,New,Germany,DACH,2025-03-12
C001625,Small Business,Existing,Germany,DACH,2025-05-27
C001626,Enterprise,New,Spain,Southern Europe,2024-08-15
C001627,Private,New,Germany,DACH,2025-09-09
C001628,Private,Existing,Germany,DACH,2025-11-12
C001629,Small Business,New,Germany,DACH,2025-11-17
C001630,Private,New,Germany,DACH,2024-03-06
C001631,Private,New,Austria,DACH,2024-11-10
C001632,Small Business,New,Italy,Southern Europe,2025-06-27
C001633,Enterprise,New,France,Western Europe,2024-11-05
C001634,Private,New,Spain,Southern Europe,2024-12-02
C001635,Private,New,Netherlands,Benelux,2024-08-17
C001636,Small Business,New,Germany,DACH,2024-10-20
C001637,Small Business,Existing,Germany,DACH,2025-05-01
C001638,Private,New,Netherlands,Benelux,2024-01-18
C001639,Private,Existing,Germany,DACH,2025-07-13
C001640,Fleet,Existing,Spain,Southern Europe,2025-05-24
C001641,Small Business,Existing,Spain,Southern Europe,2024-04-07
C001642,Private,New,Germany,DACH,2025-06-24
C001643,Small Business,New,Austria,DACH,2024-12-30
C001644,Fleet,New,Germany,DACH,2024-08-11
C001645,Private,New,Germany,DACH,2024-11-14
C001646,Small Business,New,Austria,DACH,2024-12-27
C001647,Small Business,New,Germany,DACH,2024-05-27
C001648,Small Business,New,Spain,Southern Europe,2025-02-28
C001649,Enterprise,New,Italy,Southern Europe,2025-03-16
C001650,Small Business,Existing,Italy,Southern Europe,2024-09-14
C001651,Private,New,Germany,DACH,2024-11-18
C001652,Enterprise,New,Germany,DACH,2025-03-06
C001653,Private,New,Germany,DACH,2024-12-18
C001654,Fleet,New,Germany,DACH,2024-10-30
C001655,Fleet,New,Netherlands,Benelux,2025-10-31
C001656,Fleet,New,Germany,DACH,2025-09-06
C001657,Private,New,Germany,DACH,2024-09-22
C001658,Enterprise,New,Italy,Southern Europe,2025-05-17
C001659,Private,New,Germany,DACH,2025-07-21
C001660,Fleet,Existing,Germany,DACH,2024-03-18
C001661,Fleet,Existing,Germany,DACH,2025-02-18
C001662,Enterprise,New,France,Western Europe,2025-07-13
C001663,Small Business,New,Spain,Southern Europe,2024-02-10
C001664,Private,New,Germany,DACH,2024-08-24
C001665,Small Business,Existing,Italy,Southern Europe,2025-07-12
C001666,Private,New,Italy,Southern Europe,2025-10-16
C001667,Private,New,Italy,Southern Europe,2025-11-25
C001668,Fleet,Existing,Germany,DACH,2025-02-26
C001669,Small Business,New,Germany,DACH,2024-01-30
C001670,Private,New,Italy,Southern Europe,2024-01-20
C001671,Fleet,New,Germany,DACH,2025-07-21
C001672,Fleet,New,France,Western Europe,2025-05-29
C001673,Fleet,New,Spain,Southern Europe,2024-05-15
C001674,Fleet,Existing,Germany,DACH,2024-04-01
C001675,Private,New,Spain,Southern Europe,2024-04-12
C001676,Small Business,New,Netherlands,Benelux,2025-09-06
C001677,Fleet,New,Spain,Southern Europe,2025-06-19
C001678,Enterprise,Existing,Austria,DACH,2025-10-25
C001679,Small Business,New,Italy,Southern Europe,2024-03-20
C001680,Fleet,New,France,Western Europe,2025-05-01
C001681,Private,New,Spain,Southern Europe,2025-10-08
C001682,Enterprise,New,Italy,Southern Europe,2025-01-08
C001683,Private,Existing,Spain,Southern Europe,2025-06-25
C001684,Private,Existing,Germany,DACH,2025-02-25
C001685,Small Business,Existing,Germany,DACH,2024-01-05
C001686,Fleet,Existing,Germany,DACH,2024-10-27
C001687,Enterprise,New,France,Western Europe,2024-07-01
C001688,Enterprise,New,France,Western Europe,2024-02-28
C001689,Private,New,France,Western Europe,2025-02-20
C001690,Fleet,New,Germany,DACH,2025-10-12
C001691,Fleet,New,Spain,Southern Europe,2024-02-07
C001692,Small Business,Existing,Italy,Southern Europe,2024-08-18
C001693,Enterprise,New,Germany,DACH,2025-04-13
C001694,Private,New,Spain,Southern Europe,2024-08-06
C001695,Fleet,New,France,Western Europe,2024-03-22
C001696,Small Business,Existing,France,Western Europe,2024-05-13
C001697,Fleet,Existing,Germany,DACH,2024-01-18
C001698,Small Business,New,Spain,Southern Europe,2025-11-25
C001699,Private,Existing,Netherlands,Benelux,2024-12-10
C001700,Private,Existing,Spain,Southern Europe,2025-10-21
C001701,Small Business,New,Italy,Southern Europe,2025-04-24
C001702,Private,Existing,Netherlands,Benelux,2024-09-01
C001703,Enterprise,New,Germany,DACH,2025-10-21
C001704,Small Business,New,France,Western Europe,2024-07-01
C001705,Fleet,New,Austria,DACH,2024-05-06
C001706,Fleet,New,Netherlands,Benelux,2025-07-17
C001707,Small Business,New,Germany,DACH,2025-01-22
C001708,Fleet,New,Germany,DACH,2024-10-22
C001709,Private,New,Italy,Southern Europe,2025-02-15
C001710,Small Business,New,Germany,DACH,2025-11-08
C001711,Small Business,New,Spain,Southern Europe,2024-07-15
C001712,Enterprise,New,Germany,DACH,2025-09-22
C001713,Small Business,New,Netherlands,Benelux,2025-09-29
C001714,Private,New,Italy,Southern Europe,2025-06-15
C001715,Private,Existing,Germany,DACH,2024-04-20
C001716,Private,Existing,Spain,Southern Europe,2024-03-03
C001717,Private,New,Germany,DACH,2024-03-25
C001718,Private,New,France,Western Europe,2025-05-06
C001719,Private,New,France,Western Europe,2024-10-06
C001720,Fleet,Existing,Italy,Southern Europe,2025-11-22
C001721,Fleet,New,Germany,DACH,2024-01-05
C001722,Fleet,New,Germany,DACH,2024-09-18
C001723,Fleet,New,Spain,Southern Europe,2024-07-03
C001724,Small Business,New,France,Western Europe,2025-09-09
C001725,Fleet,New,Austria,DACH,2024-03-25
C001726,Fleet,New,Germany,DACH,2024-10-12
C001727,Small Business,New,Germany,DACH,2025-08-29
C001728,Small Business,New,Italy,Southern Europe,2025-11-10
C001729,Private,New,Germany,DACH,2025-10-03
C001730,Private,New,Germany,DACH,2025-04-02
C001731,Private,Existing,Netherlands,Benelux,2024-04-24
C001732,Fleet,New,Germany,DACH,2024-03-08
C001733,Enterprise,Existing,Spain,Southern Europe,2024-10-14
C001734,Private,New,Germany,DACH,2024-12-01
C001735,Small Business,Existing,Italy,Southern Europe,2024-12-25
C001736,Enterprise,Existing,Spain,Southern Europe,2024-02-04
C001737,Small Business,Existing,Italy,Southern Europe,2025-04-17
C001738,Private,Existing,Germany,DACH,2024-10-03
C001739,Private,New,France,Western Europe,2024-03-17
C001740,Fleet,New,Spain,Southern Europe,2025-10-02
C001741,Private,New,Germany,DACH,2024-09-06
C001742,Fleet,New,Germany,DACH,2024-06-11
C001743,Small Business,Existing,Germany,DACH,2024-12-10
C001744,Small Business,New,Netherlands,Benelux,2025-10-27
C001745,Small Business,New,Spain,Southern Europe,2025-07-31
C001746,Small Business,Existing,France,Western Europe,2024-03-10
C001747,Private,New,Spain,Southern Europe,2025-04-25
C001748,Fleet,New,France,Western Europe,2025-04-10
C001749,Fleet,New,Austria,DACH,2025-09-12
C001750,Private,Existing,Austria,DACH,2025-11-06
C001751,Small Business,Existing,France,Western Europe,2025-06-06
C001752,Small Business,New,Germany,DACH,2025-04-02
C001753,Private,New,Italy,Southern Europe,2024-09-04
C001754,Enterprise,New,Italy,Southern Europe,2025-09-21
C001755,Fleet,New,Germany,DACH,2025-10-22
C001756,Small Business,New,France,Western Europe,2025-11-24
C001757,Private,Existing,Germany,DACH,2025-10-30
C001758,Enterprise,New,Netherlands,Benelux,2025-03-25
C001759,Fleet,New,Italy,Southern Europe,2025-10-31
C001760,Small Business,New,Netherlands,Benelux,2025-07-01
C001761,Small Business,New,Germany,DACH,2024-06-17
C001762,Private,New,Germany,DACH,2024-01-23
C001763,Enterprise,New,Germany,DACH,2025-11-17
C001764,Private,New,Germany,DACH,2024-10-26
C001765,Small Business,Existing,Germany,DACH,2025-09-03
C001766,Private,New,Germany,DACH,2024-07-20
C001767,Private,New,Netherlands,Benelux,2024-09-09
C001768,Fleet,Existing,Germany,DACH,2025-07-30
C001769,Private,New,Germany,DACH,2025-01-02
C001770,Fleet,New,Italy,Southern Europe,2025-04-19
C001771,Fleet,New,France,Western Europe,2024-08-12
C001772,Private,New,Spain,Southern Europe,2025-03-06
C001773,Fleet,New,France,Western Europe,2024-12-06
C001774,Enterprise,New,Italy,Southern Europe,2025-10-14
C001775,Fleet,New,France,Western Europe,2024-12-10
C001776,Fleet,New,France,Western Europe,2024-03-03
C001777,Fleet,New,Spain,Southern Europe,2025-05-30
C001778,Fleet,New,Austria,DACH,2025-10-29
C001779,Fleet,New,Germany,DACH,2025-09-09
C001780,Private,Existing,Austria,DACH,2024-03-11
C001781,Fleet,New,Germany,DACH,2025-11-29
C001782,Fleet,New,Spain,Southern Europe,2024-08-30
C001783,Private,New,Germany,DACH,2025-08-06
C001784,Small Business,New,Germany,DACH,2025-03-17
C001785,Private,New,Germany,DACH,2025-11-12
C001786,Fleet,New,Italy,Southern Europe,2024-08-27
C001787,Fleet,New,Germany,DACH,2025-03-01
C001788,Private,New,Spain,Southern Europe,2025-04-22
C001789,Private,Existing,Italy,Southern Europe,2024-04-18
C001790,Private,New,Germany,DACH,2025-06-26
C001791,Fleet,New,Spain,Southern Europe,2024-04-10
C001792,Fleet,New,Germany,DACH,2025-08-02
C001793,Private,New,Germany,DACH,2024-03-29
C001794,Private,New,Spain,Southern Europe,2024-05-05
C001795,Private,New,Italy,Southern Europe,2024-12-12
C001796,Private,Existing,Germany,DACH,2024-05-07
C001797,Private,New,France,Western Europe,2024-02-23
C001798,Small Business,New,Germany,DACH,2024-02-06
C001799,Private,New,France,Western Europe,2024-07-19
C001800,Small Business,New,France,Western Europe,2024-12-09
C001801,Fleet,Existing,France,Western Europe,2024-01-31
C001802,Private,New,France,Western Europe,2024-04-06
C001803,Fleet,New,Germany,DACH,2025-03-04
C001804,Fleet,Existing,Spain,Southern Europe,2024-08-11
C001805,Enterprise,New,France,Western Europe,2025-06-14
C001806,Private,New,Spain,Southern Europe,2025-08-11
C001807,Fleet,New,Germany,DACH,2024-01-22
C001808,Enterprise,New,Austria,DACH,2025-10-26
C001809,Fleet,New,Germany,DACH,2025-04-23
C001810,Private,Existing,Germany,DACH,2025-07-29
C001811,Small Business,Existing,Germany,DACH,2024-11-30
C001812,Small Business,New,Austria,DACH,2024-01-01
C001813,Fleet,Existing,Spain,Southern Europe,2025-09-11
C001814,Small Business,Existing,Germany,DACH,2025-02-01
C001815,Fleet,New,Italy,Southern Europe,2024-01-26
C001816,Small Business,Existing,France,Western Europe,2024-04-26
C001817,Private,New,Spain,Southern Europe,2024-05-24
C001818,Small Business,New,Austria,DACH,2024-09-20
C001819,Small Business,New,Austria,DACH,2024-11-05
C001820,Enterprise,New,France,Western Europe,2024-10-26
C001821,Private,Existing,Netherlands,Benelux,2025-08-30
C001822,Enterprise,New,Austria,DACH,2025-10-22
C001823,Fleet,Existing,France,Western Europe,2025-04-20
C001824,Small Business,New,France,Western Europe,2025-03-19
C001825,Private,New,Spain,Southern Europe,2025-08-27
C001826,Private,New,Germany,DACH,2024-07-06
C001827,Small Business,New,France,Western Europe,2025-01-25
C001828,Enterprise,New,Austria,DACH,2025-03-25
C001829,Private,New,Netherlands,Benelux,2024-07-18
C001830,Private,New,Austria,DACH,2025-10-28
C001831,Fleet,New,Austria,DACH,2024-06-13
C001832,Private,New,Netherlands,Benelux,2024-02-11
C001833,Small Business,New,Austria,DACH,2024-08-14
C001834,Enterprise,New,Germany,DACH,2025-07-25
C001835,Fleet,New,Germany,DACH,2024-09-19
C001836,Small Business,Existing,Germany,DACH,2024-05-31
C001837,Small Business,New,Germany,DACH,2025-09-02
C001838,Private,Existing,Austria,DACH,2024-04-17
C001839,Enterprise,New,Spain,Southern Europe,2024-04-21
C001840,Enterprise,New,Spain,Southern Europe,2025-09-21
C001841,Private,Existing,Germany,DACH,2024-08-12
C001842,Enterprise,Existing,France,Western Europe,2024-01-02
C001843,Private,New,Germany,DACH,2024-10-30
C001844,Fleet,New,Netherlands,Benelux,2025-06-02
C001845,Private,New,Germany,DACH,2025-06-13
C001846,Small Business,New,France,Western Europe,2024-03-02
C001847,Small Business,Existing,Germany,DACH,2024-07-15
C001848,Fleet,New,France,Western Europe,2025-03-08
C001849,Small Business,New,Germany,DACH,2025-04-07
C001850,Enterprise,New,Spain,Southern Europe,2025-03-10
C001851,Enterprise,New,Germany,DACH,2024-08-24
C001852,Fleet,New,Italy,Southern Europe,2025-08-26
C001853,Private,New,France,Western Europe,2024-02-24
C001854,Fleet,Existing,Spain,Southern Europe,2025-07-29
C001855,Small Business,New,Italy,Southern Europe,2025-10-19
C001856,Fleet,New,Netherlands,Benelux,2025-04-24
C001857,Small Business,New,Germany,DACH,2024-10-27
C001858,Fleet,New,Germany,DACH,2024-09-23
C001859,Small Business,New,Germany,DACH,2024-11-01
C001860,Small Business,New,Germany,DACH,2024-04-26
C001861,Small Business,Existing,France,Western Europe,2024-06-04
C001862,Enterprise,Existing,Netherlands,Benelux,2025-03-20
C001863,Small Business,Existing,Netherlands,Benelux,2025-01-20
C001864,Fleet,Existing,France,Western Europe,2024-12-13
C001865,Fleet,New,France,Western Europe,2024-11-28
C001866,Fleet,New,Italy,Southern Europe,2024-02-24
C001867,Fleet,New,Netherlands,Benelux,2025-08-30
C001868,Small Business,Existing,Germany,DACH,2025-10-30
C001869,Private,New,France,Western Europe,2024-06-20
C001870,Private,New,Italy,Southern Europe,2024-08-08
C001871,Private,New,Germany,DACH,2025-03-17
C001872,Private,New,Austria,DACH,2024-01-02
C001873,Fleet,New,Netherlands,Benelux,2024-03-12
C001874,Fleet,New,Netherlands,Benelux,2025-09-23
C001875,Small Business,New,Italy,Southern Europe,2024-04-30
C001876,Fleet,New,Spain,Southern Europe,2025-02-07
C001877,Small Business,Existing,Germany,DACH,2025-09-09
C001878,Fleet,New,Germany,DACH,2025-05-28
C001879,Private,New,France,Western Europe,2024-07-09
C001880,Small Business,New,France,Western Europe,2024-04-16
C001881,Small Business,New,France,Western Europe,2025-05-17
C001882,Private,Existing,France,Western Europe,2024-10-10
C001883,Fleet,New,Germany,DACH,2025-11-08
C001884,Private,Existing,Spain,Southern Europe,2025-03-27
C001885,Enterprise,New,Germany,DACH,2024-01-08
C001886,Enterprise,New,Germany,DACH,2024-06-24
C001887,Fleet,Existing,Germany,DACH,2025-06-05
C001888,Small Business,New,Germany,DACH,2025-05-06
C001889,Private,Existing,Italy,Southern Europe,2025-06-03
C001890,Private,New,Austria,DACH,2024-06-12
C001891,Private,New,Germany,DACH,2024-06-23
C001892,Fleet,New,Spain,Southern Europe,2024-05-26
C001893,Small Business,New,France,Western Europe,2025-05-02
C001894,Small Business,Existing,Germany,DACH,2024-01-09
C001895,Small Business,New,Germany,DACH,2025-07-23
C001896,Small Business,New,Germany,DACH,2024-07-16
C001897,Enterprise,New,France,Western Europe,2024-12-07
C001898,Small Business,New,Germany,DACH,2024-06-21
C001899,Private,New,Germany,DACH,2024-10-24
C001900,Enterprise,Existing,Germany,DACH,2025-06-19
C001901,Fleet,New,France,Western Europe,2024-05-18
C001902,Fleet,New,Germany,DACH,2025-02-02
C001903,Private,New,Italy,Southern Europe,2024-02-10
C001904,Small Business,New,Germany,DACH,2024-05-04
C001905,Fleet,New,France,Western Europe,2025-04-24
C001906,Private,New,Austria,DACH,2025-02-01
C001907,Private,New,Austria,DACH,2025-03-04
C001908,Private,Existing,Germany,DACH,2024-06-06
C001909,Enterprise,New,Italy,Southern Europe,2024-05-24
C001910,Fleet,New,Italy,Southern Europe,2024-10-24
C001911,Private,Existing,Germany,DACH,2024-03-31
C001912,Private,Existing,Germany,DACH,2025-09-13
C001913,Private,Existing,Italy,Southern Europe,2024-07-06
C001914,Private,New,France,Western Europe,2025-05-18
C001915,Private,Existing,Germany,DACH,2024-04-19
C001916,Enterprise,Existing,Germany,DACH,2025-03-31
C001917,Fleet,Existing,France,Western Europe,2024-05-22
C001918,Private,New,Spain,Southern Europe,2024-07-16
C001919,Small Business,Existing,France,Western Europe,2024-10-15
C001920,Private,New,Netherlands,Benelux,2024-03-28
C001921,Private,Existing,Austria,DACH,2024-03-28
C001922,Private,New,Germany,DACH,2025-06-11
C001923,Fleet,Existing,Austria,DACH,2024-08-29
C001924,Fleet,Existing,Germany,DACH,2025-02-01
C001925,Fleet,New,Germany,DACH,2025-03-28
C001926,Small Business,New,Germany,DACH,2025-03-11
C001927,Small Business,New,Germany,DACH,2025-03-15
C001928,Enterprise,Existing,Spain,Southern Europe,2025-11-13
C001929,Small Business,New,Germany,DACH,2025-03-17
C001930,Enterprise,Existing,Austria,DACH,2024-08-31
C001931,Small Business,Existing,France,Western Europe,2024-07-18
C001932,Private,New,France,Western Europe,2025-07-14
C001933,Private,New,Spain,Southern Europe,2024-10-22
C001934,Private,New,Italy,Southern Europe,2025-01-26
C001935,Private,Existing,Spain,Southern Europe,2025-07-24
C001936,Private,New,Germany,DACH,2024-06-13
C001937,Enterprise,Existing,Austria,DACH,2024-06-04
C001938,Private,Existing,France,Western Europe,2024-02-07
C001939,Small Business,New,Germany,DACH,2024-02-20
C001940,Small Business,Existing,Germany,DACH,2025-03-07
C001941,Private,New,Germany,DACH,2024-12-18
C001942,Fleet,New,Austria,DACH,2024-07-27
C001943,Fleet,New,Germany,DACH,2024-05-28
C001944,Private,New,Germany,DACH,2025-05-01
C001945,Fleet,New,Italy,Southern Europe,2024-02-29
C001946,Private,New,Netherlands,Benelux,2025-05-05
C001947,Private,New,Germany,DACH,2025-09-25
C001948,Private,New,Netherlands,Benelux,2024-11-14
C001949,Private,New,Germany,DACH,2024-12-12
C001950,Enterprise,New,Netherlands,Benelux,2025-01-10
C001951,Private,Existing,Netherlands,Benelux,2024-03-07
C001952,Enterprise,New,Germany,DACH,2025-03-14
C001953,Small Business,New,Spain,Southern Europe,2024-09-12
C001954,Private,Existing,Netherlands,Benelux,2024-11-24
C001955,Private,Existing,Italy,Southern Europe,2024-01-17
C001956,Fleet,New,Netherlands,Benelux,2025-09-06
C001957,Small Business,Existing,France,Western Europe,2024-08-21
C001958,Private,New,Germany,DACH,2024-02-23
C001959,Fleet,Existing,Italy,Southern Europe,2025-07-01
C001960,Enterprise,New,France,Western Europe,2025-11-16
C001961,Fleet,New,France,Western Europe,2024-12-29
C001962,Small Business,New,Germany,DACH,2024-01-24
C001963,Private,Existing,France,Western Europe,2025-11-25
C001964,Fleet,New,Germany,DACH,2024-05-25
C001965,Small Business,New,Spain,Southern Europe,2024-06-17
C001966,Private,New,Germany,DACH,2025-05-10
C001967,Fleet,Existing,Spain,Southern Europe,2024-08-20
C001968,Small Business,New,Italy,Southern Europe,2024-02-29
C001969,Private,New,Austria,DACH,2025-04-22
C001970,Private,New,France,Western Europe,2024-07-02
C001971,Private,Existing,Germany,DACH,2025-08-26
C001972,Fleet,New,Netherlands,Benelux,2024-04-17
C001973,Small Business,Existing,Spain,Southern Europe,2025-09-26
C001974,Enterprise,New,Germany,DACH,2025-05-21
C001975,Private,New,Germany,DACH,2024-06-16
C001976,Small Business,New,Germany,DACH,2025-02-09
C001977,Private,New,Austria,DACH,2025-10-18
C001978,Small Business,New,Netherlands,Benelux,2024-02-15
C001979,Private,New,Spain,Southern Europe,2025-07-27
C001980,Private,Existing,Germany,DACH,2024-11-18
C001981,Enterprise,New,Italy,Southern Europe,2025-10-26
C001982,Enterprise,New,Germany,DACH,2024-05-25
C001983,Small Business,New,Italy,Southern Europe,2025-05-18
C001984,Private,New,Germany,DACH,2025-11-08
C001985,Small Business,New,France,Western Europe,2024-08-28
C001986,Private,New,Netherlands,Benelux,2024-03-16
C001987,Private,New,Germany,DACH,2024-10-01
C001988,Small Business,New,Spain,Southern Europe,2025-02-22
C001989,Small Business,Existing,Netherlands,Benelux,2025-03-17
C001990,Small Business,New,Germany,DACH,2024-12-03
C001991,Small Business,Existing,Germany,DACH,2025-10-14
C001992,Small Business,New,France,Western Europe,2025-02-08
C001993,Enterprise,Existing,Germany,DACH,2025-03-24
C001994,Fleet,New,Germany,DACH,2025-10-31
C001995,Private,New,Austria,DACH,2025-10-19
C001996,Private,Existing,Spain,Southern Europe,2024-08-26
C001997,Private,New,Germany,DACH,2024-07-19
C001998,Fleet,New,Germany,DACH,2025-06-08
C001999,Enterprise,Existing,Italy,Southern Europe,2025-01-02
C002000,Private,New,France,Western Europe,2024-11-09
C002001,Private,New,Italy,Southern Europe,2025-05-03
C002002,Enterprise,New,Austria,DACH,2025-04-07
C002003,Private,New,Netherlands,Benelux,2025-10-01
C002004,Fleet,Existing,France,Western Europe,2024-09-12
C002005,Enterprise,New,Germany,DACH,2025-06-11
C002006,Fleet,New,Italy,Southern Europe,2024-06-07
C002007,Private,New,Austria,DACH,2025-10-17
C002008,Small Business,Existing,Germany,DACH,2024-02-28
C002009,Small Business,Existing,Germany,DACH,2025-06-09
C002010,Fleet,New,Spain,Southern Europe,2024-03-12
C002011,Small Business,Existing,Germany,DACH,2025-09-08
C002012,Enterprise,New,Germany,DACH,2025-11-02
C002013,Small Business,Existing,Germany,DACH,2025-07-26
C002014,Private,New,Austria,DACH,2025-07-05
C002015,Small Business,New,Germany,DACH,2024-11-30
C002016,Enterprise,New,France,Western Europe,2024-06-20
C002017,Fleet,Existing,Germany,DACH,2025-11-20
C002018,Small Business,Existing,Germany,DACH,2025-01-05
C002019,Small Business,New,France,Western Europe,2025-07-25
C002020,Private,New,Germany,DACH,2025-05-14
C002021,Enterprise,New,France,Western Europe,2025-05-05
C002022,Enterprise,New,Germany,DACH,2024-09-03
C002023,Fleet,New,Germany,DACH,2024-10-25
C002024,Fleet,New,Germany,DACH,2024-11-03
C002025,Small Business,New,Austria,DACH,2025-02-25
C002026,Fleet,New,Germany,DACH,2025-05-17
C002027,Private,Existing,Italy,Southern Europe,2024-05-19
C002028,Small Business,New,Germany,DACH,2024-06-08
C002029,Private,New,France,Western Europe,2024-02-03
C002030,Enterprise,New,France,Western Europe,2025-01-03
C002031,Small Business,New,Germany,DACH,2025-04-13
C002032,Small Business,New,France,Western Europe,2024-05-27
C002033,Small Business,Existing,Germany,DACH,2025-05-13
C002034,Small Business,New,Austria,DACH,2024-01-03
C002035,Small Business,New,Germany,DACH,2025-08-29
C002036,Private,Existing,Spain,Southern Europe,2025-04-28
C002037,Small Business,New,Netherlands,Benelux,2025-04-23
C002038,Private,New,Germany,DACH,2025-05-10
C002039,Enterprise,Existing,France,Western Europe,2024-09-08
C002040,Enterprise,New,Spain,Southern Europe,2025-11-28
C002041,Private,New,Germany,DACH,2025-06-06
C002042,Small Business,Existing,Spain,Southern Europe,2024-05-06
C002043,Small Business,Existing,France,Western Europe,2025-10-07
C002044,Small Business,New,Netherlands,Benelux,2025-06-01
C002045,Enterprise,New,Netherlands,Benelux,2024-08-05
C002046,Enterprise,New,Germany,DACH,2025-10-25
C002047,Fleet,New,Austria,DACH,2024-06-22
C002048,Fleet,New,France,Western Europe,2025-03-27
C002049,Fleet,New,Germany,DACH,2025-04-14
C002050,Small Business,New,Germany,DACH,2025-11-05
C002051,Enterprise,New,Netherlands,Benelux,2025-02-03
C002052,Small Business,New,Germany,DACH,2025-11-27
C002053,Fleet,New,Austria,DACH,2024-07-18
C002054,Fleet,New,Italy,Southern Europe,2025-07-15
C002055,Small Business,Existing,Germany,DACH,2024-06-20
C002056,Fleet,New,Austria,DACH,2025-11-30
C002057,Enterprise,New,Netherlands,Benelux,2025-06-18
C002058,Small Business,Existing,Austria,DACH,2025-03-14
C002059,Private,New,Germany,DACH,2024-02-16
C002060,Fleet,New,Germany,DACH,2024-12-13
C002061,Small Business,New,Netherlands,Benelux,2024-04-10
C002062,Small Business,Existing,Germany,DACH,2025-10-04
C002063,Small Business,New,France,Western Europe,2024-09-22
C002064,Small Business,Existing,Germany,DACH,2025-08-04
C002065,Fleet,New,Austria,DACH,2025-09-26
C002066,Private,New,Netherlands,Benelux,2024-03-18
C002067,Private,New,France,Western Europe,2025-06-15
C002068,Enterprise,Existing,Netherlands,Benelux,2024-07-30
C002069,Fleet,New,Germany,DACH,2024-03-17
C002070,Private,New,France,Western Europe,2024-07-01
C002071,Private,New,Italy,Southern Europe,2025-01-19
C002072,Small Business,New,Austria,DACH,2025-08-21
C002073,Small Business,New,Germany,DACH,2025-04-29
C002074,Fleet,New,Italy,Southern Europe,2024-06-12
C002075,Private,New,Germany,DACH,2024-07-26
C002076,Fleet,Existing,France,Western Europe,2024-07-31
C002077,Small Business,New,Netherlands,Benelux,2025-05-30
C002078,Enterprise,Existing,Germany,DACH,2024-12-29
C002079,Small Business,New,Germany,DACH,2024-01-17
C002080,Enterprise,New,Germany,DACH,2024-02-23
C002081,Private,Existing,Germany,DACH,2024-02-22
C002082,Private,Existing,Germany,DACH,2025-11-03
C002083,Private,New,Spain,Southern Europe,2024-12-19
C002084,Small Business,New,Germany,DACH,2024-12-09
C002085,Private,Existing,France,Western Europe,2025-06-16
C002086,Private,Existing,Germany,DACH,2024-05-13
C002087,Private,New,Germany,DACH,2024-01-23
C002088,Small Business,New,Germany,DACH,2024-07-08
C002089,Small Business,New,Spain,Southern Europe,2024-05-25
C002090,Fleet,New,Austria,DACH,2025-07-12
C002091,Fleet,New,Germany,DACH,2025-07-26
C002092,Private,New,Italy,Southern Europe,2025-03-19
C002093,Private,New,France,Western Europe,2025-09-28
C002094,Private,New,Germany,DACH,2024-11-21
C002095,Private,New,Italy,Southern Europe,2024-06-17
C002096,Small Business,New,Germany,DACH,2024-08-20
C002097,Fleet,New,Germany,DACH,2024-04-09
C002098,Fleet,New,Austria,DACH,2025-09-22
C002099,Small Business,Existing,Germany,DACH,2025-02-26
C002100,Small Business,New,Germany,DACH,2025-06-24
C002101,Fleet,New,Spain,Southern Europe,2024-07-16
C002102,Small Business,New,Germany,DACH,2025-05-17
C002103,Private,New,Italy,Southern Europe,2024-08-19
C002104,Small Business,New,Netherlands,Benelux,2024-11-08
C002105,Small Business,New,France,Western Europe,2025-04-01
C002106,Small Business,New,Spain,Southern Europe,2025-11-17
C002107,Private,New,Spain,Southern Europe,2025-01-25
C002108,Private,New,Netherlands,Benelux,2025-05-12
C002109,Fleet,New,Germany,DACH,2025-02-20
C002110,Small Business,New,Germany,DACH,2024-10-23
C002111,Enterprise,New,France,Western Europe,2025-10-14
C002112,Private,New,France,Western Europe,2025-11-03
C002113,Private,Existing,Germany,DACH,2024-08-05
C002114,Fleet,New,France,Western Europe,2025-09-19
C002115,Private,New,Germany,DACH,2024-11-11
C002116,Enterprise,New,Netherlands,Benelux,2025-06-01
C002117,Fleet,New,Germany,DACH,2024-12-27
C002118,Private,New,Germany,DACH,2025-06-20
C002119,Small Business,New,Germany,DACH,2025-09-02
C002120,Private,New,Germany,DACH,2024-10-23
C002121,Fleet,New,Germany,DACH,2025-05-05
C002122,Small Business,New,Germany,DACH,2024-12-21
C002123,Enterprise,New,Germany,DACH,2025-07-13
C002124,Enterprise,Existing,Germany,DACH,2024-05-14
C002125,Small Business,Existing,Germany,DACH,2025-05-25
C002126,Enterprise,Existing,Germany,DACH,2025-02-20
C002127,Small Business,New,Germany,DACH,2024-11-11
C002128,Fleet,New,Germany,DACH,2024-09-15
C002129,Enterprise,New,Germany,DACH,2025-05-06
C002130,Small Business,Existing,Germany,DACH,2024-08-31
C002131,Fleet,New,Germany,DACH,2024-01-24
C002132,Private,New,Spain,Southern Europe,2025-10-25
C002133,Small Business,New,Netherlands,Benelux,2024-11-09
C002134,Fleet,Existing,Netherlands,Benelux,2024-04-25
C002135,Small Business,Existing,France,Western Europe,2024-06-06
C002136,Private,New,France,Western Europe,2025-08-03
C002137,Small Business,New,Germany,DACH,2024-08-20
C002138,Small Business,Existing,Spain,Southern Europe,2024-07-16
C002139,Private,Existing,Spain,Southern Europe,2024-12-07
C002140,Small Business,Existing,Italy,Southern Europe,2024-01-21
C002141,Fleet,New,Italy,Southern Europe,2025-01-27
C002142,Private,New,Austria,DACH,2024-01-29
C002143,Private,Existing,Spain,Southern Europe,2025-08-07
C002144,Small Business,New,Italy,Southern Europe,2024-10-27
C002145,Enterprise,New,Germany,DACH,2024-06-01
C002146,Private,New,Netherlands,Benelux,2024-11-14
C002147,Fleet,New,Germany,DACH,2024-05-02
C002148,Private,Existing,Netherlands,Benelux,2024-08-12
C002149,Private,New,Spain,Southern Europe,2024-04-01
C002150,Private,New,Germany,DACH,2025-04-13
C002151,Private,New,France,Western Europe,2025-11-14
C002152,Private,Existing,Germany,DACH,2024-12-05
C002153,Enterprise,Existing,Spain,Southern Europe,2024-03-10
C002154,Private,New,Spain,Southern Europe,2024-02-21
C002155,Private,New,France,Western Europe,2025-08-05
C002156,Private,New,Italy,Southern Europe,2024-08-31
C002157,Enterprise,Existing,Germany,DACH,2024-07-26
C002158,Enterprise,New,Germany,DACH,2024-03-12
C002159,Small Business,New,Germany,DACH,2025-04-09
C002160,Small Business,Existing,Germany,DACH,2024-02-14
C002161,Private,New,Austria,DACH,2025-09-24
C002162,Fleet,New,Germany,DACH,2024-05-25
C002163,Private,New,Germany,DACH,2024-02-18
C002164,Private,New,Austria,DACH,2025-05-05
C002165,Enterprise,New,Italy,Southern Europe,2024-09-04
C002166,Fleet,New,Germany,DACH,2025-05-02
C002167,Private,New,Italy,Southern Europe,2024-01-28
C002168,Small Business,Existing,Austria,DACH,2025-08-25
C002169,Fleet,New,Germany,DACH,2024-08-04
C002170,Small Business,New,France,Western Europe,2025-06-13
C002171,Fleet,New,Germany,DACH,2025-10-16
C002172,Fleet,Existing,Germany,DACH,2025-01-09
C002173,Private,New,France,Western Europe,2024-08-21
C002174,Private,New,Germany,DACH,2024-08-06
C002175,Fleet,Existing,Germany,DACH,2025-04-25
C002176,Small Business,New,France,Western Europe,2024-01-05
C002177,Small Business,New,Germany,DACH,2024-04-12
C002178,Enterprise,Existing,Italy,Southern Europe,2025-03-28
C002179,Enterprise,New,Germany,DACH,2024-01-18
C002180,Fleet,New,Netherlands,Benelux,2024-07-21
C002181,Small Business,New,Spain,Southern Europe,2025-03-29
C002182,Fleet,Existing,Netherlands,Benelux,2024-06-24
C002183,Private,Existing,Italy,Southern Europe,2025-10-13
C002184,Fleet,New,Germany,DACH,2025-11-13
C002185,Small Business,New,France,Western Europe,2024-01-24
C002186,Fleet,New,Germany,DACH,2024-05-01
C002187,Small Business,New,Italy,Southern Europe,2025-09-27
C002188,Fleet,New,France,Western Europe,2024-01-23
C002189,Small Business,New,Germany,DACH,2024-12-06
C002190,Private,New,Netherlands,Benelux,2025-10-26
C002191,Fleet,New,Germany,DACH,2025-02-15
C002192,Small Business,New,France,Western Europe,2024-08-02
C002193,Private,New,Spain,Southern Europe,2024-01-05
C002194,Fleet,New,Germany,DACH,2024-10-02
C002195,Private,New,France,Western Europe,2025-01-14
C002196,Enterprise,New,Italy,Southern Europe,2024-02-26
C002197,Small Business,New,Germany,DACH,2025-01-04
C002198,Enterprise,New,France,Western Europe,2024-10-09
C002199,Private,New,Germany,DACH,2024-08-16
C002200,Private,Existing,France,Western Europe,2025-11-11
C002201,Fleet,Existing,Germany,DACH,2025-09-17
C002202,Fleet,Existing,Netherlands,Benelux,2025-04-30
C002203,Small Business,New,Italy,Southern Europe,2025-02-17
C002204,Enterprise,Existing,Germany,DACH,2024-11-27
C002205,Private,New,Germany,DACH,2024-02-19
C002206,Fleet,New,France,Western Europe,2024-08-03
C002207,Fleet,New,Spain,Southern Europe,2024-01-08
C002208,Small Business,New,Austria,DACH,2024-09-13
C002209,Small Business,New,Germany,DACH,2024-11-27
C002210,Private,New,Germany,DACH,2025-03-03
C002211,Fleet,Existing,Netherlands,Benelux,2024-09-05
C002212,Private,New,Austria,DACH,2024-06-27
C002213,Private,New,Italy,Southern Europe,2025-05-12
C002214,Private,Existing,Austria,DACH,2024-04-16
C002215,Private,New,Netherlands,Benelux,2024-03-28
C002216,Small Business,New,Germany,DACH,2025-05-02
C002217,Private,New,Germany,DACH,2025-02-14
C002218,Private,New,Netherlands,Benelux,2025-08-31
C002219,Small Business,Existing,Netherlands,Benelux,2025-06-01
C002220,Small Business,New,Germany,DACH,2025-09-23
C002221,Small Business,Existing,Germany,DACH,2025-04-10
C002222,Small Business,New,Austria,DACH,2025-08-11
C002223,Fleet,New,Germany,DACH,2024-04-28
C002224,Small Business,Existing,Germany,DACH,2025-01-06
C002225,Private,New,Italy,Southern Europe,2025-10-23
C002226,Small Business,New,Germany,DACH,2025-07-06
C002227,Small Business,New,Spain,Southern Europe,2024-10-09
C002228,Small Business,New,Germany,DACH,2025-10-10
C002229,Small Business,Existing,Germany,DACH,2024-08-06
C002230,Enterprise,New,France,Western Europe,2024-01-17
C002231,Small Business,New,Germany,DACH,2025-07-11
C002232,Small Business,Existing,France,Western Europe,2024-10-15
C002233,Small Business,New,Germany,DACH,2024-01-25
C002234,Fleet,New,Netherlands,Benelux,2024-05-22
C002235,Private,Existing,Spain,Southern Europe,2024-02-20
C002236,Private,Existing,Italy,Southern Europe,2025-11-28
C002237,Fleet,New,Germany,DACH,2025-08-16
C002238,Private,New,Germany,DACH,2025-10-12
C002239,Fleet,Existing,Germany,DACH,2024-05-07
C002240,Private,Existing,France,Western Europe,2025-07-15
C002241,Private,New,Germany,DACH,2025-01-29
C002242,Small Business,New,Germany,DACH,2024-07-26
C002243,Private,New,Germany,DACH,2025-04-13
C002244,Private,Existing,Germany,DACH,2025-10-28
C002245,Fleet,Existing,Germany,DACH,2024-11-18
C002246,Enterprise,New,Germany,DACH,2024-01-21
C002247,Enterprise,New,Germany,DACH,2025-08-12
C002248,Small Business,New,France,Western Europe,2024-05-11
C002249,Private,New,Germany,DACH,2024-05-07
C002250,Private,New,Germany,DACH,2025-03-07
C002251,Fleet,New,France,Western Europe,2025-07-13
C002252,Fleet,New,Spain,Southern Europe,2025-07-09
C002253,Enterprise,Existing,Germany,DACH,2025-08-30
C002254,Private,New,France,Western Europe,2025-09-10
C002255,Fleet,New,Netherlands,Benelux,2024-03-30
C002256,Small Business,Existing,France,Western Europe,2024-07-29
C002257,Fleet,New,Italy,Southern Europe,2025-05-19
C002258,Enterprise,New,Spain,Southern Europe,2024-09-30
C002259,Private,New,Germany,DACH,2025-05-16
C002260,Small Business,Existing,Austria,DACH,2024-11-14
C002261,Enterprise,New,Spain,Southern Europe,2024-11-11
C002262,Private,New,Netherlands,Benelux,2024-01-19
C002263,Fleet,New,Austria,DACH,2025-03-01
C002264,Small Business,New,Germany,DACH,2025-08-27
C002265,Private,Existing,France,Western Europe,2025-07-27
C002266,Small Business,New,Germany,DACH,2024-08-24
C002267,Fleet,New,Spain,Southern Europe,2025-04-18
C002268,Private,New,France,Western Europe,2024-05-19
C002269,Enterprise,New,Spain,Southern Europe,2025-03-19
C002270,Fleet,New,Italy,Southern Europe,2024-10-13
C002271,Enterprise,Existing,France,Western Europe,2025-10-10
C002272,Enterprise,New,France,Western Europe,2025-05-12
C002273,Small Business,New,Spain,Southern Europe,2024-02-21
C002274,Small Business,New,Italy,Southern Europe,2025-09-01
C002275,Private,Existing,Italy,Southern Europe,2025-05-21
C002276,Private,New,Germany,DACH,2024-05-30
C002277,Fleet,Existing,France,Western Europe,2024-07-16
C002278,Private,New,Germany,DACH,2024-04-30
C002279,Private,New,Italy,Southern Europe,2024-08-05
C002280,Private,New,France,Western Europe,2025-10-22
C002281,Private,New,Austria,DACH,2025-09-23
C002282,Small Business,Existing,Germany,DACH,2025-01-20
C002283,Small Business,Existing,Germany,DACH,2024-09-10
C002284,Small Business,New,Spain,Southern Europe,2024-09-13
C002285,Enterprise,New,Germany,DACH,2025-10-31
C002286,Enterprise,New,Germany,DACH,2024-05-19
C002287,Private,New,Italy,Southern Europe,2025-06-14
C002288,Small Business,Existing,Spain,Southern Europe,2025-11-27
C002289,Private,Existing,Germany,DACH,2025-08-21
C002290,Small Business,New,Germany,DACH,2025-05-18
C002291,Fleet,New,Netherlands,Benelux,2025-09-21
C002292,Small Business,New,Spain,Southern Europe,2024-06-01
C002293,Private,New,France,Western Europe,2025-11-19
C002294,Small Business,New,Germany,DACH,2024-03-04
C002295,Private,New,Germany,DACH,2024-01-10
C002296,Enterprise,Existing,Germany,DACH,2024-05-19
C002297,Private,Existing,Spain,Southern Europe,2025-03-02
C002298,Small Business,New,Germany,DACH,2024-06-22
C002299,Enterprise,New,Germany,DACH,2025-03-19
C002300,Private,New,Spain,Southern Europe,2024-03-18
C002301,Fleet,New,Netherlands,Benelux,2025-05-02
C002302,Private,New,Spain,Southern Europe,2024-06-09
C002303,Enterprise,Existing,Austria,DACH,2025-01-01
C002304,Fleet,New,Austria,DACH,2024-03-22
C002305,Fleet,New,Austria,DACH,2025-11-10
C002306,Fleet,New,Germany,DACH,2024-09-21
C002307,Small Business,New,France,Western Europe,2025-02-27
C002308,Private,Existing,Austria,DACH,2024-12-06
C002309,Small Business,New,France,Western Europe,2025-02-20
C002310,Fleet,New,Italy,Southern Europe,2024-11-14
C002311,Fleet,Existing,Netherlands,Benelux,2024-02-21
C002312,Small Business,New,Germany,DACH,2025-08-03
C002313,Fleet,New,Germany,DACH,2025-03-25
C002314,Private,New,Germany,DACH,2024-06-26
C002315,Small Business,New,Germany,DACH,2024-02-28
C002316,Small Business,New,Germany,DACH,2025-09-12
C002317,Enterprise,Existing,Germany,DACH,2024-08-20
C002318,Enterprise,New,Spain,Southern Europe,2025-09-27
C002319,Fleet,New,Austria,DACH,2025-06-20
C002320,Fleet,Existing,Italy,Southern Europe,2025-11-02
C002321,Small Business,New,Germany,DACH,2025-04-06
C002322,Small Business,New,Germany,DACH,2024-05-06
C002323,Fleet,New,Germany,DACH,2024-01-25
C002324,Enterprise,New,Germany,DACH,2024-06-21
C002325,Private,New,Germany,DACH,2024-11-03
C002326,Fleet,New,Netherlands,Benelux,2025-03-12
C002327,Enterprise,New,Germany,DACH,2025-09-19
C002328,Fleet,New,Germany,DACH,2024-04-08
C002329,Small Business,New,France,Western Europe,2025-03-20
C002330,Fleet,New,Austria,DACH,2024-02-29
C002331,Small Business,New,France,Western Europe,2024-12-03
C002332,Enterprise,New,Germany,DACH,2024-02-21
C002333,Fleet,New,Italy,Southern Europe,2024-09-18
C002334,Private,New,Germany,DACH,2025-02-28
C002335,Fleet,New,Austria,DACH,2025-06-01
C002336,Enterprise,New,Spain,Southern Europe,2025-07-17
C002337,Private,New,Italy,Southern Europe,2025-01-02
C002338,Fleet,New,Germany,DACH,2024-06-30
C002339,Small Business,Existing,France,Western Europe,2025-10-01
C002340,Enterprise,New,Germany,DACH,2025-10-15
C002341,Fleet,New,Germany,DACH,2025-11-08
C002342,Small Business,Existing,Germany,DACH,2025-07-08
C002343,Enterprise,New,Spain,Southern Europe,2025-06-28
C002344,Small Business,Existing,Germany,DACH,2024-02-24
C002345,Small Business,Existing,Spain,Southern Europe,2025-02-04
C002346,Fleet,New,Germany,DACH,2024-10-12
C002347,Fleet,New,Italy,Southern Europe,2024-06-30
C002348,Fleet,New,Italy,Southern Europe,2024-02-17
C002349,Small Business,Existing,Germany,DACH,2024-05-29
C002350,Small Business,New,Germany,DACH,2025-10-02
C002351,Small Business,Existing,Germany,DACH,2025-09-28
C002352,Small Business,New,Italy,Southern Europe,2025-06-03
C002353,Enterprise,New,Germany,DACH,2024-03-12
C002354,Private,New,France,Western Europe,2025-04-25
C002355,Fleet,New,Austria,DACH,2024-03-29
C002356,Fleet,New,Spain,Southern Europe,2025-04-22
C002357,Private,Existing,Austria,DACH,2024-01-24
C002358,Small Business,New,France,Western Europe,2024-07-18
C002359,Small Business,Existing,Netherlands,Benelux,2024-03-26
C002360,Private,Existing,Germany,DACH,2025-10-15
C002361,Fleet,New,Italy,Southern Europe,2025-02-02
C002362,Private,New,Germany,DACH,2025-10-07
C002363,Enterprise,New,Austria,DACH,2024-01-15
C002364,Private,New,Italy,Southern Europe,2025-06-01
C002365,Small Business,Existing,France,Western Europe,2024-12-01
C002366,Small Business,Existing,Spain,Southern Europe,2024-11-24
C002367,Small Business,Existing,Germany,DACH,2025-09-03
C002368,Private,New,Germany,DACH,2024-02-02
C002369,Enterprise,New,Germany,DACH,2025-10-22
C002370,Enterprise,New,France,Western Europe,2024-01-20
C002371,Small Business,Existing,Austria,DACH,2024-09-10
C002372,Private,New,Germany,DACH,2024-04-06
C002373,Fleet,New,Germany,DACH,2025-01-01
C002374,Private,New,Germany,DACH,2025-02-21
C002375,Fleet,New,Germany,DACH,2025-03-25
C002376,Small Business,New,Germany,DACH,2025-07-12
C002377,Small Business,New,Italy,Southern Europe,2025-06-09
C002378,Enterprise,Existing,France,Western Europe,2025-10-25
C002379,Fleet,Existing,Germany,DACH,2024-11-10
C002380,Fleet,New,Spain,Southern Europe,2024-05-02
C002381,Fleet,Existing,Italy,Southern Europe,2024-04-18
C002382,Fleet,New,Germany,DACH,2024-07-11
C002383,Enterprise,Existing,Germany,DACH,2025-02-26
C002384,Small Business,New,Germany,DACH,2024-02-07
C002385,Small Business,New,Germany,DACH,2025-10-30
C002386,Private,New,Spain,Southern Europe,2025-11-23
C002387,Fleet,New,Netherlands,Benelux,2024-04-25
C002388,Small Business,New,Germany,DACH,2025-06-30
C002389,Small Business,Existing,Spain,Southern Europe,2025-02-21
C002390,Small Business,Existing,Germany,DACH,2024-12-02
C002391,Small Business,New,France,Western Europe,2025-05-29
C002392,Small Business,New,Spain,Southern Europe,2025-02-06
C002393,Small Business,Existing,Germany,DACH,2024-08-14
C002394,Private,New,Germany,DACH,2025-01-28
C002395,Enterprise,New,France,Western Europe,2024-04-05
C002396,Enterprise,New,Netherlands,Benelux,2024-06-27
C002397,Fleet,New,Germany,DACH,2025-11-12
C002398,Small Business,New,Germany,DACH,2024-05-09
C002399,Enterprise,New,Germany,DACH,2025-02-22
C002400,Private,New,France,Western Europe,2024-07-26
C002401,Fleet,New,France,Western Europe,2024-11-21
C002402,Small Business,Existing,Spain,Southern Europe,2024-06-22
C002403,Fleet,New,Spain,Southern Europe,2025-02-02
C002404,Fleet,New,Italy,Southern Europe,2025-01-25
C002405,Fleet,Existing,Italy,Southern Europe,2025-03-08
C002406,Small Business,Existing,Germany,DACH,2024-08-03
C002407,Enterprise,New,France,Western Europe,2025-02-09
C002408,Private,New,Germany,DACH,2025-05-25
C002409,Private,New,Germany,DACH,2025-05-18
C002410,Small Business,New,Netherlands,Benelux,2025-02-01
C002411,Private,New,Spain,Southern Europe,2024-07-28
C002412,Private,Existing,Netherlands,Benelux,2025-01-07
C002413,Small Business,Existing,Germany,DACH,2025-01-10
C002414,Private,Existing,France,Western Europe,2025-10-27
C002415,Private,New,Austria,DACH,2024-09-20
C002416,Private,Existing,Germany,DACH,2024-08-13
C002417,Small Business,Existing,Germany,DACH,2025-06-08
C002418,Enterprise,New,France,Western Europe,2025-03-20
C002419,Fleet,New,Germany,DACH,2024-10-25
C002420,Small Business,New,Netherlands,Benelux,2024-01-01
C002421,Small Business,New,Germany,DACH,2025-05-08
C002422,Small Business,New,Germany,DACH,2025-05-30
C002423,Small Business,New,Spain,Southern Europe,2025-10-13
C002424,Fleet,New,Germany,DACH,2024-12-17
C002425,Private,New,Italy,Southern Europe,2024-12-26
C002426,Small Business,New,Spain,Southern Europe,2024-05-25
C002427,Enterprise,New,Germany,DACH,2024-11-17
C002428,Small Business,Existing,Spain,Southern Europe,2024-01-02
C002429,Private,Existing,France,Western Europe,2024-12-16
C002430,Enterprise,New,Spain,Southern Europe,2025-05-09
C002431,Private,New,Italy,Southern Europe,2025-07-04
C002432,Private,Existing,Spain,Southern Europe,2025-04-08
C002433,Private,New,France,Western Europe,2025-07-17
C002434,Small Business,Existing,Germany,DACH,2025-04-10
C002435,Small Business,New,Spain,Southern Europe,2025-06-29
C002436,Fleet,New,Netherlands,Benelux,2024-11-02
C002437,Small Business,New,France,Western Europe,2025-02-25
C002438,Fleet,New,France,Western Europe,2025-03-23
C002439,Small Business,New,Austria,DACH,2025-02-04
C002440,Enterprise,New,Spain,Southern Europe,2025-02-03
C002441,Enterprise,Existing,Netherlands,Benelux,2025-07-01
C002442,Private,New,Germany,DACH,2024-06-16
C002443,Private,New,Germany,DACH,2024-08-09
C002444,Small Business,New,France,Western Europe,2024-12-29
C002445,Small Business,New,Austria,DACH,2025-03-27
C002446,Private,New,France,Western Europe,2024-12-26
C002447,Private,New,Germany,DACH,2024-05-19
C002448,Fleet,New,Germany,DACH,2025-07-30
C002449,Fleet,Existing,France,Western Europe,2025-01-17
C002450,Fleet,New,France,Western Europe,2024-10-30
C002451,Small Business,New,France,Western Europe,2025-09-06
C002452,Small Business,Existing,Spain,Southern Europe,2024-11-01
C002453,Fleet,New,France,Western Europe,2024-04-23
C002454,Private,New,Spain,Southern Europe,2025-11-20
C002455,Enterprise,New,France,Western Europe,2024-09-24
C002456,Fleet,Existing,France,Western Europe,2025-09-18
C002457,Private,New,France,Western Europe,2024-12-27
C002458,Private,New,Germany,DACH,2024-06-18
C002459,Small Business,Existing,Germany,DACH,2024-09-20
C002460,Private,New,France,Western Europe,2025-09-29
C002461,Fleet,Existing,Italy,Southern Europe,2025-10-23
C002462,Private,New,France,Western Europe,2024-04-06
C002463,Small Business,New,Germany,DACH,2025-11-21
C002464,Enterprise,New,France,Western Europe,2025-08-20
C002465,Enterprise,Existing,Germany,DACH,2025-03-29
C002466,Small Business,Existing,Spain,Southern Europe,2024-05-08
C002467,Small Business,New,Italy,Southern Europe,2025-02-14
C002468,Small Business,New,France,Western Europe,2024-10-24
C002469,Private,New,France,Western Europe,2024-03-28
C002470,Private,New,Germany,DACH,2025-11-19
C002471,Small Business,Existing,Austria,DACH,2025-02-26
C002472,Private,New,Italy,Southern Europe,2024-03-08
C002473,Fleet,New,Spain,Southern Europe,2024-08-27
C002474,Fleet,New,France,Western Europe,2025-08-10
C002475,Fleet,New,Germany,DACH,2024-11-05
C002476,Fleet,New,Germany,DACH,2024-12-12
C002477,Fleet,New,Germany,DACH,2024-04-09
C002478,Small Business,New,Germany,DACH,2024-03-18
C002479,Fleet,Existing,Germany,DACH,2025-11-15
C002480,Enterprise,New,Netherlands,Benelux,2025-10-28
C002481,Fleet,Existing,France,Western Europe,2024-03-07
C002482,Enterprise,New,Germany,DACH,2025-01-19
C002483,Private,New,Germany,DACH,2025-04-21
C002484,Private,Existing,Germany,DACH,2025-09-08
C002485,Small Business,New,Italy,Southern Europe,2025-01-26
C002486,Private,New,Germany,DACH,2025-08-31
C002487,Small Business,New,Spain,Southern Europe,2024-03-25
C002488,Small Business,New,Italy,Southern Europe,2024-01-11
C002489,Small Business,Existing,Germany,DACH,2024-11-21
C002490,Small Business,New,France,Western Europe,2024-07-04
C002491,Enterprise,New,Netherlands,Benelux,2025-06-12
C002492,Enterprise,New,Germany,DACH,2024-08-23
C002493,Private,New,Germany,DACH,2024-10-11
C002494,Small Business,Existing,Netherlands,Benelux,2025-01-09
C002495,Enterprise,New,Italy,Southern Europe,2025-11-04
C002496,Private,Existing,France,Western Europe,2024-02-20
C002497,Fleet,New,France,Western Europe,2025-01-21
C002498,Fleet,New,Germany,DACH,2024-09-29
C002499,Private,New,Italy,Southern Europe,2024-01-26
C002500,Small Business,New,Austria,DACH,2025-07-24
C002501,Fleet,Existing,Germany,DACH,2025-10-01
C002502,Private,New,Spain,Southern Europe,2024-05-01
C002503,Small Business,New,Netherlands,Benelux,2025-06-15
C002504,Fleet,Existing,Italy,Southern Europe,2025-05-05
C002505,Fleet,New,Germany,DACH,2025-05-08
C002506,Private,New,Germany,DACH,2024-11-18
C002507,Enterprise,New,Netherlands,Benelux,2024-08-12
C002508,Private,New,Netherlands,Benelux,2024-02-19
C002509,Private,Existing,France,Western Europe,2024-01-25
C002510,Private,New,France,Western Europe,2024-05-04
C002511,Private,New,Austria,DACH,2025-01-04
C002512,Fleet,New,Germany,DACH,2024-04-08
C002513,Small Business,New,Germany,DACH,2025-04-25
C002514,Private,New,Germany,DACH,2025-03-09
C002515,Private,New,Germany,DACH,2024-08-29
C002516,Fleet,Existing,Italy,Southern Europe,2024-03-02
C002517,Enterprise,New,Germany,DACH,2024-12-28
C002518,Private,New,Germany,DACH,2025-07-30
C002519,Fleet,New,France,Western Europe,2024-10-02
C002520,Small Business,New,Germany,DACH,2025-07-18
C002521,Small Business,New,Germany,DACH,2024-07-19
C002522,Fleet,New,France,Western Europe,2024-02-26
C002523,Fleet,Existing,Germany,DACH,2025-03-30
C002524,Small Business,New,France,Western Europe,2025-09-13
C002525,Small Business,New,Italy,Southern Europe,2025-09-10
C002526,Small Business,New,Germany,DACH,2025-11-02
C002527,Private,New,Italy,Southern Europe,2024-03-16
C002528,Private,New,Italy,Southern Europe,2024-01-31
C002529,Fleet,New,Italy,Southern Europe,2025-02-02
C002530,Small Business,New,France,Western Europe,2025-10-27
C002531,Small Business,New,France,Western Europe,2025-11-29
C002532,Small Business,New,France,Western Europe,2024-07-14
C002533,Fleet,New,Spain,Southern Europe,2024-09-19
C002534,Small Business,New,Germany,DACH,2025-04-10
C002535,Fleet,New,Netherlands,Benelux,2025-10-01
C002536,Enterprise,Existing,France,Western Europe,2024-05-02
C002537,Fleet,New,Spain,Southern Europe,2025-11-13
C002538,Private,New,Germany,DACH,2025-07-26
C002539,Small Business,Existing,Germany,DACH,2024-02-17
C002540,Small Business,New,France,Western Europe,2025-08-12
C002541,Enterprise,New,France,Western Europe,2025-03-25
C002542,Fleet,New,Austria,DACH,2025-11-15
C002543,Private,New,Germany,DACH,2024-05-26
C002544,Enterprise,New,Germany,DACH,2025-11-25
C002545,Private,New,France,Western Europe,2024-02-03
C002546,Small Business,Existing,Germany,DACH,2024-02-23
C002547,Fleet,Existing,Netherlands,Benelux,2024-11-09
C002548,Small Business,New,Germany,DACH,2025-04-05
C002549,Small Business,New,Germany,DACH,2024-04-26
C002550,Small Business,New,Germany,DACH,2024-07-10
C002551,Enterprise,New,France,Western Europe,2024-09-29
C002552,Private,New,Austria,DACH,2024-03-28
C002553,Small Business,New,France,Western Europe,2024-05-03
C002554,Small Business,New,Netherlands,Benelux,2024-04-14
C002555,Private,Existing,Germany,DACH,2025-10-29
C002556,Enterprise,New,Spain,Southern Europe,2025-10-17
C002557,Small Business,New,Germany,DACH,2025-03-15
C002558,Fleet,New,Germany,DACH,2025-04-23
C002559,Enterprise,New,Austria,DACH,2024-04-05
C002560,Enterprise,New,Germany,DACH,2024-02-05
C002561,Enterprise,New,France,Western Europe,2024-09-20
C002562,Small Business,New,France,Western Europe,2025-11-19
C002563,Small Business,Existing,Spain,Southern Europe,2024-11-30
C002564,Fleet,Existing,France,Western Europe,2025-07-19
C002565,Small Business,New,France,Western Europe,2024-09-15
C002566,Enterprise,New,Germany,DACH,2024-08-04
C002567,Small Business,New,Germany,DACH,2025-07-22
C002568,Private,New,Germany,DACH,2024-11-25
C002569,Enterprise,Existing,France,Western Europe,2025-05-27
C002570,Enterprise,New,Netherlands,Benelux,2025-05-23
C002571,Private,New,Germany,DACH,2025-05-23
C002572,Enterprise,Existing,France,Western Europe,2025-04-18
C002573,Small Business,New,Spain,Southern Europe,2025-07-20
C002574,Fleet,New,Italy,Southern Europe,2024-11-20
C002575,Small Business,New,France,Western Europe,2024-07-31
C002576,Enterprise,New,France,Western Europe,2024-12-24
C002577,Enterprise,New,Spain,Southern Europe,2024-08-15
C002578,Small Business,Existing,Italy,Southern Europe,2024-01-31
C002579,Small Business,New,Germany,DACH,2024-09-10
C002580,Fleet,New,Netherlands,Benelux,2024-12-16
C002581,Small Business,New,Germany,DACH,2024-12-30
C002582,Private,New,Italy,Southern Europe,2024-08-26
C002583,Small Business,New,Germany,DACH,2025-05-22
C002584,Private,Existing,Germany,DACH,2024-07-18
C002585,Private,New,Germany,DACH,2025-03-29
C002586,Fleet,New,Austria,DACH,2024-07-07
C002587,Small Business,New,Germany,DACH,2025-11-21
C002588,Enterprise,New,Germany,DACH,2025-03-30
C002589,Private,New,Austria,DACH,2025-01-24
C002590,Fleet,Existing,Germany,DACH,2024-10-27
C002591,Fleet,New,Spain,Southern Europe,2025-06-13
C002592,Enterprise,Existing,Italy,Southern Europe,2024-10-25
C002593,Private,Existing,France,Western Europe,2025-07-16
C002594,Private,New,Germany,DACH,2024-04-21
C002595,Private,New,Germany,DACH,2025-07-28
C002596,Enterprise,Existing,Italy,Southern Europe,2025-11-04
C002597,Small Business,Existing,Germany,DACH,2024-06-18
C002598,Private,New,Germany,DACH,2024-06-05
C002599,Fleet,New,Netherlands,Benelux,2025-10-30
C002600,Private,New,Netherlands,Benelux,2024-10-11
C002601,Enterprise,Existing,Germany,DACH,2025-05-01
C002602,Enterprise,Existing,France,Western Europe,2024-05-13
C002603,Fleet,Existing,Austria,DACH,2024-10-26
C002604,Private,New,Spain,Southern Europe,2025-05-07
C002605,Enterprise,New,Germany,DACH,2025-09-18
C002606,Enterprise,Existing,Germany,DACH,2024-11-01
C002607,Private,New,France,Western Europe,2024-02-22
C002608,Small Business,Existing,Germany,DACH,2024-10-16
C002609,Fleet,New,France,Western Europe,2025-03-26
C002610,Enterprise,Existing,Germany,DACH,2025-09-04
C002611,Private,New,Italy,Southern Europe,2025-08-06
C002612,Private,New,Italy,Southern Europe,2025-06-15
C002613,Private,New,Austria,DACH,2024-04-25
C002614,Fleet,New,Spain,Southern Europe,2024-12-29
C002615,Fleet,New,Germany,DACH,2025-02-07
C002616,Private,Existing,Austria,DACH,2024-11-24
C002617,Small Business,New,Germany,DACH,2025-10-08
C002618,Private,New,Italy,Southern Europe,2025-11-02
C002619,Private,New,Italy,Southern Europe,2024-05-27
C002620,Private,Existing,Italy,Southern Europe,2025-10-31
C002621,Small Business,Existing,Italy,Southern Europe,2025-08-15
C002622,Private,Existing,Netherlands,Benelux,2025-05-08
C002623,Small Business,Existing,Germany,DACH,2024-09-24
C002624,Small Business,New,Netherlands,Benelux,2025-06-16
C002625,Fleet,Existing,France,Western Europe,2025-02-14
C002626,Small Business,New,Austria,DACH,2025-09-21
C002627,Enterprise,New,France,Western Europe,2025-05-12
C002628,Enterprise,New,Germany,DACH,2025-11-06
C002629,Small Business,New,Germany,DACH,2024-10-20
C002630,Private,Existing,Germany,DACH,2024-02-27
C002631,Fleet,New,Germany,DACH,2024-12-10
C002632,Private,Existing,Austria,DACH,2025-11-29
C002633,Enterprise,Existing,Italy,Southern Europe,2025-04-03
C002634,Private,New,France,Western Europe,2025-05-07
C002635,Small Business,New,France,Western Europe,2025-03-13
C002636,Small Business,New,Austria,DACH,2025-02-18
C002637,Fleet,New,Austria,DACH,2024-02-12
C002638,Enterprise,Existing,Germany,DACH,2024-10-16
C002639,Private,New,Italy,Southern Europe,2024-03-01
C002640,Fleet,New,Germany,DACH,2024-08-23
C002641,Small Business,New,Spain,Southern Europe,2025-05-18
C002642,Enterprise,New,Spain,Southern Europe,2025-07-16
C002643,Fleet,New,France,Western Europe,2024-06-05
C002644,Private,New,Italy,Southern Europe,2025-04-03
C002645,Private,New,Germany,DACH,2024-06-07
C002646,Small Business,Existing,Italy,Southern Europe,2024-05-20
C002647,Small Business,New,Spain,Southern Europe,2025-11-02
C002648,Fleet,New,Spain,Southern Europe,2025-03-02
C002649,Small Business,New,France,Western Europe,2024-05-18
C002650,Private,New,Italy,Southern Europe,2024-04-08
C002651,Private,New,Netherlands,Benelux,2024-02-04
C002652,Small Business,Existing,Austria,DACH,2024-12-13
C002653,Fleet,New,Italy,Southern Europe,2024-03-11
C002654,Small Business,New,Spain,Southern Europe,2025-02-12
C002655,Small Business,New,Austria,DACH,2024-10-30
C002656,Private,New,Netherlands,Benelux,2025-03-20
C002657,Private,New,Germany,DACH,2024-05-25
C002658,Private,Existing,France,Western Europe,2024-04-11
C002659,Small Business,Existing,Germany,DACH,2024-03-11
C002660,Private,New,Germany,DACH,2024-03-07
C002661,Fleet,Existing,Italy,Southern Europe,2024-02-20
C002662,Enterprise,New,Germany,DACH,2024-06-30
C002663,Private,New,Germany,DACH,2025-07-14
C002664,Enterprise,New,Germany,DACH,2025-02-28
C002665,Small Business,New,Austria,DACH,2024-06-24
C002666,Fleet,New,Italy,Southern Europe,2025-10-14
C002667,Private,New,Italy,Southern Europe,2025-06-16
C002668,Fleet,New,Germany,DACH,2025-06-29
C002669,Private,New,France,Western Europe,2025-09-20
C002670,Fleet,Existing,Austria,DACH,2025-06-05
C002671,Enterprise,New,France,Western Europe,2025-10-31
C002672,Small Business,Existing,Austria,DACH,2024-08-19
C002673,Enterprise,New,Germany,DACH,2025-08-22
C002674,Fleet,New,Austria,DACH,2024-03-19
C002675,Fleet,New,France,Western Europe,2024-07-29
C002676,Fleet,New,France,Western Europe,2025-09-16
C002677,Small Business,New,Austria,DACH,2024-04-03
C002678,Enterprise,New,Italy,Southern Europe,2024-12-16
C002679,Enterprise,New,Spain,Southern Europe,2024-08-26
C002680,Enterprise,New,Germany,DACH,2024-03-11
C002681,Enterprise,Existing,Italy,Southern Europe,2024-06-14
C002682,Private,New,Italy,Southern Europe,2025-01-09
C002683,Fleet,New,Germany,DACH,2025-03-17
C002684,Enterprise,New,France,Western Europe,2025-04-17
C002685,Small Business,New,Germany,DACH,2024-04-02
C002686,Private,New,Spain,Southern Europe,2024-08-11
C002687,Fleet,Existing,Germany,DACH,2024-03-13
C002688,Private,New,France,Western Europe,2024-01-07
C002689,Fleet,New,Germany,DACH,2024-09-30
C002690,Fleet,New,France,Western Europe,2025-03-11
C002691,Small Business,New,Netherlands,Benelux,2024-09-16
C002692,Fleet,New,Germany,DACH,2024-01-29
C002693,Fleet,Existing,Italy,Southern Europe,2024-06-02
C002694,Small Business,New,Netherlands,Benelux,2024-10-29
C002695,Small Business,New,Italy,Southern Europe,2024-09-06
C002696,Private,Existing,Germany,DACH,2025-07-31
C002697,Small Business,New,Italy,Southern Europe,2025-02-22
C002698,Private,Existing,Germany,DACH,2025-11-30
C002699,Small Business,Existing,Germany,DACH,2024-05-02
C002700,Private,New,Italy,Southern Europe,2024-09-16
C002701,Small Business,New,Spain,Southern Europe,2024-03-02
C002702,Fleet,New,France,Western Europe,2024-01-15
C002703,Private,New,Germany,DACH,2025-10-08
C002704,Private,New,Italy,Southern Europe,2024-12-11
C002705,Fleet,New,Spain,Southern Europe,2025-04-06
C002706,Fleet,Existing,Austria,DACH,2024-07-12
C002707,Small Business,New,Italy,Southern Europe,2024-02-06
C002708,Fleet,New,Germany,DACH,2025-09-16
C002709,Fleet,New,Germany,DACH,2025-04-05
C002710,Private,New,France,Western Europe,2025-05-13
C002711,Fleet,New,Netherlands,Benelux,2025-01-08
C002712,Private,New,Germany,DACH,2024-10-10
C002713,Fleet,New,Germany,DACH,2024-10-22
C002714,Small Business,New,Germany,DACH,2025-06-17
C002715,Small Business,New,Italy,Southern Europe,2024-06-08
C002716,Small Business,New,Germany,DACH,2024-08-26
C002717,Fleet,New,France,Western Europe,2024-08-03
C002718,Private,Existing,Netherlands,Benelux,2024-12-31
C002719,Private,New,Germany,DACH,2025-11-08
C002720,Fleet,New,France,Western Europe,2025-10-07
C002721,Small Business,New,France,Western Europe,2025-01-16
C002722,Enterprise,New,Italy,Southern Europe,2024-05-20
C002723,Small Business,New,Germany,DACH,2025-10-20
C002724,Fleet,Existing,Germany,DACH,2024-08-07
C002725,Enterprise,New,Germany,DACH,2024-09-06
C002726,Fleet,New,Spain,Southern Europe,2025-09-11
C002727,Small Business,Existing,Spain,Southern Europe,2024-07-03
C002728,Small Business,New,Germany,DACH,2024-11-19
C002729,Private,New,Germany,DACH,2025-10-03
C002730,Small Business,New,Italy,Southern Europe,2024-08-10
C002731,Private,Existing,Germany,DACH,2025-03-13
C002732,Fleet,New,Germany,DACH,2024-01-27
C002733,Fleet,New,France,Western Europe,2025-11-27
C002734,Small Business,Existing,Germany,DACH,2024-10-20
C002735,Private,Existing,Germany,DACH,2025-04-14
C002736,Fleet,Existing,Austria,DACH,2024-12-16
C002737,Private,New,Germany,DACH,2024-10-30
C002738,Fleet,Existing,France,Western Europe,2024-10-11
C002739,Small Business,New,Spain,Southern Europe,2024-01-13
C002740,Fleet,New,France,Western Europe,2024-07-13
C002741,Fleet,Existing,Germany,DACH,2024-09-23
C002742,Fleet,New,Italy,Southern Europe,2024-09-15
C002743,Private,New,Germany,DACH,2024-07-10
C002744,Enterprise,New,Spain,Southern Europe,2025-03-25
C002745,Private,Existing,Germany,DACH,2025-08-03
C002746,Private,New,Spain,Southern Europe,2025-09-15
C002747,Fleet,Existing,Germany,DACH,2025-11-11
C002748,Private,New,Germany,DACH,2025-03-30
C002749,Small Business,New,Austria,DACH,2024-10-14
C002750,Private,New,Germany,DACH,2025-03-28
C002751,Enterprise,Existing,Germany,DACH,2024-04-02
C002752,Small Business,New,Spain,Southern Europe,2025-07-25
C002753,Enterprise,New,Italy,Southern Europe,2025-01-09
C002754,Private,New,Germany,DACH,2024-04-25
C002755,Fleet,Existing,Italy,Southern Europe,2024-10-25
C002756,Enterprise,Existing,Spain,Southern Europe,2024-07-29
C002757,Small Business,New,Italy,Southern Europe,2024-09-01
C002758,Small Business,New,Spain,Southern Europe,2024-02-05
C002759,Fleet,New,France,Western Europe,2024-01-12
C002760,Private,New,France,Western Europe,2024-09-01
C002761,Fleet,Existing,France,Western Europe,2024-07-30
C002762,Enterprise,New,Italy,Southern Europe,2025-11-30
C002763,Small Business,New,Germany,DACH,2024-07-02
C002764,Small Business,New,Germany,DACH,2024-08-18
C002765,Private,New,Germany,DACH,2025-10-02
C002766,Small Business,New,Netherlands,Benelux,2025-08-24
C002767,Private,New,Austria,DACH,2024-02-09
C002768,Fleet,New,France,Western Europe,2024-03-01
C002769,Enterprise,New,Italy,Southern Europe,2024-03-07
C002770,Private,New,Netherlands,Benelux,2024-11-17
C002771,Small Business,New,Germany,DACH,2025-02-04
C002772,Small Business,New,Spain,Southern Europe,2024-09-03
C002773,Small Business,New,Italy,Southern Europe,2024-01-10
C002774,Enterprise,New,Germany,DACH,2024-05-21
C002775,Private,New,Spain,Southern Europe,2025-03-06
C002776,Fleet,New,Germany,DACH,2024-09-17
C002777,Small Business,New,France,Western Europe,2024-03-27
C002778,Enterprise,New,France,Western Europe,2025-03-31
C002779,Small Business,New,Germany,DACH,2025-03-05
C002780,Private,Existing,Germany,DACH,2024-12-09
C002781,Private,New,Germany,DACH,2025-10-20
C002782,Small Business,Existing,Germany,DACH,2025-08-14
C002783,Fleet,New,France,Western Europe,2024-01-28
C002784,Small Business,New,Germany,DACH,2025-09-25
C002785,Fleet,New,Germany,DACH,2024-02-04
C002786,Enterprise,New,Spain,Southern Europe,2024-12-03
C002787,Private,New,Spain,Southern Europe,2025-09-23
C002788,Private,Existing,France,Western Europe,2025-11-18
C002789,Fleet,Existing,Netherlands,Benelux,2024-01-16
C002790,Small Business,New,Germany,DACH,2024-02-20
C002791,Private,New,Italy,Southern Europe,2024-06-17
C002792,Fleet,New,Germany,DACH,2024-07-12
C002793,Small Business,New,Spain,Southern Europe,2024-07-14
C002794,Fleet,New,Netherlands,Benelux,2024-10-18
C002795,Private,New,Italy,Southern Europe,2024-08-11
C002796,Private,New,France,Western Europe,2025-02-11
C002797,Small Business,Existing,France,Western Europe,2025-08-20
C002798,Enterprise,New,Germany,DACH,2025-01-17
C002799,Fleet,New,France,Western Europe,2024-08-20
C002800,Small Business,New,Spain,Southern Europe,2025-02-01
C002801,Small Business,Existing,Netherlands,Benelux,2025-03-10
C002802,Private,New,Austria,DACH,2025-09-19
C002803,Fleet,New,Germany,DACH,2025-10-25
C002804,Fleet,New,France,Western Europe,2024-07-13
C002805,Small Business,New,Germany,DACH,2025-10-04
C002806,Private,New,Germany,DACH,2025-07-25
C002807,Private,Existing,Germany,DACH,2024-03-30
C002808,Fleet,Existing,Spain,Southern Europe,2025-01-25
C002809,Enterprise,Existing,Germany,DACH,2024-04-16
C002810,Small Business,New,Germany,DACH,2024-12-09
C002811,Small Business,New,Germany,DACH,2024-02-01
C002812,Private,New,Italy,Southern Europe,2024-07-28
C002813,Private,New,Spain,Southern Europe,2025-02-15
C002814,Small Business,New,Germany,DACH,2024-07-31
C002815,Private,New,Germany,DACH,2024-01-08
C002816,Small Business,New,France,Western Europe,2024-09-28
C002817,Private,Existing,Germany,DACH,2025-01-13
C002818,Private,Existing,France,Western Europe,2025-06-18
C002819,Enterprise,New,Austria,DACH,2024-04-05
C002820,Fleet,New,Netherlands,Benelux,2024-11-29
C002821,Private,New,Germany,DACH,2024-05-19
C002822,Private,New,France,Western Europe,2024-04-17
C002823,Small Business,New,Germany,DACH,2024-03-26
C002824,Small Business,New,Netherlands,Benelux,2025-06-15
C002825,Enterprise,New,Netherlands,Benelux,2025-10-05
C002826,Small Business,Existing,Spain,Southern Europe,2025-04-09
C002827,Private,Existing,Austria,DACH,2024-09-21
C002828,Small Business,New,Germany,DACH,2025-10-26
C002829,Private,Existing,Italy,Southern Europe,2024-12-14
C002830,Small Business,New,Spain,Southern Europe,2025-01-05
C002831,Enterprise,New,Germany,DACH,2025-03-20
C002832,Private,New,Austria,DACH,2025-04-03
C002833,Small Business,New,Austria,DACH,2024-12-10
C002834,Private,New,Italy,Southern Europe,2024-12-01
C002835,Private,New,Spain,Southern Europe,2024-08-10
C002836,Fleet,New,France,Western Europe,2025-04-21
C002837,Small Business,Existing,France,Western Europe,2025-04-15
C002838,Private,New,Germany,DACH,2024-11-01
C002839,Private,New,Germany,DACH,2025-05-13
C002840,Fleet,Existing,Germany,DACH,2024-04-06
C002841,Enterprise,New,Spain,Southern Europe,2024-10-18
C002842,Small Business,New,Austria,DACH,2025-11-21
C002843,Small Business,Existing,Austria,DACH,2025-05-28
C002844,Private,New,Germany,DACH,2025-05-19
C002845,Small Business,New,Germany,DACH,2025-08-27
C002846,Small Business,New,France,Western Europe,2025-03-02
C002847,Fleet,New,Germany,DACH,2025-04-08
C002848,Small Business,Existing,Germany,DACH,2024-12-02
C002849,Small Business,New,Spain,Southern Europe,2025-08-01
C002850,Private,New,Germany,DACH,2025-05-13
C002851,Fleet,New,Germany,DACH,2025-01-01
C002852,Private,Existing,Austria,DACH,2024-03-29
C002853,Private,New,Italy,Southern Europe,2025-07-18
C002854,Fleet,New,Germany,DACH,2024-08-16
C002855,Small Business,Existing,Spain,Southern Europe,2024-09-08
C002856,Private,New,Netherlands,Benelux,2024-03-28
C002857,Small Business,New,France,Western Europe,2024-05-31
C002858,Small Business,New,Austria,DACH,2024-03-29
C002859,Private,Existing,Spain,Southern Europe,2024-03-09
C002860,Private,New,Austria,DACH,2024-01-15
C002861,Private,New,Germany,DACH,2024-07-25
C002862,Small Business,Existing,France,Western Europe,2025-06-13
C002863,Small Business,New,Germany,DACH,2025-08-27
C002864,Fleet,New,Germany,DACH,2024-06-08
C002865,Private,New,Germany,DACH,2024-10-23
C002866,Fleet,Existing,Germany,DACH,2025-08-05
C002867,Small Business,New,Germany,DACH,2025-05-09
C002868,Small Business,New,France,Western Europe,2025-09-25
C002869,Private,New,Netherlands,Benelux,2024-10-21
C002870,Private,New,Germany,DACH,2024-04-27
C002871,Small Business,Existing,France,Western Europe,2024-04-10
C002872,Small Business,New,Austria,DACH,2025-05-11
C002873,Small Business,New,Germany,DACH,2024-01-19
C002874,Small Business,Existing,Germany,DACH,2024-11-18
C002875,Fleet,New,Germany,DACH,2024-09-04
C002876,Small Business,New,Germany,DACH,2025-10-05
C002877,Private,Existing,Germany,DACH,2025-11-29
C002878,Private,New,Germany,DACH,2024-12-05
C002879,Enterprise,New,France,Western Europe,2025-02-10
C002880,Enterprise,New,Germany,DACH,2024-09-22
C002881,Small Business,New,Germany,DACH,2025-06-27
C002882,Small Business,New,Germany,DACH,2024-07-25
C002883,Fleet,New,France,Western Europe,2025-06-05
C002884,Private,Existing,Germany,DACH,2025-09-24
C002885,Small Business,Existing,France,Western Europe,2024-04-30
C002886,Fleet,Existing,Germany,DACH,2024-06-07
C002887,Small Business,New,Germany,DACH,2024-09-21
C002888,Small Business,New,Netherlands,Benelux,2025-08-02
C002889,Private,Existing,Germany,DACH,2025-03-24
C002890,Private,New,Germany,DACH,2024-05-15
C002891,Fleet,New,Germany,DACH,2024-09-14
C002892,Enterprise,Existing,Netherlands,Benelux,2025-03-26
C002893,Small Business,New,France,Western Europe,2025-11-06
C002894,Small Business,New,France,Western Europe,2024-11-11
C002895,Fleet,New,Netherlands,Benelux,2024-02-22
C002896,Private,New,Germany,DACH,2024-03-14
C002897,Private,New,Netherlands,Benelux,2024-01-21
C002898,Small Business,New,Germany,DACH,2024-03-29
C002899,Enterprise,Existing,France,Western Europe,2024-10-15
C002900,Small Business,New,Austria,DACH,2024-07-16
C002901,Fleet,New,Germany,DACH,2024-07-29
C002902,Private,Existing,Netherlands,Benelux,2025-06-20
C002903,Enterprise,Existing,Germany,DACH,2024-11-29
C002904,Private,Existing,Netherlands,Benelux,2025-05-25
C002905,Enterprise,New,Germany,DACH,2025-01-14
C002906,Small Business,Existing,France,Western Europe,2024-05-23
C002907,Private,Existing,Netherlands,Benelux,2025-10-25
C002908,Private,New,Germany,DACH,2024-11-29
C002909,Fleet,New,Netherlands,Benelux,2025-08-08
C002910,Fleet,New,France,Western Europe,2024-03-08
C002911,Enterprise,New,Spain,Southern Europe,2025-08-17
C002912,Small Business,New,Germany,DACH,2025-05-16
C002913,Fleet,New,France,Western Europe,2024-06-23
C002914,Enterprise,Existing,France,Western Europe,2025-07-09
C002915,Enterprise,New,Austria,DACH,2025-06-03
C002916,Enterprise,Existing,Germany,DACH,2025-09-17
C002917,Enterprise,New,Germany,DACH,2024-05-26
C002918,Small Business,Existing,Italy,Southern Europe,2025-09-12
C002919,Enterprise,New,Germany,DACH,2025-06-17
C002920,Fleet,New,Spain,Southern Europe,2024-08-24
C002921,Private,New,Netherlands,Benelux,2024-09-02
C002922,Fleet,Existing,Germany,DACH,2024-06-27
C002923,Private,New,Germany,DACH,2024-11-29
C002924,Private,New,France,Western Europe,2025-09-19
C002925,Private,Existing,Germany,DACH,2025-08-09
C002926,Small Business,New,France,Western Europe,2024-04-12
C002927,Small Business,New,Spain,Southern Europe,2024-04-01
C002928,Fleet,New,France,Western Europe,2024-02-11
C002929,Small Business,New,Germany,DACH,2025-03-05
C002930,Private,New,Spain,Southern Europe,2024-08-07
C002931,Small Business,New,France,Western Europe,2025-06-16
C002932,Private,New,Germany,DACH,2025-06-16
C002933,Small Business,New,France,Western Europe,2024-05-18
C002934,Small Business,Existing,Italy,Southern Europe,2025-04-30
C002935,Private,Existing,France,Western Europe,2025-06-19
C002936,Small Business,New,Austria,DACH,2025-11-21
C002937,Small Business,New,Germany,DACH,2025-05-20
C002938,Small Business,New,Germany,DACH,2024-09-08
C002939,Small Business,Existing,Germany,DACH,2025-11-30
C002940,Private,New,Germany,DACH,2024-07-12
C002941,Small Business,New,Netherlands,Benelux,2025-07-17
C002942,Fleet,New,Germany,DACH,2024-09-21
C002943,Private,New,Italy,Southern Europe,2025-10-16
C002944,Fleet,Existing,Germany,DACH,2025-07-01
C002945,Private,New,Germany,DACH,2025-02-23
C002946,Small Business,New,Germany,DACH,2024-05-30
C002947,Enterprise,New,Germany,DACH,2024-05-11
C002948,Fleet,New,Spain,Southern Europe,2025-10-25
C002949,Small Business,New,Netherlands,Benelux,2025-07-15
C002950,Enterprise,Existing,Italy,Southern Europe,2024-12-24
C002951,Private,New,Germany,DACH,2025-09-06
C002952,Private,New,Spain,Southern Europe,2025-07-02
C002953,Enterprise,New,Germany,DACH,2024-09-28
C002954,Small Business,New,Italy,Southern Europe,2025-08-02
C002955,Private,Existing,France,Western Europe,2025-07-11
C002956,Private,New,Germany,DACH,2024-12-01
C002957,Fleet,New,Germany,DACH,2024-01-14
C002958,Small Business,New,Germany,DACH,2025-06-02
C002959,Small Business,Existing,Germany,DACH,2024-08-25
C002960,Enterprise,Existing,Italy,Southern Europe,2024-09-12
C002961,Small Business,New,Spain,Southern Europe,2025-05-14
C002962,Small Business,New,Netherlands,Benelux,2025-07-21
C002963,Private,Existing,Germany,DACH,2024-03-02
C002964,Private,Existing,France,Western Europe,2025-07-30
C002965,Small Business,New,Germany,DACH,2024-07-24
C002966,Private,Existing,France,Western Europe,2025-01-31
C002967,Fleet,New,Germany,DACH,2025-08-30
C002968,Private,New,Germany,DACH,2024-06-01
C002969,Small Business,New,France,Western Europe,2024-06-03
C002970,Small Business,New,Germany,DACH,2025-11-10
C002971,Private,New,Austria,DACH,2024-09-18
C002972,Small Business,New,France,Western Europe,2025-10-24
C002973,Fleet,Existing,Germany,DACH,2024-09-07
C002974,Small Business,Existing,Netherlands,Benelux,2025-03-09
C002975,Private,New,France,Western Europe,2024-12-23
C002976,Enterprise,New,Italy,Southern Europe,2025-11-19
C002977,Private,New,France,Western Europe,2025-01-20
C002978,Enterprise,New,Spain,Southern Europe,2024-12-17
C002979,Enterprise,New,Spain,Southern Europe,2024-11-22
C002980,Fleet,Existing,Italy,Southern Europe,2024-09-19
C002981,Fleet,New,France,Western Europe,2024-11-04
C002982,Enterprise,New,Germany,DACH,2024-11-18
C002983,Enterprise,Existing,Germany,DACH,2025-06-18
C002984,Enterprise,New,France,Western Europe,2024-02-02
C002985,Private,New,Germany,DACH,2024-12-16
C002986,Small Business,New,Germany,DACH,2025-01-19
C002987,Enterprise,Existing,Germany,DACH,2025-06-11
C002988,Enterprise,New,France,Western Europe,2025-04-11
C002989,Private,New,Germany,DACH,2024-10-29
C002990,Enterprise,New,France,Western Europe,2024-03-17
C002991,Private,New,Spain,Southern Europe,2024-09-17
C002992,Enterprise,New,Italy,Southern Europe,2024-06-27
C002993,Small Business,New,Germany,DACH,2024-05-22
C002994,Enterprise,New,France,Western Europe,2025-05-19
C002995,Small Business,Existing,France,Western Europe,2024-11-30
C002996,Fleet,New,Austria,DACH,2025-07-09
C002997,Small Business,Existing,France,Western Europe,2024-04-06
C002998,Fleet,New,Germany,DACH,2025-11-21
C002999,Small Business,Existing,Netherlands,Benelux,2024-11-27
C003000,Enterprise,New,Germany,DACH,2024-06-26
C003001,Private,New,Italy,Southern Europe,2024-09-11
C003002,Enterprise,New,France,Western Europe,2025-08-12
C003003,Small Business,Existing,Germany,DACH,2025-05-11
C003004,Small Business,New,Spain,Southern Europe,2024-04-30
C003005,Private,New,Germany,DACH,2025-11-24
C003006,Private,New,Spain,Southern Europe,2024-04-01
C003007,Fleet,New,France,Western Europe,2024-07-11
C003008,Private,New,Germany,DACH,2025-05-25
C003009,Private,Existing,Germany,DACH,2025-01-05
C003010,Private,New,Spain,Southern Europe,2024-11-08
C003011,Enterprise,New,Germany,DACH,2025-10-10
C003012,Private,New,Italy,Southern Europe,2025-07-09
C003013,Private,Existing,Spain,Southern Europe,2025-11-04
C003014,Fleet,New,Spain,Southern Europe,2024-07-16
C003015,Small Business,New,Germany,DACH,2025-08-18
C003016,Small Business,New,Spain,Southern Europe,2024-05-29
C003017,Private,New,Netherlands,Benelux,2025-07-18
C003018,Private,New,Germany,DACH,2025-01-19
C003019,Fleet,New,Germany,DACH,2025-02-22
C003020,Private,New,Germany,DACH,2024-03-21
C003021,Small Business,Existing,Germany,DACH,2025-09-07
C003022,Small Business,New,Spain,Southern Europe,2024-07-14
C003023,Enterprise,New,Austria,DACH,2025-02-22
C003024,Fleet,New,France,Western Europe,2024-04-26
C003025,Small Business,New,Germany,DACH,2025-10-10
C003026,Fleet,New,Germany,DACH,2024-08-12
C003027,Fleet,New,Germany,DACH,2025-06-17
C003028,Private,New,Italy,Southern Europe,2025-06-19
C003029,Enterprise,New,France,Western Europe,2025-01-20
C003030,Private,New,Germany,DACH,2024-03-25
C003031,Private,New,Spain,Southern Europe,2024-07-14
C003032,Fleet,New,Germany,DACH,2025-03-04
C003033,Private,New,Germany,DACH,2025-01-10
C003034,Small Business,New,Germany,DACH,2025-02-13
C003035,Small Business,New,Netherlands,Benelux,2024-06-23
C003036,Enterprise,New,Spain,Southern Europe,2025-01-11
C003037,Fleet,Existing,France,Western Europe,2024-02-29
C003038,Fleet,New,Germany,DACH,2024-12-04
C003039,Small Business,New,Germany,DACH,2024-03-04
C003040,Private,Existing,France,Western Europe,2025-04-09
C003041,Small Business,Existing,Germany,DACH,2025-01-31
C003042,Fleet,New,Netherlands,Benelux,2025-08-19
C003043,Private,New,Spain,Southern Europe,2024-11-19
C003044,Fleet,Existing,Austria,DACH,2024-04-23
C003045,Enterprise,Existing,Spain,Southern Europe,2024-06-13
C003046,Small Business,Existing,Netherlands,Benelux,2025-07-23
C003047,Private,New,Austria,DACH,2025-11-01
C003048,Enterprise,New,France,Western Europe,2024-02-13
C003049,Fleet,Existing,Italy,Southern Europe,2025-04-18
C003050,Private,New,Germany,DACH,2024-12-03
C003051,Fleet,New,Italy,Southern Europe,2024-06-29
C003052,Private,Existing,Germany,DACH,2024-12-24
C003053,Enterprise,New,France,Western Europe,2025-10-17
C003054,Private,New,Spain,Southern Europe,2024-05-18
C003055,Enterprise,New,France,Western Europe,2025-08-08
C003056,Private,New,Austria,DACH,2024-03-03
C003057,Private,New,France,Western Europe,2025-05-19
C003058,Small Business,New,Germany,DACH,2024-02-22
C003059,Private,New,Germany,DACH,2024-02-12
C003060,Enterprise,New,Germany,DACH,2024-01-27
C003061,Private,New,France,Western Europe,2025-07-17
C003062,Small Business,Existing,Austria,DACH,2025-02-05
C003063,Fleet,New,Germany,DACH,2025-04-28
C003064,Private,Existing,Italy,Southern Europe,2024-04-18
C003065,Enterprise,New,Germany,DACH,2025-10-07
C003066,Small Business,New,Austria,DACH,2025-07-20
C003067,Small Business,Existing,Germany,DACH,2024-12-08
C003068,Fleet,Existing,Germany,DACH,2025-09-21
C003069,Small Business,New,Spain,Southern Europe,2024-04-10
C003070,Enterprise,New,Austria,DACH,2024-07-23
C003071,Fleet,New,Germany,DACH,2024-02-03
C003072,Fleet,New,Netherlands,Benelux,2024-04-25
C003073,Small Business,New,Italy,Southern Europe,2025-08-12
C003074,Fleet,New,Spain,Southern Europe,2024-10-13
C003075,Enterprise,New,Italy,Southern Europe,2025-03-27
C003076,Fleet,Existing,Italy,Southern Europe,2025-09-09
C003077,Small Business,New,Germany,DACH,2025-06-18
C003078,Small Business,Existing,France,Western Europe,2024-10-06
C003079,Enterprise,Existing,France,Western Europe,2024-08-31
C003080,Enterprise,Existing,Germany,DACH,2024-03-16
C003081,Small Business,New,Germany,DACH,2025-08-03
C003082,Private,New,Germany,DACH,2025-11-20
C003083,Small Business,New,France,Western Europe,2024-12-16
C003084,Private,New,Spain,Southern Europe,2024-12-15
C003085,Small Business,New,Spain,Southern Europe,2025-08-16
C003086,Private,Existing,Germany,DACH,2024-08-27
C003087,Enterprise,New,Germany,DACH,2024-10-11
C003088,Small Business,New,Austria,DACH,2025-09-17
C003089,Fleet,Existing,France,Western Europe,2024-09-22
C003090,Small Business,Existing,Italy,Southern Europe,2025-10-11
C003091,Fleet,New,Italy,Southern Europe,2024-04-22
C003092,Small Business,New,Italy,Southern Europe,2024-12-13
C003093,Small Business,New,Italy,Southern Europe,2024-12-08
C003094,Enterprise,Existing,Netherlands,Benelux,2024-08-02
C003095,Small Business,New,Austria,DACH,2025-11-05
C003096,Enterprise,New,Germany,DACH,2024-12-03
C003097,Small Business,New,Germany,DACH,2025-09-07
C003098,Fleet,New,Germany,DACH,2024-06-02
C003099,Fleet,Existing,Germany,DACH,2024-09-01
C003100,Enterprise,New,Germany,DACH,2024-11-30
C003101,Small Business,New,Netherlands,Benelux,2025-01-29
C003102,Small Business,New,Germany,DACH,2024-06-09
C003103,Private,New,Netherlands,Benelux,2024-08-07
C003104,Private,New,Spain,Southern Europe,2025-03-11
C003105,Private,New,France,Western Europe,2024-07-13
C003106,Small Business,Existing,France,Western Europe,2025-06-15
C003107,Small Business,Existing,Germany,DACH,2024-11-29
C003108,Private,New,France,Western Europe,2025-11-09
C003109,Private,Existing,Germany,DACH,2024-06-15
C003110,Private,New,Netherlands,Benelux,2025-08-12
C003111,Small Business,New,Germany,DACH,2024-12-09
C003112,Small Business,New,Germany,DACH,2024-03-01
C003113,Enterprise,New,Spain,Southern Europe,2025-05-08
C003114,Private,New,France,Western Europe,2024-05-28
C003115,Small Business,New,Austria,DACH,2024-04-06
C003116,Enterprise,Existing,France,Western Europe,2025-01-07
C003117,Private,New,Germany,DACH,2025-07-04
C003118,Fleet,Existing,France,Western Europe,2024-06-29
C003119,Fleet,New,Germany,DACH,2025-03-12
C003120,Private,New,Germany,DACH,2024-01-11
C003121,Fleet,New,Germany,DACH,2024-05-09
C003122,Private,New,Germany,DACH,2025-06-12
C003123,Private,New,Germany,DACH,2024-01-10
C003124,Small Business,Existing,Austria,DACH,2024-09-07
C003125,Enterprise,Existing,Germany,DACH,2024-12-21
C003126,Fleet,New,Germany,DACH,2024-02-16
C003127,Fleet,New,France,Western Europe,2025-11-15
C003128,Private,New,Germany,DACH,2024-12-22
C003129,Private,New,Spain,Southern Europe,2024-08-25
C003130,Fleet,New,Netherlands,Benelux,2025-11-15
C003131,Private,New,Austria,DACH,2025-01-25
C003132,Enterprise,Existing,Italy,Southern Europe,2025-04-19
C003133,Private,New,Germany,DACH,2024-03-04
C003134,Private,New,Germany,DACH,2024-04-21
C003135,Small Business,New,Spain,Southern Europe,2024-02-01
C003136,Fleet,Existing,Spain,Southern Europe,2024-12-26
C003137,Private,New,Italy,Southern Europe,2025-08-08
C003138,Small Business,New,Germany,DACH,2025-09-23
C003139,Private,New,Spain,Southern Europe,2025-02-06
C003140,Fleet,Existing,Germany,DACH,2024-02-07
C003141,Small Business,New,Germany,DACH,2025-03-14
C003142,Small Business,New,Germany,DACH,2025-03-22
C003143,Small Business,New,Netherlands,Benelux,2025-02-21
C003144,Fleet,Existing,Germany,DACH,2025-05-19
C003145,Private,New,Italy,Southern Europe,2025-01-25
C003146,Private,New,France,Western Europe,2025-05-07
C003147,Small Business,Existing,Spain,Southern Europe,2024-12-06
C003148,Small Business,New,Spain,Southern Europe,2024-04-15
C003149,Private,New,Italy,Southern Europe,2024-02-25
C003150,Small Business,New,Germany,DACH,2025-09-27
C003151,Fleet,Existing,Germany,DACH,2024-11-04
C003152,Fleet,Existing,France,Western Europe,2024-08-13
C003153,Private,New,Germany,DACH,2024-07-24
C003154,Enterprise,New,Germany,DACH,2024-02-06
C003155,Private,Existing,Germany,DACH,2025-10-23
C003156,Enterprise,Existing,Germany,DACH,2024-02-28
C003157,Enterprise,New,Germany,DACH,2024-06-02
C003158,Small Business,New,Germany,DACH,2024-11-16
C003159,Small Business,Existing,Italy,Southern Europe,2024-09-07
C003160,Fleet,New,Germany,DACH,2024-01-28
C003161,Fleet,New,Netherlands,Benelux,2024-08-18
C003162,Private,New,Netherlands,Benelux,2025-06-29
C003163,Small Business,Existing,Germany,DACH,2024-06-24
C003164,Small Business,New,Spain,Southern Europe,2025-08-29
C003165,Fleet,New,France,Western Europe,2024-09-09
C003166,Private,New,Spain,Southern Europe,2024-01-10
C003167,Private,New,Germany,DACH,2024-03-17
C003168,Enterprise,New,Germany,DACH,2025-07-21
C003169,Small Business,New,Germany,DACH,2024-10-10
C003170,Fleet,New,France,Western Europe,2025-11-17
C003171,Enterprise,Existing,Netherlands,Benelux,2025-07-06
C003172,Private,New,France,Western Europe,2024-01-22
C003173,Private,Existing,Spain,Southern Europe,2024-08-06
C003174,Fleet,New,Netherlands,Benelux,2025-05-22
C003175,Small Business,New,France,Western Europe,2024-02-14
C003176,Enterprise,New,Germany,DACH,2025-11-30
C003177,Private,New,Italy,Southern Europe,2024-04-26
C003178,Private,New,Germany,DACH,2025-07-11
C003179,Fleet,New,Germany,DACH,2025-08-11
C003180,Fleet,Existing,France,Western Europe,2024-12-19
C003181,Small Business,New,Netherlands,Benelux,2025-07-16
C003182,Private,Existing,Germany,DACH,2025-09-11
C003183,Fleet,New,Austria,DACH,2025-05-29
C003184,Small Business,New,Germany,DACH,2025-05-10
C003185,Fleet,New,Germany,DACH,2024-09-29
C003186,Enterprise,New,Germany,DACH,2024-07-23
C003187,Fleet,New,Spain,Southern Europe,2025-08-30
C003188,Fleet,New,Italy,Southern Europe,2024-06-06
C003189,Private,New,Germany,DACH,2024-10-17
C003190,Private,Existing,Germany,DACH,2024-12-24
C003191,Private,New,Germany,DACH,2024-09-30
C003192,Enterprise,Existing,Germany,DACH,2024-09-18
C003193,Small Business,New,France,Western Europe,2025-02-23
C003194,Enterprise,New,Spain,Southern Europe,2024-08-18
C003195,Enterprise,New,France,Western Europe,2025-11-23
C003196,Fleet,New,Germany,DACH,2024-05-04
C003197,Private,Existing,France,Western Europe,2024-09-29
C003198,Small Business,Existing,Germany,DACH,2025-08-14
C003199,Fleet,New,Germany,DACH,2024-11-28
C003200,Small Business,New,Netherlands,Benelux,2025-05-08
C003201,Small Business,Existing,Spain,Southern Europe,2025-03-28
C003202,Enterprise,New,Netherlands,Benelux,2024-08-19
C003203,Small Business,New,Italy,Southern Europe,2025-06-04
C003204,Private,New,France,Western Europe,2024-06-15
C003205,Small Business,New,Netherlands,Benelux,2025-06-08
C003206,Fleet,New,Germany,DACH,2024-03-30
C003207,Fleet,New,Germany,DACH,2025-04-30
C003208,Fleet,Existing,Germany,DACH,2024-03-19
C003209,Private,New,Germany,DACH,2025-08-31
C003210,Enterprise,Existing,Germany,DACH,2025-03-13
C003211,Fleet,Existing,Germany,DACH,2024-01-29
C003212,Enterprise,New,Spain,Southern Europe,2024-03-17
C003213,Private,New,Spain,Southern Europe,2024-05-11
C003214,Private,New,France,Western Europe,2025-11-03
C003215,Small Business,Existing,Germany,DACH,2025-02-16
C003216,Small Business,New,Spain,Southern Europe,2024-07-14
C003217,Enterprise,Existing,Germany,DACH,2024-07-12
C003218,Private,New,Germany,DACH,2024-01-19
C003219,Fleet,New,Germany,DACH,2024-05-22
C003220,Private,New,Germany,DACH,2025-08-21
C003221,Small Business,New,Germany,DACH,2025-02-23
C003222,Private,New,Italy,Southern Europe,2024-09-14
C003223,Fleet,New,Spain,Southern Europe,2024-01-15
C003224,Enterprise,New,Spain,Southern Europe,2024-08-28
C003225,Small Business,New,Germany,DACH,2024-09-25
C003226,Small Business,New,Italy,Southern Europe,2024-03-24
C003227,Private,New,France,Western Europe,2025-03-01
C003228,Small Business,New,Germany,DACH,2025-04-07
C003229,Enterprise,New,France,Western Europe,2025-11-29
C003230,Private,Existing,Austria,DACH,2024-09-08
C003231,Small Business,New,Austria,DACH,2024-07-12
C003232,Small Business,New,Germany,DACH,2025-07-30
C003233,Enterprise,New,France,Western Europe,2024-09-02
C003234,Private,New,Germany,DACH,2025-03-17
C003235,Enterprise,Existing,Germany,DACH,2025-05-31
C003236,Small Business,New,Germany,DACH,2025-09-07
C003237,Enterprise,New,Netherlands,Benelux,2024-08-11
C003238,Fleet,New,Germany,DACH,2025-03-11
C003239,Private,New,Germany,DACH,2024-04-01
C003240,Fleet,New,Germany,DACH,2025-06-29
C003241,Small Business,New,Italy,Southern Europe,2024-02-01
C003242,Enterprise,New,France,Western Europe,2025-05-02
C003243,Enterprise,Existing,Italy,Southern Europe,2024-05-26
C003244,Fleet,New,Germany,DACH,2024-11-19
C003245,Enterprise,New,Germany,DACH,2024-02-23
C003246,Small Business,Existing,France,Western Europe,2025-04-27
C003247,Small Business,Existing,Germany,DACH,2024-12-03
C003248,Small Business,New,Italy,Southern Europe,2025-04-09
C003249,Fleet,Existing,Italy,Southern Europe,2024-08-31
C003250,Small Business,New,Austria,DACH,2024-01-05
C003251,Fleet,Existing,Netherlands,Benelux,2025-02-10
C003252,Small Business,New,France,Western Europe,2025-05-04
C003253,Private,New,Germany,DACH,2025-04-10
C003254,Private,New,Austria,DACH,2024-07-02
C003255,Private,New,Germany,DACH,2025-05-16
C003256,Small Business,New,Italy,Southern Europe,2025-01-14
C003257,Private,New,Germany,DACH,2024-05-27
C003258,Small Business,New,Germany,DACH,2024-03-18
C003259,Private,New,France,Western Europe,2024-08-15
C003260,Private,Existing,Germany,DACH,2024-01-17
C003261,Fleet,New,Germany,DACH,2025-05-16
C003262,Small Business,New,Spain,Southern Europe,2024-01-11
C003263,Private,New,Germany,DACH,2024-02-03
C003264,Enterprise,New,Austria,DACH,2024-04-20
C003265,Private,New,Germany,DACH,2024-08-16
C003266,Enterprise,New,Germany,DACH,2024-01-14
C003267,Enterprise,New,Germany,DACH,2025-03-16
C003268,Small Business,New,Spain,Southern Europe,2024-04-02
C003269,Private,New,Netherlands,Benelux,2025-07-16
C003270,Fleet,Existing,Germany,DACH,2025-01-26
C003271,Fleet,New,Netherlands,Benelux,2024-02-28
C003272,Small Business,New,France,Western Europe,2024-10-07
C003273,Enterprise,Existing,France,Western Europe,2024-04-08
C003274,Private,New,Spain,Southern Europe,2025-11-17
C003275,Small Business,New,Spain,Southern Europe,2025-02-18
C003276,Fleet,Existing,Italy,Southern Europe,2025-07-20
C003277,Fleet,New,Austria,DACH,2024-09-19
C003278,Private,Existing,France,Western Europe,2024-04-12
C003279,Enterprise,New,Germany,DACH,2024-06-13
C003280,Fleet,New,Germany,DACH,2024-10-18
C003281,Fleet,New,France,Western Europe,2025-06-23
C003282,Private,New,Germany,DACH,2024-10-28
C003283,Fleet,Existing,Germany,DACH,2025-10-12
C003284,Fleet,New,Germany,DACH,2024-09-10
C003285,Small Business,Existing,Germany,DACH,2024-06-12
C003286,Small Business,New,France,Western Europe,2024-12-12
C003287,Fleet,Existing,France,Western Europe,2024-03-18
C003288,Enterprise,Existing,Austria,DACH,2025-04-13
C003289,Fleet,New,Germany,DACH,2024-03-11
C003290,Small Business,Existing,Austria,DACH,2025-03-24
C003291,Private,Existing,Germany,DACH,2024-09-24
C003292,Enterprise,New,Spain,Southern Europe,2024-09-06
C003293,Fleet,New,France,Western Europe,2025-03-03
C003294,Small Business,New,Austria,DACH,2025-05-08
C003295,Private,New,Austria,DACH,2025-10-12
C003296,Fleet,New,Netherlands,Benelux,2024-07-21
C003297,Private,New,Spain,Southern Europe,2025-07-22
C003298,Small Business,New,Austria,DACH,2025-08-07
C003299,Small Business,New,Austria,DACH,2025-11-27
C003300,Fleet,New,Germany,DACH,2025-11-06
C003301,Private,New,Netherlands,Benelux,2025-07-07
C003302,Fleet,Existing,Germany,DACH,2024-07-25
C003303,Small Business,Existing,Germany,DACH,2025-05-01
C003304,Fleet,Existing,Netherlands,Benelux,2025-07-03
C003305,Private,New,Spain,Southern Europe,2024-07-23
C003306,Small Business,New,Germany,DACH,2025-07-23
C003307,Private,Existing,Germany,DACH,2025-05-06
C003308,Private,New,Germany,DACH,2024-12-09
C003309,Fleet,New,France,Western Europe,2025-08-26
C003310,Enterprise,New,Germany,DACH,2024-03-02
C003311,Enterprise,New,Netherlands,Benelux,2025-04-23
C003312,Small Business,New,Netherlands,Benelux,2025-07-04
C003313,Small Business,New,France,Western Europe,2024-01-29
C003314,Small Business,Existing,France,Western Europe,2024-10-12
C003315,Small Business,New,Germany,DACH,2024-12-27
C003316,Fleet,New,Germany,DACH,2024-05-25
C003317,Enterprise,New,Spain,Southern Europe,2025-09-07
C003318,Enterprise,New,Germany,DACH,2025-03-14
C003319,Small Business,Existing,Germany,DACH,2024-07-11
C003320,Fleet,New,Germany,DACH,2024-11-01
C003321,Small Business,New,Germany,DACH,2024-03-19
C003322,Fleet,New,Austria,DACH,2024-03-02
C003323,Small Business,Existing,Spain,Southern Europe,2025-06-06
C003324,Enterprise,Existing,Italy,Southern Europe,2025-11-19
C003325,Enterprise,New,France,Western Europe,2024-07-12
C003326,Small Business,New,Italy,Southern Europe,2024-06-20
C003327,Private,Existing,Germany,DACH,2025-04-23
C003328,Private,New,Italy,Southern Europe,2024-12-23
C003329,Private,New,France,Western Europe,2024-04-07
C003330,Fleet,New,Germany,DACH,2025-04-12
C003331,Small Business,New,Netherlands,Benelux,2024-05-26
C003332,Private,New,Germany,DACH,2024-03-21
C003333,Small Business,New,Germany,DACH,2024-11-20
C003334,Private,New,Germany,DACH,2025-06-01
C003335,Small Business,New,Germany,DACH,2024-12-30
C003336,Private,New,Germany,DACH,2025-03-29
C003337,Private,New,France,Western Europe,2024-06-15
C003338,Small Business,Existing,Italy,Southern Europe,2024-12-11
C003339,Fleet,New,Germany,DACH,2025-05-14
C003340,Private,New,France,Western Europe,2025-01-04
C003341,Small Business,New,Germany,DACH,2024-06-16
C003342,Private,New,Italy,Southern Europe,2025-10-30
C003343,Private,New,Germany,DACH,2024-02-17
C003344,Fleet,New,Germany,DACH,2025-09-29
C003345,Private,New,France,Western Europe,2025-05-22
C003346,Fleet,Existing,France,Western Europe,2024-03-19
C003347,Private,Existing,Spain,Southern Europe,2024-06-27
C003348,Small Business,Existing,France,Western Europe,2024-09-15
C003349,Small Business,New,Spain,Southern Europe,2025-11-01
C003350,Small Business,Existing,Germany,DACH,2024-12-27
C003351,Enterprise,Existing,Germany,DACH,2024-06-29
C003352,Enterprise,Existing,Germany,DACH,2025-10-05
C003353,Private,Existing,Germany,DACH,2024-03-23
C003354,Small Business,Existing,Germany,DACH,2025-07-25
C003355,Fleet,Existing,Austria,DACH,2025-08-04
C003356,Private,New,Germany,DACH,2024-09-27
C003357,Private,New,France,Western Europe,2024-01-31
C003358,Small Business,New,Austria,DACH,2025-09-12
C003359,Enterprise,New,France,Western Europe,2025-11-08
C003360,Small Business,New,France,Western Europe,2024-09-21
C003361,Small Business,New,Germany,DACH,2024-05-10
C003362,Enterprise,New,Germany,DACH,2024-07-08
C003363,Fleet,New,France,Western Europe,2024-04-05
C003364,Fleet,Existing,France,Western Europe,2025-03-02
C003365,Private,New,Germany,DACH,2024-12-29
C003366,Enterprise,New,Germany,DACH,2024-09-06
C003367,Small Business,New,Spain,Southern Europe,2025-03-31
C003368,Private,New,France,Western Europe,2025-03-11
C003369,Fleet,New,Germany,DACH,2024-01-08
C003370,Small Business,New,Austria,DACH,2024-10-13
C003371,Fleet,New,Italy,Southern Europe,2025-08-27
C003372,Fleet,New,Germany,DACH,2025-07-11
C003373,Small Business,New,Italy,Southern Europe,2025-08-21
C003374,Fleet,New,Germany,DACH,2025-10-30
C003375,Private,Existing,France,Western Europe,2024-02-12
C003376,Private,Existing,Austria,DACH,2024-07-08
C003377,Private,New,Germany,DACH,2024-11-17
C003378,Private,Existing,Italy,Southern Europe,2024-12-23
C003379,Fleet,Existing,Austria,DACH,2025-07-04
C003380,Fleet,Existing,Netherlands,Benelux,2025-05-22
C003381,Fleet,New,Germany,DACH,2025-05-09
C003382,Private,New,Italy,Southern Europe,2024-04-20
C003383,Small Business,New,Netherlands,Benelux,2025-04-19
C003384,Small Business,New,France,Western Europe,2025-07-11
C003385,Small Business,New,Germany,DACH,2025-06-10
C003386,Fleet,New,Spain,Southern Europe,2025-02-12
C003387,Enterprise,New,France,Western Europe,2024-03-02
C003388,Private,Existing,Netherlands,Benelux,2024-04-14
C003389,Fleet,New,Austria,DACH,2025-06-04
C003390,Private,Existing,Germany,DACH,2025-08-30
C003391,Private,Existing,Germany,DACH,2025-07-31
C003392,Fleet,Existing,Spain,Southern Europe,2024-10-25
C003393,Fleet,Existing,Netherlands,Benelux,2025-02-15
C003394,Private,New,Germany,DACH,2024-05-03
C003395,Small Business,New,Spain,Southern Europe,2025-02-18
C003396,Fleet,Existing,Netherlands,Benelux,2024-05-16
C003397,Fleet,New,Germany,DACH,2025-07-10
C003398,Private,New,Germany,DACH,2025-07-03
C003399,Enterprise,New,Spain,Southern Europe,2024-02-05
C003400,Private,New,France,Western Europe,2025-10-17
C003401,Fleet,New,Germany,DACH,2025-07-11
C003402,Small Business,New,Italy,Southern Europe,2024-09-21
C003403,Private,New,France,Western Europe,2024-11-11
C003404,Private,New,Italy,Southern Europe,2024-02-25
C003405,Enterprise,New,Italy,Southern Europe,2025-10-17
C003406,Private,New,Italy,Southern Europe,2024-03-11
C003407,Small Business,New,France,Western Europe,2025-10-07
C003408,Private,New,Germany,DACH,2025-04-03
C003409,Enterprise,New,France,Western Europe,2025-10-05
C003410,Private,New,Germany,DACH,2024-09-16
C003411,Private,Existing,France,Western Europe,2025-09-18
C003412,Fleet,New,Germany,DACH,2024-10-25
C003413,Private,Existing,France,Western Europe,2024-09-02
C003414,Small Business,New,Germany,DACH,2024-08-23
C003415,Small Business,New,Germany,DACH,2025-10-28
C003416,Private,New,Germany,DACH,2024-11-21
C003417,Enterprise,Existing,France,Western Europe,2024-11-30
C003418,Enterprise,New,Spain,Southern Europe,2025-03-26
C003419,Fleet,New,Germany,DACH,2025-01-24
C003420,Small Business,New,Italy,Southern Europe,2025-01-13
C003421,Small Business,New,Italy,Southern Europe,2024-09-22
C003422,Private,Existing,Germany,DACH,2024-04-24
C003423,Private,Existing,France,Western Europe,2025-11-27
C003424,Enterprise,New,Germany,DACH,2024-12-09
C003425,Fleet,New,Germany,DACH,2025-11-11
C003426,Private,New,France,Western Europe,2024-11-18
C003427,Private,Existing,Germany,DACH,2025-02-23
C003428,Small Business,New,Italy,Southern Europe,2025-01-17
C003429,Enterprise,New,Netherlands,Benelux,2025-11-07
C003430,Private,Existing,Italy,Southern Europe,2024-03-18
C003431,Small Business,Existing,France,Western Europe,2024-12-28
C003432,Small Business,New,France,Western Europe,2024-04-17
C003433,Enterprise,New,Netherlands,Benelux,2025-08-30
C003434,Private,New,Germany,DACH,2025-01-06
C003435,Private,Existing,Germany,DACH,2025-10-08
C003436,Private,New,France,Western Europe,2024-07-11
C003437,Fleet,New,Germany,DACH,2024-04-24
C003438,Private,New,Germany,DACH,2025-03-16
C003439,Enterprise,New,Germany,DACH,2024-04-12
C003440,Small Business,New,France,Western Europe,2024-09-17
C003441,Private,Existing,Germany,DACH,2024-08-07
C003442,Small Business,New,Germany,DACH,2024-06-03
C003443,Fleet,New,Germany,DACH,2024-04-01
C003444,Fleet,Existing,Germany,DACH,2025-04-04
C003445,Enterprise,New,Italy,Southern Europe,2025-06-14
C003446,Small Business,New,Germany,DACH,2024-10-02
C003447,Fleet,Existing,France,Western Europe,2024-07-15
C003448,Private,New,Spain,Southern Europe,2024-04-20
C003449,Small Business,Existing,Germany,DACH,2025-04-18
C003450,Private,New,Italy,Southern Europe,2025-07-20
C003451,Enterprise,New,Spain,Southern Europe,2025-01-18
C003452,Small Business,New,France,Western Europe,2024-10-29
C003453,Small Business,New,Germany,DACH,2025-03-29
C003454,Enterprise,New,Germany,DACH,2025-10-02
C003455,Small Business,New,Netherlands,Benelux,2025-11-23
C003456,Small Business,New,Spain,Southern Europe,2024-05-15
C003457,Enterprise,New,Netherlands,Benelux,2024-11-29
C003458,Enterprise,Existing,Italy,Southern Europe,2025-09-05
C003459,Private,New,Germany,DACH,2025-03-18
C003460,Private,New,Spain,Southern Europe,2025-07-25
C003461,Enterprise,New,Austria,DACH,2025-11-28
C003462,Private,New,Spain,Southern Europe,2024-03-13
C003463,Private,New,Germany,DACH,2025-03-04
C003464,Private,New,Germany,DACH,2025-01-07
C003465,Private,New,Spain,Southern Europe,2024-07-18
C003466,Fleet,New,Spain,Southern Europe,2025-04-02
C003467,Fleet,New,France,Western Europe,2024-03-13
C003468,Fleet,Existing,Germany,DACH,2024-12-12
C003469,Fleet,New,Germany,DACH,2024-10-17
C003470,Fleet,New,Netherlands,Benelux,2024-09-30
C003471,Fleet,New,Austria,DACH,2025-03-05
C003472,Private,Existing,Austria,DACH,2025-10-22
C003473,Fleet,New,France,Western Europe,2025-10-25
C003474,Small Business,New,Germany,DACH,2025-05-05
C003475,Small Business,New,France,Western Europe,2024-08-19
C003476,Small Business,New,Austria,DACH,2025-11-07
C003477,Private,New,Italy,Southern Europe,2025-11-29
C003478,Fleet,New,Italy,Southern Europe,2025-08-15
C003479,Small Business,Existing,Netherlands,Benelux,2025-09-03
C003480,Private,Existing,France,Western Europe,2025-07-25
C003481,Small Business,New,Austria,DACH,2025-06-16
C003482,Small Business,New,Spain,Southern Europe,2025-05-22
C003483,Private,New,Italy,Southern Europe,2025-03-22
C003484,Private,New,France,Western Europe,2025-03-28
C003485,Private,New,Spain,Southern Europe,2024-09-29
C003486,Private,Existing,Spain,Southern Europe,2025-09-12
C003487,Enterprise,New,France,Western Europe,2025-03-20
C003488,Small Business,New,Spain,Southern Europe,2025-03-05
C003489,Private,New,Germany,DACH,2025-06-03
C003490,Private,Existing,Austria,DACH,2024-02-22
C003491,Small Business,New,France,Western Europe,2025-10-05
C003492,Enterprise,Existing,Germany,DACH,2025-02-11
C003493,Fleet,Existing,Italy,Southern Europe,2025-10-23
C003494,Enterprise,New,France,Western Europe,2024-03-12
C003495,Private,New,Germany,DACH,2024-06-12
C003496,Fleet,New,Italy,Southern Europe,2025-10-26
C003497,Small Business,New,Spain,Southern Europe,2025-04-29
C003498,Enterprise,New,Spain,Southern Europe,2025-03-28
C003499,Private,New,Germany,DACH,2024-10-10
C003500,Small Business,New,Italy,Southern Europe,2025-01-23
C003501,Small Business,Existing,Germany,DACH,2025-01-17
C003502,Private,New,France,Western Europe,2024-05-18
C003503,Small Business,New,Germany,DACH,2025-01-31
C003504,Private,New,France,Western Europe,2024-12-27
C003505,Private,New,Spain,Southern Europe,2024-08-07
C003506,Small Business,New,France,Western Europe,2024-08-27
C003507,Private,New,Austria,DACH,2025-06-21
C003508,Small Business,Existing,Italy,Southern Europe,2025-04-17
C003509,Enterprise,New,Spain,Southern Europe,2024-11-24
C003510,Enterprise,Existing,Germany,DACH,2025-02-27
C003511,Small Business,New,Netherlands,Benelux,2024-06-17
C003512,Fleet,New,Spain,Southern Europe,2024-12-15
C003513,Fleet,Existing,Netherlands,Benelux,2025-01-28
C003514,Enterprise,New,Netherlands,Benelux,2024-06-25
C003515,Fleet,New,Italy,Southern Europe,2024-04-28
C003516,Private,Existing,Spain,Southern Europe,2025-01-03
C003517,Enterprise,New,France,Western Europe,2025-10-20
C003518,Small Business,New,Germany,DACH,2024-11-19
C003519,Private,New,France,Western Europe,2025-09-23
C003520,Small Business,New,Spain,Southern Europe,2025-08-18
C003521,Private,New,France,Western Europe,2025-06-05
C003522,Fleet,Existing,Italy,Southern Europe,2025-09-18
C003523,Enterprise,New,Germany,DACH,2024-10-14
C003524,Fleet,New,Germany,DACH,2025-06-15
C003525,Small Business,New,France,Western Europe,2024-04-11
C003526,Private,New,Austria,DACH,2024-08-11
C003527,Private,Existing,Germany,DACH,2025-01-31
C003528,Private,New,Germany,DACH,2024-01-27
C003529,Private,New,Italy,Southern Europe,2025-06-19
C003530,Small Business,New,Austria,DACH,2025-10-09
C003531,Private,Existing,Germany,DACH,2024-03-14
C003532,Small Business,New,Germany,DACH,2025-11-25
C003533,Small Business,New,Austria,DACH,2024-03-02
C003534,Enterprise,Existing,Germany,DACH,2024-03-29
C003535,Private,New,Spain,Southern Europe,2025-06-17
C003536,Small Business,New,Spain,Southern Europe,2025-04-24
C003537,Small Business,Existing,Germany,DACH,2025-10-17
C003538,Enterprise,Existing,France,Western Europe,2024-10-24
C003539,Small Business,New,Germany,DACH,2025-02-04
C003540,Small Business,Existing,Germany,DACH,2024-04-13
C003541,Small Business,New,Italy,Southern Europe,2025-04-29
C003542,Small Business,Existing,France,Western Europe,2025-11-29
C003543,Small Business,New,Italy,Southern Europe,2025-02-21
C003544,Enterprise,New,Germany,DACH,2025-10-15
C003545,Fleet,New,Germany,DACH,2024-10-02
C003546,Fleet,Existing,Austria,DACH,2025-11-18
C003547,Private,Existing,Austria,DACH,2025-01-10
C003548,Private,New,Netherlands,Benelux,2024-04-10
C003549,Private,New,Germany,DACH,2024-09-10
C003550,Private,New,Italy,Southern Europe,2024-12-10
C003551,Private,New,Italy,Southern Europe,2024-02-16
C003552,Private,Existing,France,Western Europe,2025-09-19
C003553,Private,New,Germany,DACH,2024-06-16
C003554,Private,Existing,France,Western Europe,2025-04-17
C003555,Private,Existing,Germany,DACH,2025-10-05
C003556,Small Business,New,Spain,Southern Europe,2024-10-31
C003557,Private,New,Austria,DACH,2025-03-02
C003558,Private,Existing,Netherlands,Benelux,2024-12-27
C003559,Small Business,Existing,France,Western Europe,2025-06-18
C003560,Enterprise,New,France,Western Europe,2024-01-28
C003561,Small Business,New,Spain,Southern Europe,2024-09-08
C003562,Small Business,New,France,Western Europe,2025-03-04
C003563,Enterprise,Existing,Italy,Southern Europe,2024-03-04
C003564,Small Business,New,Germany,DACH,2025-08-24
C003565,Fleet,New,Netherlands,Benelux,2025-03-18
C003566,Fleet,Existing,Italy,Southern Europe,2024-01-02
C003567,Enterprise,New,Italy,Southern Europe,2024-01-09
C003568,Fleet,New,Austria,DACH,2024-04-21
C003569,Private,New,Italy,Southern Europe,2025-04-09
C003570,Private,Existing,Germany,DACH,2024-12-28
C003571,Private,New,Spain,Southern Europe,2024-12-03
C003572,Enterprise,New,Germany,DACH,2025-01-27
C003573,Private,Existing,Germany,DACH,2024-12-12
C003574,Fleet,New,Austria,DACH,2024-08-28
C003575,Enterprise,New,Germany,DACH,2024-01-06
C003576,Fleet,Existing,Germany,DACH,2024-01-20
C003577,Small Business,New,Italy,Southern Europe,2025-04-27
C003578,Small Business,Existing,Germany,DACH,2025-06-04
C003579,Private,Existing,Spain,Southern Europe,2024-06-16
C003580,Small Business,New,Germany,DACH,2024-06-19
C003581,Private,New,Spain,Southern Europe,2024-10-12
C003582,Fleet,New,Spain,Southern Europe,2025-03-27
C003583,Fleet,New,Germany,DACH,2025-02-19
C003584,Small Business,New,Spain,Southern Europe,2025-01-26
C003585,Private,New,Italy,Southern Europe,2024-01-26
C003586,Fleet,Existing,Italy,Southern Europe,2024-10-28
C003587,Small Business,New,Germany,DACH,2025-06-10
C003588,Fleet,Existing,Austria,DACH,2025-02-17
C003589,Fleet,New,Spain,Southern Europe,2025-07-18
C003590,Private,New,Germany,DACH,2025-05-01
C003591,Fleet,New,Italy,Southern Europe,2025-09-21
C003592,Small Business,New,Germany,DACH,2025-02-04
C003593,Enterprise,New,Italy,Southern Europe,2025-02-02
C003594,Fleet,New,Germany,DACH,2025-01-25
C003595,Small Business,Existing,Germany,DACH,2024-07-04
C003596,Private,New,Netherlands,Benelux,2024-11-01
C003597,Private,New,Italy,Southern Europe,2024-04-28
C003598,Private,Existing,Italy,Southern Europe,2024-10-28
C003599,Fleet,New,Netherlands,Benelux,2024-04-14
C003600,Fleet,New,Austria,DACH,2024-12-09
C003601,Fleet,New,Germany,DACH,2025-10-29
C003602,Small Business,New,Germany,DACH,2024-11-12
C003603,Small Business,New,France,Western Europe,2025-06-01
C003604,Enterprise,New,Germany,DACH,2024-11-03
C003605,Private,New,Netherlands,Benelux,2025-09-26
C003606,Fleet,New,Germany,DACH,2024-05-27
C003607,Small Business,New,Germany,DACH,2025-08-07
C003608,Private,Existing,Germany,DACH,2025-05-22
C003609,Small Business,New,Germany,DACH,2025-09-14
C003610,Small Business,New,Germany,DACH,2024-04-03
C003611,Small Business,Existing,France,Western Europe,2025-09-18
C003612,Private,New,Germany,DACH,2025-09-28
C003613,Private,New,France,Western Europe,2024-07-26
C003614,Small Business,New,Italy,Southern Europe,2025-03-13
C003615,Small Business,Existing,France,Western Europe,2025-02-14
C003616,Private,New,Spain,Southern Europe,2024-02-04
C003617,Private,New,Germany,DACH,2025-01-02
C003618,Private,Existing,Germany,DACH,2025-04-06
C003619,Small Business,New,Germany,DACH,2024-05-23
C003620,Private,New,Netherlands,Benelux,2024-09-10
C003621,Enterprise,New,France,Western Europe,2025-02-13
C003622,Private,New,Germany,DACH,2025-10-12
C003623,Small Business,Existing,Austria,DACH,2024-02-12
C003624,Private,Existing,Italy,Southern Europe,2025-10-17
C003625,Fleet,New,France,Western Europe,2025-07-25
C003626,Small Business,New,France,Western Europe,2025-08-15
C003627,Small Business,New,Italy,Southern Europe,2024-02-03
C003628,Enterprise,New,France,Western Europe,2025-02-01
C003629,Fleet,Existing,France,Western Europe,2024-09-15
C003630,Enterprise,New,Germany,DACH,2025-10-05
C003631,Fleet,New,Germany,DACH,2025-06-02
C003632,Fleet,Existing,Netherlands,Benelux,2025-03-30
C003633,Small Business,Existing,France,Western Europe,2024-01-20
C003634,Private,New,Germany,DACH,2025-09-04
C003635,Small Business,Existing,France,Western Europe,2024-12-08
C003636,Fleet,New,Germany,DACH,2024-04-22
C003637,Small Business,New,Italy,Southern Europe,2025-09-03
C003638,Fleet,New,Germany,DACH,2025-09-24
C003639,Fleet,Existing,Italy,Southern Europe,2024-12-13
C003640,Small Business,New,France,Western Europe,2025-04-08
C003641,Small Business,New,Germany,DACH,2025-03-03
C003642,Enterprise,Existing,Germany,DACH,2024-07-31
C003643,Small Business,New,Italy,Southern Europe,2025-06-07
C003644,Small Business,New,Germany,DACH,2025-11-29
C003645,Fleet,New,Germany,DACH,2025-10-15
C003646,Fleet,Existing,Spain,Southern Europe,2025-04-25
C003647,Private,New,Germany,DACH,2024-09-09
C003648,Small Business,Existing,Germany,DACH,2025-09-27
C003649,Fleet,New,Germany,DACH,2025-10-11
C003650,Private,New,Italy,Southern Europe,2024-01-04
C003651,Fleet,Existing,Germany,DACH,2024-08-24
C003652,Enterprise,New,Germany,DACH,2025-01-21
C003653,Enterprise,New,Germany,DACH,2025-02-08
C003654,Small Business,New,Germany,DACH,2025-05-13
C003655,Fleet,New,Germany,DACH,2024-12-25
C003656,Small Business,New,Germany,DACH,2024-01-10
C003657,Small Business,Existing,Germany,DACH,2024-04-26
C003658,Fleet,New,Germany,DACH,2025-06-17
C003659,Private,New,Italy,Southern Europe,2025-04-30
C003660,Fleet,New,Germany,DACH,2025-04-01
C003661,Small Business,New,Germany,DACH,2024-11-04
C003662,Small Business,New,Italy,Southern Europe,2024-07-11
C003663,Enterprise,Existing,Italy,Southern Europe,2024-08-03
C003664,Enterprise,New,France,Western Europe,2025-04-27
C003665,Small Business,Existing,Germany,DACH,2024-12-19
C003666,Private,New,Germany,DACH,2024-04-01
C003667,Fleet,New,Germany,DACH,2024-10-06
C003668,Private,Existing,Germany,DACH,2025-07-30
C003669,Private,New,Germany,DACH,2025-02-23
C003670,Enterprise,New,France,Western Europe,2025-08-29
C003671,Small Business,Existing,Germany,DACH,2024-12-22
C003672,Fleet,Existing,France,Western Europe,2024-12-05
C003673,Enterprise,New,Germany,DACH,2025-10-26
C003674,Small Business,New,Germany,DACH,2024-12-21
C003675,Small Business,New,Spain,Southern Europe,2024-04-04
C003676,Private,Existing,Italy,Southern Europe,2024-10-08
C003677,Private,New,Germany,DACH,2025-03-29
C003678,Private,New,France,Western Europe,2024-08-29
C003679,Private,New,Germany,DACH,2024-10-14
C003680,Private,New,Germany,DACH,2025-09-03
C003681,Small Business,New,Spain,Southern Europe,2024-10-31
C003682,Private,New,Germany,DACH,2024-08-01
C003683,Private,New,Austria,DACH,2024-03-16
C003684,Enterprise,Existing,Austria,DACH,2024-10-08
C003685,Small Business,New,Germany,DACH,2025-06-20
C003686,Small Business,New,Germany,DACH,2024-07-28
C003687,Private,New,Germany,DACH,2024-11-25
C003688,Small Business,New,Netherlands,Benelux,2025-04-04
C003689,Small Business,New,France,Western Europe,2025-10-11
C003690,Private,New,Germany,DACH,2025-07-23
C003691,Fleet,New,Germany,DACH,2024-07-19
C003692,Fleet,New,France,Western Europe,2024-04-25
C003693,Small Business,New,Germany,DACH,2025-04-14
C003694,Small Business,New,France,Western Europe,2024-06-27
C003695,Private,New,Spain,Southern Europe,2024-10-01
C003696,Fleet,New,Austria,DACH,2024-03-13
C003697,Small Business,New,Germany,DACH,2025-06-26
C003698,Fleet,New,Germany,DACH,2024-04-22
C003699,Small Business,New,Germany,DACH,2024-09-23
C003700,Small Business,New,Austria,DACH,2024-10-11
C003701,Small Business,Existing,Italy,Southern Europe,2024-01-30
C003702,Fleet,New,Germany,DACH,2025-06-27
C003703,Small Business,New,France,Western Europe,2025-03-08
C003704,Fleet,New,Spain,Southern Europe,2025-01-14
C003705,Fleet,New,Germany,DACH,2024-05-04
C003706,Fleet,Existing,Germany,DACH,2024-02-07
C003707,Small Business,New,Germany,DACH,2024-02-08
C003708,Small Business,New,France,Western Europe,2025-03-13
C003709,Small Business,Existing,Austria,DACH,2025-06-07
C003710,Fleet,New,Spain,Southern Europe,2025-07-10
C003711,Private,New,Italy,Southern Europe,2025-07-14
C003712,Small Business,New,Spain,Southern Europe,2024-10-02
C003713,Private,Existing,Netherlands,Benelux,2024-01-01
C003714,Private,New,Spain,Southern Europe,2024-06-20
C003715,Small Business,New,Italy,Southern Europe,2025-07-04
C003716,Small Business,New,Italy,Southern Europe,2025-06-18
C003717,Small Business,New,Spain,Southern Europe,2024-12-21
C003718,Small Business,New,Italy,Southern Europe,2024-01-17
C003719,Fleet,New,Netherlands,Benelux,2025-06-27
C003720,Small Business,New,Austria,DACH,2025-07-24
C003721,Private,New,France,Western Europe,2024-06-07
C003722,Fleet,New,France,Western Europe,2025-07-16
C003723,Private,New,Italy,Southern Europe,2025-03-23
C003724,Private,Existing,Austria,DACH,2025-09-13
C003725,Fleet,Existing,Italy,Southern Europe,2025-03-14
C003726,Enterprise,Existing,Spain,Southern Europe,2024-03-03
C003727,Enterprise,New,Netherlands,Benelux,2025-03-28
C003728,Fleet,New,Germany,DACH,2024-03-16
C003729,Small Business,New,Spain,Southern Europe,2024-06-30
C003730,Fleet,Existing,Spain,Southern Europe,2025-09-02
C003731,Small Business,New,Netherlands,Benelux,2025-11-08
C003732,Fleet,New,Italy,Southern Europe,2024-11-28
C003733,Fleet,New,France,Western Europe,2024-07-22
C003734,Fleet,Existing,France,Western Europe,2024-10-01
C003735,Private,Existing,Germany,DACH,2024-06-18
C003736,Small Business,Existing,Netherlands,Benelux,2025-02-05
C003737,Fleet,New,Germany,DACH,2024-10-21
C003738,Fleet,New,Spain,Southern Europe,2024-02-11
C003739,Private,Existing,Spain,Southern Europe,2025-03-03
C003740,Private,New,Austria,DACH,2025-03-26
C003741,Small Business,New,Germany,DACH,2025-04-11
C003742,Private,New,Germany,DACH,2025-10-23
C003743,Small Business,New,Italy,Southern Europe,2025-05-07
C003744,Private,New,France,Western Europe,2025-04-18
C003745,Private,New,Germany,DACH,2024-05-28
C003746,Fleet,Existing,Spain,Southern Europe,2024-11-21
C003747,Private,Existing,Germany,DACH,2024-10-31
C003748,Enterprise,New,Italy,Southern Europe,2025-11-03
C003749,Private,New,Germany,DACH,2024-11-28
C003750,Fleet,New,Germany,DACH,2025-04-26
C003751,Private,New,Germany,DACH,2025-01-13
C003752,Fleet,New,France,Western Europe,2024-02-09
C003753,Private,Existing,Austria,DACH,2025-10-16
C003754,Private,New,Spain,Southern Europe,2025-04-14
C003755,Small Business,New,Austria,DACH,2024-06-10
C003756,Small Business,Existing,Germany,DACH,2024-02-11
C003757,Small Business,Existing,Germany,DACH,2025-10-17
C003758,Small Business,New,Germany,DACH,2024-08-03
C003759,Fleet,New,Netherlands,Benelux,2024-01-12
C003760,Small Business,New,Germany,DACH,2025-03-06
C003761,Private,New,Netherlands,Benelux,2024-01-12
C003762,Small Business,New,Germany,DACH,2024-05-30
C003763,Small Business,New,Germany,DACH,2025-09-17
C003764,Private,New,Germany,DACH,2024-01-27
C003765,Fleet,New,Germany,DACH,2025-06-10
C003766,Fleet,New,Spain,Southern Europe,2025-03-08
C003767,Private,New,France,Western Europe,2024-08-02
C003768,Enterprise,New,Germany,DACH,2024-07-19
C003769,Private,New,France,Western Europe,2024-11-28
C003770,Small Business,New,France,Western Europe,2025-01-08
C003771,Small Business,Existing,Netherlands,Benelux,2025-09-15
C003772,Enterprise,New,Netherlands,Benelux,2024-07-01
C003773,Private,New,Spain,Southern Europe,2025-02-17
C003774,Private,New,Italy,Southern Europe,2025-04-25
C003775,Private,Existing,Spain,Southern Europe,2024-01-09
C003776,Small Business,New,Austria,DACH,2025-09-18
C003777,Fleet,New,Spain,Southern Europe,2025-11-25
C003778,Private,Existing,Germany,DACH,2024-03-01
C003779,Enterprise,New,Spain,Southern Europe,2024-07-02
C003780,Small Business,New,Netherlands,Benelux,2025-07-04
C003781,Private,New,Germany,DACH,2025-07-20
C003782,Small Business,Existing,Italy,Southern Europe,2024-04-19
C003783,Enterprise,Existing,Netherlands,Benelux,2025-10-04
C003784,Small Business,New,Germany,DACH,2024-08-18
C003785,Private,Existing,France,Western Europe,2024-07-24
C003786,Small Business,New,Netherlands,Benelux,2024-09-07
C003787,Private,New,Netherlands,Benelux,2025-04-15
C003788,Private,New,Germany,DACH,2024-05-24
C003789,Fleet,New,Germany,DACH,2025-01-15
C003790,Private,New,Spain,Southern Europe,2024-02-22
C003791,Enterprise,New,Germany,DACH,2024-04-12
C003792,Enterprise,Existing,Germany,DACH,2025-06-21
C003793,Fleet,New,Germany,DACH,2024-09-25
C003794,Private,New,Germany,DACH,2025-07-09
C003795,Private,New,France,Western Europe,2025-05-31
C003796,Private,New,France,Western Europe,2025-11-28
C003797,Fleet,New,France,Western Europe,2024-04-06
C003798,Private,New,Spain,Southern Europe,2025-10-16
C003799,Small Business,New,Germany,DACH,2025-09-16
C003800,Fleet,New,Germany,DACH,2024-10-31
C003801,Small Business,New,Germany,DACH,2024-04-04
C003802,Small Business,Existing,Germany,DACH,2024-04-03
C003803,Small Business,New,Germany,DACH,2024-12-23
C003804,Small Business,New,Germany,DACH,2024-01-08
C003805,Private,New,Germany,DACH,2024-03-07
C003806,Fleet,New,Germany,DACH,2025-01-07
C003807,Small Business,New,France,Western Europe,2025-01-29
C003808,Private,New,France,Western Europe,2025-08-25
C003809,Enterprise,New,Netherlands,Benelux,2025-11-13
C003810,Enterprise,Existing,Spain,Southern Europe,2024-07-06
C003811,Private,New,France,Western Europe,2024-08-19
C003812,Enterprise,New,Germany,DACH,2024-05-19
C003813,Private,New,France,Western Europe,2024-06-06
C003814,Enterprise,New,Germany,DACH,2024-11-03
C003815,Enterprise,New,Austria,DACH,2025-11-26
C003816,Small Business,Existing,Germany,DACH,2025-09-17
C003817,Enterprise,New,Austria,DACH,2025-10-01
C003818,Private,Existing,Germany,DACH,2024-11-12
C003819,Private,New,Spain,Southern Europe,2025-04-05
C003820,Enterprise,Existing,Italy,Southern Europe,2025-05-20
C003821,Fleet,Existing,Spain,Southern Europe,2024-06-19
C003822,Fleet,Existing,France,Western Europe,2024-11-19
C003823,Private,New,France,Western Europe,2025-01-20
C003824,Private,Existing,Germany,DACH,2024-09-18
C003825,Enterprise,New,Spain,Southern Europe,2024-11-27
C003826,Enterprise,New,France,Western Europe,2024-11-04
C003827,Private,New,Germany,DACH,2024-02-12
C003828,Enterprise,New,Germany,DACH,2025-06-21
C003829,Small Business,New,Netherlands,Benelux,2025-09-22
C003830,Enterprise,New,France,Western Europe,2025-06-12
C003831,Small Business,New,Austria,DACH,2025-10-15
C003832,Private,New,France,Western Europe,2024-10-29
C003833,Small Business,New,Germany,DACH,2024-02-09
C003834,Private,Existing,Austria,DACH,2024-07-06
C003835,Fleet,Existing,Germany,DACH,2025-08-20
C003836,Small Business,Existing,Austria,DACH,2024-04-07
C003837,Private,Existing,Spain,Southern Europe,2025-01-17
C003838,Private,New,Germany,DACH,2024-01-01
C003839,Small Business,New,Spain,Southern Europe,2024-08-14
C003840,Private,New,Germany,DACH,2024-03-20
C003841,Small Business,New,Spain,Southern Europe,2024-03-20
C003842,Small Business,New,France,Western Europe,2024-04-25
C003843,Small Business,Existing,France,Western Europe,2025-01-11
C003844,Private,New,France,Western Europe,2025-04-27
C003845,Private,Existing,Netherlands,Benelux,2024-07-20
C003846,Private,New,France,Western Europe,2025-07-26
C003847,Private,Existing,Spain,Southern Europe,2024-10-01
C003848,Private,New,Spain,Southern Europe,2025-05-30
C003849,Private,Existing,Germany,DACH,2025-01-05
C003850,Enterprise,New,Germany,DACH,2025-05-21
C003851,Fleet,New,Austria,DACH,2025-11-16
C003852,Small Business,New,Germany,DACH,2025-11-27
C003853,Small Business,New,Germany,DACH,2025-02-15
C003854,Private,New,Germany,DACH,2025-11-04
C003855,Fleet,New,France,Western Europe,2025-05-05
C003856,Small Business,New,Germany,DACH,2024-07-07
C003857,Enterprise,Existing,Italy,Southern Europe,2025-10-16
C003858,Enterprise,New,Austria,DACH,2024-04-11
C003859,Small Business,New,Spain,Southern Europe,2024-11-23
C003860,Small Business,Existing,Germany,DACH,2024-04-17
C003861,Small Business,New,Austria,DACH,2025-07-03
C003862,Fleet,Existing,Germany,DACH,2025-09-18
C003863,Enterprise,New,France,Western Europe,2025-07-27
C003864,Private,New,Germany,DACH,2024-03-12
C003865,Small Business,New,Netherlands,Benelux,2024-07-08
C003866,Fleet,New,Germany,DACH,2024-08-26
C003867,Small Business,New,France,Western Europe,2024-03-21
C003868,Fleet,Existing,Germany,DACH,2025-01-06
C003869,Fleet,New,France,Western Europe,2024-01-24
C003870,Private,Existing,Austria,DACH,2025-03-05
C003871,Fleet,New,Germany,DACH,2025-02-06
C003872,Enterprise,New,Germany,DACH,2025-02-21
C003873,Small Business,Existing,Germany,DACH,2025-09-30
C003874,Private,Existing,Germany,DACH,2025-07-04
C003875,Small Business,New,Netherlands,Benelux,2024-06-30
C003876,Small Business,New,Germany,DACH,2025-02-04
C003877,Enterprise,New,Germany,DACH,2025-07-15
C003878,Private,New,Netherlands,Benelux,2025-08-18
C003879,Small Business,Existing,Germany,DACH,2025-03-26
C003880,Fleet,New,Germany,DACH,2024-02-29
C003881,Private,New,Spain,Southern Europe,2024-10-31
C003882,Enterprise,New,Italy,Southern Europe,2025-08-24
C003883,Private,New,Spain,Southern Europe,2024-02-21
C003884,Small Business,New,Austria,DACH,2025-02-17
C003885,Fleet,New,Netherlands,Benelux,2025-01-13
C003886,Small Business,New,Germany,DACH,2024-06-05
C003887,Small Business,Existing,Netherlands,Benelux,2024-08-28
C003888,Private,Existing,Italy,Southern Europe,2025-11-15
C003889,Private,New,Netherlands,Benelux,2025-02-20
C003890,Small Business,New,Germany,DACH,2025-10-19
C003891,Private,Existing,Germany,DACH,2024-11-25
C003892,Private,Existing,France,Western Europe,2025-08-15
C003893,Private,Existing,France,Western Europe,2025-03-09
C003894,Small Business,New,France,Western Europe,2025-09-30
C003895,Fleet,New,Netherlands,Benelux,2024-08-16
C003896,Small Business,Existing,France,Western Europe,2024-09-24
C003897,Small Business,New,Germany,DACH,2024-01-29
C003898,Small Business,New,Germany,DACH,2024-06-08
C003899,Small Business,New,Germany,DACH,2024-04-06
C003900,Small Business,New,Germany,DACH,2024-05-08
C003901,Small Business,New,Germany,DACH,2024-08-03
C003902,Enterprise,New,Italy,Southern Europe,2025-09-03
C003903,Private,New,Spain,Southern Europe,2024-09-21
C003904,Fleet,New,France,Western Europe,2025-08-01
C003905,Enterprise,New,Germany,DACH,2025-07-24
C003906,Small Business,Existing,France,Western Europe,2025-11-17
C003907,Fleet,New,Italy,Southern Europe,2024-12-22
C003908,Private,New,Italy,Southern Europe,2025-08-16
C003909,Fleet,New,France,Western Europe,2024-10-20
C003910,Small Business,New,Italy,Southern Europe,2025-03-18
C003911,Fleet,New,France,Western Europe,2025-07-21
C003912,Fleet,New,Austria,DACH,2024-04-09
C003913,Private,Existing,Italy,Southern Europe,2024-02-10
C003914,Fleet,New,Germany,DACH,2024-04-25
C003915,Fleet,Existing,Germany,DACH,2025-05-19
C003916,Small Business,New,Germany,DACH,2024-11-27
C003917,Fleet,New,France,Western Europe,2024-07-15
C003918,Small Business,New,France,Western Europe,2025-06-21
C003919,Enterprise,New,France,Western Europe,2024-01-11
C003920,Private,Existing,Austria,DACH,2024-05-01
C003921,Fleet,Existing,Germany,DACH,2024-11-24
C003922,Private,New,Italy,Southern Europe,2025-10-02
C003923,Small Business,New,Germany,DACH,2025-06-08
C003924,Fleet,Existing,Netherlands,Benelux,2025-04-23
C003925,Fleet,New,Germany,DACH,2025-05-12
C003926,Fleet,New,France,Western Europe,2024-08-06
C003927,Private,New,France,Western Europe,2024-11-09
C003928,Enterprise,New,Italy,Southern Europe,2025-09-12
C003929,Fleet,New,Germany,DACH,2025-05-25
C003930,Fleet,New,Italy,Southern Europe,2025-02-23
C003931,Private,Existing,France,Western Europe,2024-02-28
C003932,Small Business,New,France,Western Europe,2025-05-28
C003933,Small Business,New,France,Western Europe,2024-09-12
C003934,Enterprise,New,Germany,DACH,2024-09-26
C003935,Private,Existing,Austria,DACH,2025-04-16
C003936,Enterprise,New,Germany,DACH,2024-10-02
C003937,Small Business,Existing,Germany,DACH,2025-02-05
C003938,Small Business,New,France,Western Europe,2024-01-09
C003939,Fleet,New,Austria,DACH,2024-05-09
C003940,Enterprise,Existing,Germany,DACH,2025-01-11
C003941,Small Business,Existing,Germany,DACH,2025-11-01
C003942,Small Business,New,Germany,DACH,2025-06-16
C003943,Small Business,New,Germany,DACH,2024-10-19
C003944,Private,New,France,Western Europe,2025-11-09
C003945,Private,New,Germany,DACH,2024-07-11
C003946,Private,Existing,Italy,Southern Europe,2025-09-16
C003947,Small Business,Existing,Germany,DACH,2024-10-09
C003948,Private,New,Germany,DACH,2024-03-01
C003949,Fleet,Existing,Italy,Southern Europe,2024-01-02
C003950,Small Business,New,Germany,DACH,2025-11-17
C003951,Small Business,Existing,Austria,DACH,2025-03-25
C003952,Fleet,Existing,Netherlands,Benelux,2024-04-14
C003953,Fleet,Existing,Netherlands,Benelux,2025-11-25
C003954,Enterprise,Existing,Spain,Southern Europe,2024-01-29
C003955,Fleet,Existing,Germany,DACH,2024-08-22
C003956,Fleet,New,France,Western Europe,2025-06-08
C003957,Private,New,Netherlands,Benelux,2024-02-07
C003958,Private,New,Netherlands,Benelux,2025-09-26
C003959,Small Business,Existing,Germany,DACH,2025-04-19
C003960,Private,New,Germany,DACH,2025-10-26
C003961,Small Business,Existing,Germany,DACH,2025-08-09
C003962,Fleet,New,Germany,DACH,2025-07-31
C003963,Private,Existing,Spain,Southern Europe,2024-06-08
C003964,Private,New,Germany,DACH,2024-05-23
C003965,Fleet,Existing,Germany,DACH,2024-06-18
C003966,Small Business,Existing,Germany,DACH,2024-04-17
C003967,Fleet,New,Austria,DACH,2025-04-10
C003968,Small Business,New,Germany,DACH,2024-02-11
C003969,Enterprise,New,Austria,DACH,2024-10-26
C003970,Fleet,Existing,Germany,DACH,2025-02-11
C003971,Enterprise,Existing,Netherlands,Benelux,2025-01-12
C003972,Fleet,New,Germany,DACH,2024-12-07
C003973,Private,New,France,Western Europe,2024-06-05
C003974,Small Business,New,Germany,DACH,2024-03-17
C003975,Small Business,New,Germany,DACH,2025-11-22
C003976,Small Business,Existing,Germany,DACH,2024-11-21
C003977,Small Business,New,Germany,DACH,2025-02-20
C003978,Enterprise,Existing,Germany,DACH,2025-02-01
C003979,Private,Existing,Austria,DACH,2024-09-15
C003980,Private,Existing,France,Western Europe,2025-05-21
C003981,Fleet,New,Germany,DACH,2024-09-20
C003982,Private,New,Austria,DACH,2024-10-16
C003983,Private,Existing,France,Western Europe,2025-07-16
C003984,Private,New,Germany,DACH,2024-08-10
C003985,Private,Existing,Germany,DACH,2025-05-04
C003986,Private,New,Germany,DACH,2025-04-10
C003987,Small Business,New,Germany,DACH,2024-01-22
C003988,Enterprise,Existing,Austria,DACH,2025-04-23
C003989,Small Business,Existing,Netherlands,Benelux,2025-07-14
C003990,Fleet,New,Netherlands,Benelux,2024-07-08
C003991,Enterprise,Existing,Netherlands,Benelux,2025-10-02
C003992,Small Business,New,Austria,DACH,2024-01-14
C003993,Small Business,New,Germany,DACH,2024-05-05
C003994,Fleet,New,Germany,DACH,2025-10-23
C003995,Fleet,New,Germany,DACH,2025-08-21
C003996,Enterprise,New,Germany,DACH,2025-06-12
C003997,Private,New,Germany,DACH,2025-02-26
C003998,Fleet,New,Austria,DACH,2024-05-20
C003999,Enterprise,New,Germany,DACH,2024-12-08
C004000,Private,New,Germany,DACH,2025-01-30
C004001,Enterprise,New,Spain,Southern Europe,2024-03-03
C004002,Small Business,New,Germany,DACH,2025-02-20
C004003,Fleet,New,Italy,Southern Europe,2024-03-03
C004004,Small Business,New,Germany,DACH,2024-03-29
C004005,Small Business,New,France,Western Europe,2024-04-29
C004006,Private,Existing,Germany,DACH,2024-05-14
C004007,Small Business,Existing,Austria,DACH,2024-02-27
C004008,Fleet,Existing,Germany,DACH,2025-10-31
C004009,Private,Existing,Germany,DACH,2025-07-15
C004010,Small Business,New,France,Western Europe,2024-12-21
C004011,Fleet,Existing,Germany,DACH,2024-09-15
C004012,Private,New,Germany,DACH,2024-05-14
C004013,Enterprise,Existing,Netherlands,Benelux,2025-10-26
C004014,Small Business,Existing,Germany,DACH,2025-07-12
C004015,Enterprise,Existing,France,Western Europe,2025-06-10
C004016,Private,New,France,Western Europe,2024-11-25
C004017,Private,New,Germany,DACH,2024-01-20
C004018,Fleet,New,Austria,DACH,2025-03-22
C004019,Private,New,Germany,DACH,2024-12-07
C004020,Private,Existing,Spain,Southern Europe,2024-07-27
C004021,Small Business,New,Germany,DACH,2024-08-08
C004022,Enterprise,New,Germany,DACH,2024-02-10
C004023,Enterprise,New,Germany,DACH,2025-09-02
C004024,Fleet,New,Italy,Southern Europe,2024-04-25
C004025,Private,New,Spain,Southern Europe,2025-07-23
C004026,Fleet,New,Netherlands,Benelux,2025-11-12
C004027,Private,New,France,Western Europe,2024-02-02
C004028,Private,Existing,France,Western Europe,2025-03-12
C004029,Small Business,Existing,Austria,DACH,2024-02-16
C004030,Small Business,Existing,Italy,Southern Europe,2025-08-04
C004031,Fleet,New,France,Western Europe,2024-12-21
C004032,Enterprise,New,Germany,DACH,2024-01-16
C004033,Fleet,New,France,Western Europe,2025-06-24
C004034,Enterprise,New,France,Western Europe,2025-06-19
C004035,Fleet,New,Germany,DACH,2025-10-09
C004036,Small Business,New,Germany,DACH,2024-12-05
C004037,Enterprise,Existing,Germany,DACH,2025-10-15
C004038,Private,New,Italy,Southern Europe,2025-04-10
C004039,Fleet,Existing,Germany,DACH,2025-01-03
C004040,Small Business,New,Italy,Southern Europe,2024-09-07
C004041,Small Business,New,Austria,DACH,2024-07-24
C004042,Small Business,Existing,Spain,Southern Europe,2025-03-10
C004043,Fleet,Existing,Germany,DACH,2025-06-01
C004044,Private,Existing,Netherlands,Benelux,2024-01-25
C004045,Small Business,Existing,Austria,DACH,2024-10-15
C004046,Small Business,New,Germany,DACH,2024-02-01
C004047,Small Business,Existing,Germany,DACH,2024-10-04
C004048,Fleet,Existing,Germany,DACH,2025-07-13
C004049,Enterprise,New,Germany,DACH,2025-04-28
C004050,Fleet,New,Spain,Southern Europe,2024-03-28
C004051,Small Business,New,Netherlands,Benelux,2025-05-16
C004052,Private,Existing,France,Western Europe,2024-01-10
C004053,Enterprise,Existing,France,Western Europe,2024-01-09
C004054,Private,Existing,Austria,DACH,2025-09-30
C004055,Private,New,Italy,Southern Europe,2024-01-23
C004056,Enterprise,New,Italy,Southern Europe,2024-07-04
C004057,Private,New,Germany,DACH,2024-04-02
C004058,Enterprise,New,Netherlands,Benelux,2025-02-11
C004059,Small Business,New,Germany,DACH,2024-12-31
C004060,Private,New,Italy,Southern Europe,2025-08-10
C004061,Enterprise,New,Netherlands,Benelux,2025-11-21
C004062,Enterprise,New,Spain,Southern Europe,2025-06-06
C004063,Fleet,Existing,Germany,DACH,2024-11-22
C004064,Private,New,France,Western Europe,2024-02-02
C004065,Small Business,New,Germany,DACH,2025-10-07
C004066,Private,New,Spain,Southern Europe,2025-01-27
C004067,Fleet,Existing,Germany,DACH,2024-06-01
C004068,Private,Existing,Spain,Southern Europe,2025-01-14
C004069,Private,New,Italy,Southern Europe,2024-10-01
C004070,Fleet,Existing,Germany,DACH,2024-09-02
C004071,Small Business,New,Germany,DACH,2024-11-13
C004072,Fleet,New,France,Western Europe,2025-06-11
C004073,Private,New,Germany,DACH,2024-04-24
C004074,Private,New,Germany,DACH,2025-11-05
C004075,Private,New,Germany,DACH,2024-02-13
C004076,Small Business,New,Germany,DACH,2024-04-13
C004077,Private,New,France,Western Europe,2025-04-18
C004078,Private,New,France,Western Europe,2024-04-11
C004079,Small Business,New,Germany,DACH,2025-06-28
C004080,Fleet,New,Austria,DACH,2025-05-29
C004081,Fleet,New,Germany,DACH,2024-10-27
C004082,Fleet,New,Germany,DACH,2024-11-14
C004083,Small Business,New,Spain,Southern Europe,2025-11-30
C004084,Small Business,New,Germany,DACH,2025-07-10
C004085,Small Business,New,France,Western Europe,2025-03-18
C004086,Small Business,New,Netherlands,Benelux,2024-04-08
C004087,Small Business,New,France,Western Europe,2025-02-16
C004088,Private,New,France,Western Europe,2024-01-28
C004089,Fleet,New,Germany,DACH,2024-06-25
C004090,Fleet,New,Germany,DACH,2025-05-03
C004091,Private,New,Germany,DACH,2024-10-12
C004092,Fleet,New,Spain,Southern Europe,2025-11-27
C004093,Small Business,Existing,Italy,Southern Europe,2025-10-19
C004094,Small Business,New,Germany,DACH,2024-03-07
C004095,Small Business,New,Germany,DACH,2025-09-10
C004096,Private,New,Germany,DACH,2025-08-28
C004097,Fleet,Existing,France,Western Europe,2024-03-15
C004098,Fleet,New,France,Western Europe,2024-09-26
C004099,Private,Existing,Spain,Southern Europe,2025-10-26
C004100,Enterprise,New,Italy,Southern Europe,2024-01-12
C004101,Small Business,New,Germany,DACH,2024-02-11
C004102,Fleet,New,France,Western Europe,2024-12-23
C004103,Fleet,Existing,France,Western Europe,2025-10-29
C004104,Private,Existing,Germany,DACH,2024-07-14
C004105,Private,Existing,Italy,Southern Europe,2025-06-24
C004106,Private,New,Germany,DACH,2025-04-30
C004107,Small Business,Existing,Spain,Southern Europe,2024-04-12
C004108,Fleet,New,Spain,Southern Europe,2024-07-20
C004109,Private,New,Italy,Southern Europe,2025-03-12
C004110,Fleet,New,France,Western Europe,2024-12-03
C004111,Enterprise,Existing,Germany,DACH,2024-06-15
C004112,Fleet,New,Italy,Southern Europe,2024-05-20
C004113,Fleet,New,Spain,Southern Europe,2025-01-25
C004114,Fleet,New,France,Western Europe,2025-08-02
C004115,Fleet,New,Spain,Southern Europe,2024-10-16
C004116,Private,New,Germany,DACH,2025-10-09
C004117,Small Business,Existing,France,Western Europe,2025-04-12
C004118,Private,New,Italy,Southern Europe,2024-10-09
C004119,Private,New,Germany,DACH,2025-05-09
C004120,Enterprise,New,Austria,DACH,2024-11-10
C004121,Private,New,Netherlands,Benelux,2025-06-13
C004122,Enterprise,New,Spain,Southern Europe,2025-11-18
C004123,Enterprise,New,Italy,Southern Europe,2025-07-05
C004124,Fleet,New,Germany,DACH,2024-04-09
C004125,Enterprise,New,Netherlands,Benelux,2024-02-20
C004126,Enterprise,Existing,Germany,DACH,2025-07-20
C004127,Small Business,New,France,Western Europe,2025-08-16
C004128,Private,New,Austria,DACH,2025-02-01
C004129,Small Business,Existing,Spain,Southern Europe,2024-06-20
C004130,Private,New,Italy,Southern Europe,2025-09-08
C004131,Small Business,Existing,Spain,Southern Europe,2024-11-09
C004132,Private,Existing,France,Western Europe,2024-07-23
C004133,Fleet,Existing,Austria,DACH,2024-09-13
C004134,Private,New,France,Western Europe,2024-07-26
C004135,Small Business,Existing,France,Western Europe,2024-07-16
C004136,Private,New,Germany,DACH,2024-08-16
C004137,Fleet,New,France,Western Europe,2025-04-16
C004138,Private,Existing,Italy,Southern Europe,2024-01-12
C004139,Small Business,New,Spain,Southern Europe,2024-09-11
C004140,Small Business,Existing,Spain,Southern Europe,2024-04-28
C004141,Fleet,New,Germany,DACH,2025-03-29
C004142,Enterprise,New,France,Western Europe,2025-11-27
C004143,Small Business,New,Germany,DACH,2025-07-05
C004144,Private,Existing,Germany,DACH,2024-06-23
C004145,Small Business,New,Austria,DACH,2024-12-25
C004146,Private,Existing,Germany,DACH,2024-01-14
C004147,Small Business,New,Germany,DACH,2024-10-16
C004148,Fleet,Existing,Spain,Southern Europe,2024-07-13
C004149,Fleet,New,Austria,DACH,2024-12-17
C004150,Small Business,Existing,Germany,DACH,2024-10-12
C004151,Fleet,New,Germany,DACH,2025-04-22
C004152,Fleet,New,France,Western Europe,2025-01-18
C004153,Fleet,Existing,Austria,DACH,2025-10-19
C004154,Enterprise,New,Austria,DACH,2024-02-17
C004155,Fleet,New,France,Western Europe,2025-10-23
C004156,Enterprise,Existing,Germany,DACH,2025-07-07
C004157,Fleet,Existing,Italy,Southern Europe,2025-05-14
C004158,Small Business,Existing,Germany,DACH,2025-07-31
C004159,Small Business,Existing,Austria,DACH,2024-02-05
C004160,Fleet,Existing,Germany,DACH,2024-05-29
C004161,Fleet,New,France,Western Europe,2024-01-01
C004162,Enterprise,New,Germany,DACH,2025-07-12
C004163,Private,Existing,Italy,Southern Europe,2024-09-05
C004164,Private,New,Germany,DACH,2024-09-09
C004165,Fleet,New,France,Western Europe,2025-03-03
C004166,Fleet,New,Germany,DACH,2024-10-23
C004167,Private,New,Germany,DACH,2025-03-22
C004168,Small Business,Existing,Germany,DACH,2025-10-17
C004169,Small Business,New,France,Western Europe,2024-08-20
C004170,Small Business,Existing,Austria,DACH,2025-09-16
C004171,Small Business,Existing,Netherlands,Benelux,2025-01-07
C004172,Private,New,Spain,Southern Europe,2024-09-19
C004173,Small Business,New,Netherlands,Benelux,2025-10-05
C004174,Small Business,New,Germany,DACH,2024-12-07
C004175,Enterprise,New,Spain,Southern Europe,2024-03-30
C004176,Enterprise,New,France,Western Europe,2024-07-19
C004177,Fleet,New,France,Western Europe,2025-08-14
C004178,Fleet,Existing,Netherlands,Benelux,2024-12-26
C004179,Private,New,France,Western Europe,2025-01-27
C004180,Small Business,New,Italy,Southern Europe,2025-04-22
C004181,Fleet,New,Spain,Southern Europe,2024-05-16
C004182,Small Business,Existing,Germany,DACH,2024-03-05
C004183,Fleet,New,Spain,Southern Europe,2024-11-04
C004184,Enterprise,New,Austria,DACH,2025-10-05
C004185,Private,Existing,Italy,Southern Europe,2024-03-30
C004186,Enterprise,New,Italy,Southern Europe,2025-05-18
C004187,Private,New,Germany,DACH,2025-11-16
C004188,Private,New,Germany,DACH,2024-03-08
C004189,Private,Existing,Germany,DACH,2024-04-03
C004190,Private,Existing,Austria,DACH,2025-08-31
C004191,Fleet,New,Germany,DACH,2024-03-16
C004192,Small Business,Existing,Spain,Southern Europe,2025-06-04
C004193,Fleet,Existing,France,Western Europe,2025-07-12
C004194,Small Business,Existing,Italy,Southern Europe,2024-08-07
C004195,Fleet,Existing,Germany,DACH,2024-07-23
C004196,Small Business,Existing,France,Western Europe,2024-12-31
C004197,Private,New,Germany,DACH,2024-12-20
C004198,Small Business,New,Italy,Southern Europe,2025-08-25
C004199,Small Business,Existing,Germany,DACH,2025-02-18
C004200,Fleet,New,Germany,DACH,2025-11-08
C004201,Small Business,New,Germany,DACH,2024-06-16
C004202,Enterprise,Existing,Italy,Southern Europe,2024-07-15
C004203,Fleet,Existing,Germany,DACH,2024-06-17
C004204,Fleet,Existing,France,Western Europe,2025-03-31
C004205,Small Business,Existing,Spain,Southern Europe,2024-01-24
C004206,Private,New,Spain,Southern Europe,2025-08-25
C004207,Private,Existing,Germany,DACH,2025-06-24
C004208,Fleet,Existing,Germany,DACH,2025-11-22
C004209,Small Business,New,Austria,DACH,2025-11-01
C004210,Private,New,Germany,DACH,2024-02-19
C004211,Enterprise,Existing,Spain,Southern Europe,2025-06-07
C004212,Fleet,New,Germany,DACH,2024-12-18
C004213,Small Business,New,Austria,DACH,2025-05-29
C004214,Small Business,New,Germany,DACH,2025-09-03
C004215,Small Business,New,France,Western Europe,2025-02-12
C004216,Private,New,Germany,DACH,2024-01-03
C004217,Enterprise,Existing,France,Western Europe,2025-08-28
C004218,Enterprise,New,Germany,DACH,2024-11-02
C004219,Private,Existing,Netherlands,Benelux,2024-11-17
C004220,Small Business,New,Spain,Southern Europe,2025-02-12
C004221,Enterprise,New,Germany,DACH,2025-09-30
C004222,Fleet,New,Germany,DACH,2025-01-03
C004223,Fleet,Existing,Germany,DACH,2024-05-25
C004224,Private,Existing,Germany,DACH,2025-05-27
C004225,Small Business,New,Germany,DACH,2025-03-19
C004226,Private,Existing,Italy,Southern Europe,2024-02-15
C004227,Enterprise,New,France,Western Europe,2025-01-07
C004228,Private,New,Germany,DACH,2025-07-03
C004229,Private,Existing,France,Western Europe,2025-09-10
C004230,Fleet,New,Germany,DACH,2024-07-17
C004231,Small Business,Existing,Netherlands,Benelux,2024-12-31
C004232,Private,New,Germany,DACH,2025-07-30
C004233,Private,Existing,Spain,Southern Europe,2025-02-12
C004234,Enterprise,New,Spain,Southern Europe,2024-10-20
C004235,Small Business,New,Germany,DACH,2024-05-08
C004236,Small Business,New,Germany,DACH,2024-01-31
C004237,Fleet,Existing,Germany,DACH,2025-04-28
C004238,Private,New,Italy,Southern Europe,2025-11-05
C004239,Private,New,France,Western Europe,2025-02-24
C004240,Enterprise,New,France,Western Europe,2025-06-30
C004241,Small Business,New,Spain,Southern Europe,2025-04-19
C004242,Fleet,New,Italy,Southern Europe,2024-08-31
C004243,Small Business,Existing,Austria,DACH,2024-12-31
C004244,Small Business,New,France,Western Europe,2024-07-08
C004245,Fleet,New,Spain,Southern Europe,2024-06-05
C004246,Private,New,Germany,DACH,2025-02-16
C004247,Fleet,New,Italy,Southern Europe,2025-03-28
C004248,Fleet,New,Germany,DACH,2025-11-22
C004249,Private,New,Germany,DACH,2024-06-14
C004250,Private,New,Italy,Southern Europe,2024-07-22
C004251,Small Business,Existing,Germany,DACH,2024-04-26
C004252,Fleet,New,Germany,DACH,2025-10-25
C004253,Private,New,Germany,DACH,2025-07-01
C004254,Private,New,France,Western Europe,2024-08-19
C004255,Private,Existing,Italy,Southern Europe,2025-11-09
C004256,Small Business,Existing,Germany,DACH,2025-05-07
C004257,Fleet,New,Germany,DACH,2024-11-29
C004258,Enterprise,New,Austria,DACH,2024-09-24
C004259,Fleet,New,Netherlands,Benelux,2025-02-02
C004260,Fleet,Existing,Germany,DACH,2024-02-29
C004261,Enterprise,New,Netherlands,Benelux,2024-04-30
C004262,Small Business,New,Italy,Southern Europe,2025-10-17
C004263,Private,New,Germany,DACH,2024-05-24
C004264,Enterprise,New,Italy,Southern Europe,2024-04-24
C004265,Small Business,New,Spain,Southern Europe,2025-08-24
C004266,Private,New,France,Western Europe,2025-10-23
C004267,Fleet,Existing,Austria,DACH,2025-07-26
C004268,Enterprise,Existing,Italy,Southern Europe,2024-03-13
C004269,Enterprise,New,Spain,Southern Europe,2025-08-10
C004270,Enterprise,New,Spain,Southern Europe,2024-07-05
C004271,Small Business,Existing,Netherlands,Benelux,2024-01-08
C004272,Private,Existing,Austria,DACH,2025-10-06
C004273,Enterprise,Existing,Italy,Southern Europe,2024-07-06
C004274,Private,Existing,Italy,Southern Europe,2025-04-05
C004275,Private,New,Germany,DACH,2024-02-21
C004276,Small Business,New,Germany,DACH,2024-05-12
C004277,Enterprise,New,Germany,DACH,2025-09-08
C004278,Small Business,New,Italy,Southern Europe,2025-02-18
C004279,Small Business,New,Germany,DACH,2025-11-30
C004280,Enterprise,New,Spain,Southern Europe,2024-05-06
C004281,Enterprise,New,Germany,DACH,2025-09-15
C004282,Enterprise,New,Germany,DACH,2025-09-04
C004283,Fleet,Existing,France,Western Europe,2025-10-08
C004284,Small Business,New,Germany,DACH,2024-02-04
C004285,Fleet,New,Italy,Southern Europe,2024-03-14
C004286,Small Business,New,Germany,DACH,2025-01-05
C004287,Enterprise,New,Italy,Southern Europe,2024-03-21
C004288,Private,New,Germany,DACH,2024-02-14
C004289,Fleet,New,Netherlands,Benelux,2025-07-21
C004290,Small Business,New,France,Western Europe,2025-05-01
C004291,Fleet,Existing,Germany,DACH,2025-08-13
C004292,Enterprise,New,Germany,DACH,2025-10-17
C004293,Private,New,Germany,DACH,2024-04-09
C004294,Small Business,Existing,France,Western Europe,2025-08-04
C004295,Small Business,New,Italy,Southern Europe,2024-01-31
C004296,Fleet,Existing,Germany,DACH,2024-09-17
C004297,Small Business,New,Austria,DACH,2024-07-27
C004298,Enterprise,New,France,Western Europe,2024-06-14
C004299,Private,New,France,Western Europe,2025-05-17
C004300,Small Business,New,Spain,Southern Europe,2024-03-25
C004301,Private,Existing,Austria,DACH,2025-07-20
C004302,Fleet,New,Spain,Southern Europe,2025-09-03
C004303,Small Business,New,Netherlands,Benelux,2025-04-10
C004304,Private,New,Germany,DACH,2024-02-26
C004305,Small Business,Existing,Germany,DACH,2025-02-21
C004306,Fleet,New,Germany,DACH,2025-03-16
C004307,Private,New,France,Western Europe,2024-09-18
C004308,Enterprise,Existing,Germany,DACH,2024-09-14
C004309,Fleet,New,Netherlands,Benelux,2024-11-24
C004310,Private,New,France,Western Europe,2025-11-28
C004311,Small Business,New,France,Western Europe,2024-01-03
C004312,Private,New,Spain,Southern Europe,2024-12-22
C004313,Small Business,Existing,Germany,DACH,2024-08-09
C004314,Private,New,Italy,Southern Europe,2025-01-19
C004315,Small Business,Existing,Germany,DACH,2024-01-03
C004316,Enterprise,New,France,Western Europe,2025-10-04
C004317,Enterprise,New,Netherlands,Benelux,2024-11-15
C004318,Fleet,New,Spain,Southern Europe,2025-11-09
C004319,Private,New,Italy,Southern Europe,2024-04-17
C004320,Small Business,New,Germany,DACH,2025-02-12
C004321,Private,New,Italy,Southern Europe,2025-04-20
C004322,Small Business,New,France,Western Europe,2025-07-11
C004323,Small Business,Existing,France,Western Europe,2024-01-07
C004324,Private,New,Germany,DACH,2025-03-20
C004325,Fleet,New,Germany,DACH,2024-04-13
C004326,Fleet,New,France,Western Europe,2024-10-26
C004327,Fleet,New,Germany,DACH,2024-02-07
C004328,Small Business,New,Spain,Southern Europe,2024-02-10
C004329,Small Business,Existing,Italy,Southern Europe,2025-06-20
C004330,Private,New,Netherlands,Benelux,2025-05-17
C004331,Private,New,Germany,DACH,2025-09-18
C004332,Small Business,New,Netherlands,Benelux,2025-05-05
C004333,Fleet,New,Germany,DACH,2025-02-21
C004334,Private,New,Austria,DACH,2024-03-22
C004335,Private,New,Italy,Southern Europe,2025-06-19
C004336,Private,New,Germany,DACH,2024-06-10
C004337,Fleet,New,Germany,DACH,2024-03-15
C004338,Fleet,Existing,Germany,DACH,2025-05-27
C004339,Private,New,France,Western Europe,2025-02-15
C004340,Small Business,New,Italy,Southern Europe,2024-04-14
C004341,Small Business,New,Germany,DACH,2025-01-19
C004342,Small Business,New,Germany,DACH,2025-04-28
C004343,Private,New,France,Western Europe,2024-12-15
C004344,Small Business,New,Germany,DACH,2025-05-17
C004345,Private,New,Spain,Southern Europe,2024-12-19
C004346,Private,New,Netherlands,Benelux,2024-09-04
C004347,Fleet,New,Spain,Southern Europe,2024-06-05
C004348,Private,Existing,Italy,Southern Europe,2024-06-29
C004349,Private,Existing,France,Western Europe,2025-07-20
C004350,Small Business,Existing,Italy,Southern Europe,2024-09-18
C004351,Private,New,Germany,DACH,2025-05-16
C004352,Fleet,Existing,Germany,DACH,2024-09-08
C004353,Fleet,New,France,Western Europe,2025-01-02
C004354,Private,New,Germany,DACH,2025-02-28
C004355,Private,Existing,Italy,Southern Europe,2024-11-30
C004356,Small Business,Existing,Spain,Southern Europe,2025-06-04
C004357,Enterprise,New,Netherlands,Benelux,2025-10-08
C004358,Private,Existing,Germany,DACH,2025-08-26
C004359,Private,New,Austria,DACH,2025-10-06
C004360,Small Business,New,Spain,Southern Europe,2024-01-21
C004361,Small Business,New,Germany,DACH,2025-06-15
C004362,Fleet,New,France,Western Europe,2025-05-23
C004363,Private,Existing,France,Western Europe,2024-10-15
C004364,Fleet,New,Netherlands,Benelux,2024-08-07
C004365,Private,New,Spain,Southern Europe,2024-02-07
C004366,Small Business,Existing,Germany,DACH,2025-08-10
C004367,Private,Existing,Austria,DACH,2025-08-11
C004368,Private,Existing,France,Western Europe,2024-02-23
C004369,Private,Existing,Germany,DACH,2025-02-11
C004370,Private,Existing,Austria,DACH,2025-01-20
C004371,Enterprise,New,Germany,DACH,2024-04-30
C004372,Small Business,New,Germany,DACH,2025-01-19
C004373,Private,Existing,France,Western Europe,2025-07-22
C004374,Enterprise,New,Germany,DACH,2024-08-16
C004375,Private,New,France,Western Europe,2025-05-23
C004376,Small Business,New,Germany,DACH,2025-11-10
C004377,Enterprise,New,Spain,Southern Europe,2024-11-14
C004378,Small Business,New,Germany,DACH,2024-03-15
C004379,Fleet,Existing,Italy,Southern Europe,2024-07-27
C004380,Small Business,New,Germany,DACH,2024-04-05
C004381,Fleet,New,France,Western Europe,2024-09-03
C004382,Fleet,New,Germany,DACH,2025-03-26
C004383,Fleet,New,Germany,DACH,2024-05-21
C004384,Enterprise,New,Austria,DACH,2024-12-26
C004385,Fleet,New,Italy,Southern Europe,2025-11-29
C004386,Fleet,New,Italy,Southern Europe,2024-07-04
C004387,Enterprise,New,Germany,DACH,2025-09-07
C004388,Private,New,Germany,DACH,2024-07-31
C004389,Small Business,New,Spain,Southern Europe,2025-03-05
C004390,Small Business,New,France,Western Europe,2024-04-19
C004391,Private,New,Germany,DACH,2024-07-06
C004392,Private,New,Spain,Southern Europe,2025-08-30
C004393,Private,New,France,Western Europe,2025-02-16
C004394,Small Business,Existing,France,Western Europe,2025-02-02
C004395,Private,Existing,Germany,DACH,2024-12-23
C004396,Private,New,Austria,DACH,2024-06-20
C004397,Private,New,Germany,DACH,2025-10-12
C004398,Enterprise,New,Spain,Southern Europe,2024-10-02
C004399,Private,New,Germany,DACH,2024-01-09
C004400,Private,New,Spain,Southern Europe,2025-09-26
C004401,Private,New,Spain,Southern Europe,2024-02-02
C004402,Private,New,Spain,Southern Europe,2025-09-12
C004403,Fleet,Existing,Germany,DACH,2024-07-05
C004404,Fleet,Existing,Germany,DACH,2024-02-18
C004405,Private,Existing,Austria,DACH,2024-06-03
C004406,Private,Existing,France,Western Europe,2025-04-02
C004407,Fleet,New,Italy,Southern Europe,2025-01-17
C004408,Small Business,New,Germany,DACH,2024-04-17
C004409,Private,New,Italy,Southern Europe,2024-07-29
C004410,Private,New,Germany,DACH,2024-05-27
C004411,Fleet,New,Germany,DACH,2025-04-02
C004412,Fleet,New,Germany,DACH,2025-08-27
C004413,Small Business,New,Spain,Southern Europe,2024-06-27
C004414,Enterprise,Existing,Germany,DACH,2025-09-18
C004415,Enterprise,New,Germany,DACH,2024-10-12
C004416,Private,New,Spain,Southern Europe,2024-02-27
C004417,Fleet,Existing,France,Western Europe,2024-08-13
C004418,Private,Existing,Germany,DACH,2025-09-03
C004419,Fleet,New,Germany,DACH,2025-07-19
C004420,Enterprise,New,France,Western Europe,2025-05-24
C004421,Small Business,Existing,Germany,DACH,2024-10-06
C004422,Small Business,New,Germany,DACH,2025-06-26
C004423,Private,New,France,Western Europe,2025-05-12
C004424,Small Business,Existing,Germany,DACH,2025-07-08
C004425,Private,New,France,Western Europe,2025-01-25
C004426,Private,New,Germany,DACH,2024-12-21
C004427,Small Business,New,Germany,DACH,2025-11-07
C004428,Fleet,New,Germany,DACH,2025-10-24
C004429,Private,New,Germany,DACH,2025-01-10
C004430,Private,New,Germany,DACH,2024-05-20
C004431,Fleet,New,Germany,DACH,2024-10-13
C004432,Small Business,New,Italy,Southern Europe,2024-12-19
C004433,Private,Existing,Italy,Southern Europe,2025-04-18
C004434,Fleet,Existing,Germany,DACH,2024-08-10
C004435,Private,New,France,Western Europe,2024-02-01
C004436,Private,Existing,France,Western Europe,2025-07-29
C004437,Small Business,New,Italy,Southern Europe,2025-10-26
C004438,Private,New,Germany,DACH,2024-02-27
C004439,Fleet,New,Germany,DACH,2024-08-10
C004440,Small Business,New,Germany,DACH,2024-10-30
C004441,Private,New,Germany,DACH,2025-06-16
C004442,Enterprise,New,Germany,DACH,2025-06-25
C004443,Private,New,Italy,Southern Europe,2024-08-28
C004444,Small Business,New,Italy,Southern Europe,2024-08-06
C004445,Private,New,Germany,DACH,2024-10-10
C004446,Small Business,New,Austria,DACH,2024-06-17
C004447,Fleet,New,Germany,DACH,2024-11-01
C004448,Fleet,New,Austria,DACH,2024-07-02
C004449,Small Business,New,France,Western Europe,2024-02-12
C004450,Fleet,Existing,Germany,DACH,2025-05-14
C004451,Enterprise,Existing,Italy,Southern Europe,2025-07-05
C004452,Small Business,Existing,Netherlands,Benelux,2024-07-19
C004453,Private,New,France,Western Europe,2024-10-07
C004454,Private,New,France,Western Europe,2024-10-08
C004455,Fleet,Existing,France,Western Europe,2024-01-16
C004456,Small Business,New,Germany,DACH,2025-01-16
C004457,Small Business,New,Germany,DACH,2024-11-16
C004458,Small Business,New,France,Western Europe,2025-10-20
C004459,Private,New,Germany,DACH,2024-09-17
C004460,Enterprise,New,Italy,Southern Europe,2025-07-10
C004461,Enterprise,New,Austria,DACH,2024-09-30
C004462,Small Business,New,Germany,DACH,2024-05-09
C004463,Small Business,New,Germany,DACH,2024-09-01
C004464,Small Business,New,Netherlands,Benelux,2025-09-10
C004465,Enterprise,Existing,Germany,DACH,2024-06-28
C004466,Small Business,New,Germany,DACH,2025-08-14
C004467,Small Business,New,Germany,DACH,2025-04-10
C004468,Private,New,France,Western Europe,2025-06-05
C004469,Private,New,Netherlands,Benelux,2025-06-10
C004470,Small Business,Existing,Germany,DACH,2024-12-27
C004471,Private,New,Italy,Southern Europe,2025-02-25
C004472,Small Business,New,Germany,DACH,2024-02-18
C004473,Small Business,New,France,Western Europe,2025-05-04
C004474,Small Business,New,Germany,DACH,2025-05-13
C004475,Fleet,New,Austria,DACH,2024-03-13
C004476,Enterprise,Existing,France,Western Europe,2024-12-28
C004477,Fleet,New,France,Western Europe,2024-12-22
C004478,Private,Existing,Germany,DACH,2024-08-04
C004479,Fleet,New,Italy,Southern Europe,2024-02-16
C004480,Private,New,Netherlands,Benelux,2024-01-07
C004481,Enterprise,Existing,Austria,DACH,2024-05-25
C004482,Fleet,New,France,Western Europe,2024-06-10
C004483,Enterprise,Existing,Spain,Southern Europe,2024-05-28
C004484,Private,New,Germany,DACH,2025-02-27
C004485,Private,New,Italy,Southern Europe,2024-10-21
C004486,Small Business,New,Germany,DACH,2024-03-19
C004487,Private,New,Spain,Southern Europe,2024-02-28
C004488,Fleet,Existing,Germany,DACH,2025-04-03
C004489,Enterprise,New,Germany,DACH,2025-10-16
C004490,Enterprise,New,France,Western Europe,2025-07-27
C004491,Fleet,Existing,France,Western Europe,2025-06-14
C004492,Enterprise,New,Italy,Southern Europe,2024-08-10
C004493,Enterprise,Existing,Netherlands,Benelux,2025-05-07
C004494,Private,Existing,Germany,DACH,2024-02-27
C004495,Small Business,New,Germany,DACH,2024-04-29
C004496,Small Business,New,Germany,DACH,2024-04-07
C004497,Small Business,Existing,Austria,DACH,2024-05-08
C004498,Small Business,New,Austria,DACH,2024-09-07
C004499,Enterprise,New,Italy,Southern Europe,2024-01-31
C004500,Small Business,Existing,Spain,Southern Europe,2025-07-23
C004501,Private,New,Germany,DACH,2025-05-15
C004502,Private,Existing,Austria,DACH,2025-03-19
C004503,Private,New,France,Western Europe,2024-05-02
C004504,Small Business,Existing,Austria,DACH,2025-08-30
C004505,Private,New,Germany,DACH,2024-01-05
C004506,Private,New,Germany,DACH,2025-11-27
C004507,Private,Existing,Germany,DACH,2025-05-23
C004508,Small Business,New,Germany,DACH,2024-05-21
C004509,Private,New,Spain,Southern Europe,2024-05-17
C004510,Small Business,Existing,Germany,DACH,2025-05-01
C004511,Private,Existing,France,Western Europe,2025-07-19
C004512,Fleet,Existing,France,Western Europe,2024-11-22
C004513,Small Business,New,Italy,Southern Europe,2024-02-12
C004514,Private,New,Germany,DACH,2024-12-11
C004515,Small Business,New,Germany,DACH,2024-12-01
C004516,Enterprise,New,Germany,DACH,2024-08-15
C004517,Enterprise,New,Austria,DACH,2025-09-24
C004518,Fleet,New,Germany,DACH,2024-08-27
C004519,Small Business,New,Spain,Southern Europe,2024-06-19
C004520,Small Business,New,Germany,DACH,2025-04-18
C004521,Enterprise,New,Germany,DACH,2025-03-08
C004522,Private,New,Germany,DACH,2025-03-10
C004523,Small Business,New,Spain,Southern Europe,2024-12-18
C004524,Fleet,Existing,Italy,Southern Europe,2024-08-10
C004525,Small Business,Existing,Spain,Southern Europe,2024-06-29
C004526,Private,New,France,Western Europe,2024-03-24
C004527,Fleet,Existing,Spain,Southern Europe,2024-05-09
C004528,Small Business,Existing,Spain,Southern Europe,2025-02-08
C004529,Private,New,Germany,DACH,2024-10-11
C004530,Small Business,New,France,Western Europe,2025-06-01
C004531,Fleet,New,Spain,Southern Europe,2025-07-17
C004532,Private,New,Germany,DACH,2025-01-26
C004533,Enterprise,New,France,Western Europe,2024-03-14
C004534,Fleet,New,Austria,DACH,2024-01-03
C004535,Enterprise,Existing,France,Western Europe,2024-06-08
C004536,Fleet,New,Germany,DACH,2024-07-16
C004537,Enterprise,New,France,Western Europe,2024-02-21
C004538,Small Business,Existing,Italy,Southern Europe,2025-06-29
C004539,Private,Existing,Germany,DACH,2024-09-13
C004540,Small Business,Existing,Germany,DACH,2025-06-03
C004541,Enterprise,Existing,Germany,DACH,2024-05-26
C004542,Enterprise,Existing,Germany,DACH,2024-01-08
C004543,Fleet,New,Netherlands,Benelux,2024-04-05
C004544,Fleet,Existing,Austria,DACH,2024-11-25
C004545,Private,New,Germany,DACH,2024-12-01
C004546,Small Business,New,Germany,DACH,2024-11-02
C004547,Private,New,Netherlands,Benelux,2025-11-02
C004548,Private,New,Germany,DACH,2025-04-01
C004549,Fleet,New,Spain,Southern Europe,2025-05-27
C004550,Small Business,New,Germany,DACH,2024-03-28
C004551,Enterprise,New,Germany,DACH,2024-11-21
C004552,Small Business,New,Spain,Southern Europe,2025-03-10
C004553,Private,New,Germany,DACH,2025-02-13
C004554,Small Business,Existing,France,Western Europe,2025-10-24
C004555,Small Business,New,Germany,DACH,2024-11-29
C004556,Small Business,New,Spain,Southern Europe,2024-09-17
C004557,Fleet,New,Spain,Southern Europe,2025-10-23
C004558,Private,Existing,Spain,Southern Europe,2024-08-24
C004559,Fleet,New,Germany,DACH,2025-02-03
C004560,Private,New,Spain,Southern Europe,2024-01-20
C004561,Private,New,Netherlands,Benelux,2024-04-25
C004562,Small Business,Existing,Germany,DACH,2024-02-10
C004563,Small Business,Existing,Germany,DACH,2024-10-19
C004564,Private,Existing,Italy,Southern Europe,2025-10-14
C004565,Private,Existing,Germany,DACH,2024-02-19
C004566,Private,New,France,Western Europe,2025-11-13
C004567,Small Business,New,Spain,Southern Europe,2025-08-31
C004568,Private,New,Germany,DACH,2024-01-04
C004569,Small Business,New,France,Western Europe,2024-01-11
C004570,Private,Existing,France,Western Europe,2025-09-22
C004571,Small Business,Existing,Germany,DACH,2025-02-13
C004572,Private,New,Italy,Southern Europe,2024-05-01
C004573,Fleet,New,Germany,DACH,2025-10-29
C004574,Private,New,Germany,DACH,2025-01-27
C004575,Small Business,New,Italy,Southern Europe,2025-03-20
C004576,Private,New,Germany,DACH,2025-04-19
C004577,Small Business,New,Italy,Southern Europe,2024-05-21
C004578,Private,New,Germany,DACH,2024-09-08
C004579,Small Business,New,Austria,DACH,2024-03-31
C004580,Small Business,New,Germany,DACH,2025-01-05
C004581,Private,Existing,France,Western Europe,2025-11-22
C004582,Small Business,New,Spain,Southern Europe,2025-03-15
C004583,Small Business,New,Italy,Southern Europe,2025-04-29
C004584,Private,New,Netherlands,Benelux,2024-05-15
C004585,Private,Existing,France,Western Europe,2025-01-14
C004586,Enterprise,New,Spain,Southern Europe,2025-11-26
C004587,Fleet,Existing,France,Western Europe,2024-03-02
C004588,Fleet,New,Italy,Southern Europe,2024-05-22
C004589,Private,New,France,Western Europe,2025-05-18
C004590,Small Business,New,Italy,Southern Europe,2024-01-08
C004591,Private,Existing,Germany,DACH,2024-05-24
C004592,Small Business,Existing,Austria,DACH,2025-10-22
C004593,Enterprise,Existing,Spain,Southern Europe,2024-01-14
C004594,Private,Existing,Germany,DACH,2024-10-27
C004595,Fleet,New,Germany,DACH,2024-08-18
C004596,Fleet,New,Netherlands,Benelux,2024-10-06
C004597,Small Business,New,Austria,DACH,2024-06-29
C004598,Fleet,New,Germany,DACH,2024-07-11
C004599,Private,New,Germany,DACH,2025-06-16
C004600,Fleet,Existing,Germany,DACH,2024-01-19
C004601,Fleet,Existing,France,Western Europe,2024-03-31
C004602,Small Business,Existing,Netherlands,Benelux,2024-07-04
C004603,Private,New,Netherlands,Benelux,2025-08-01
C004604,Fleet,Existing,France,Western Europe,2024-10-02
C004605,Small Business,Existing,Spain,Southern Europe,2024-01-25
C004606,Enterprise,Existing,Germany,DACH,2024-12-30
C004607,Fleet,New,Italy,Southern Europe,2025-03-15
C004608,Fleet,New,Germany,DACH,2024-11-16
C004609,Enterprise,Existing,Germany,DACH,2024-03-03
C004610,Fleet,Existing,Netherlands,Benelux,2025-09-07
C004611,Enterprise,New,Italy,Southern Europe,2025-08-23
C004612,Private,New,Germany,DACH,2025-09-29
C004613,Private,New,France,Western Europe,2025-11-05
C004614,Small Business,New,Austria,DACH,2024-08-10
C004615,Small Business,Existing,Germany,DACH,2024-10-22
C004616,Fleet,New,Germany,DACH,2025-11-02
C004617,Small Business,New,Germany,DACH,2024-11-10
C004618,Small Business,New,France,Western Europe,2025-08-28
C004619,Private,New,Austria,DACH,2025-03-29
C004620,Private,New,France,Western Europe,2025-10-11
C004621,Small Business,New,Germany,DACH,2024-01-08
C004622,Private,New,Netherlands,Benelux,2025-05-09
C004623,Enterprise,Existing,France,Western Europe,2025-07-14
C004624,Private,Existing,Italy,Southern Europe,2024-05-18
C004625,Private,Existing,Germany,DACH,2025-05-29
C004626,Private,New,France,Western Europe,2024-05-16
C004627,Small Business,Existing,Italy,Southern Europe,2025-09-25
C004628,Fleet,New,Germany,DACH,2025-09-28
C004629,Enterprise,New,Germany,DACH,2024-01-03
C004630,Private,New,Germany,DACH,2024-12-20
C004631,Private,New,Germany,DACH,2024-09-24
C004632,Enterprise,New,Austria,DACH,2025-09-15
C004633,Small Business,Existing,Germany,DACH,2024-08-12
C004634,Fleet,Existing,Germany,DACH,2025-05-19
C004635,Private,New,France,Western Europe,2024-03-22
C004636,Small Business,New,Germany,DACH,2024-05-28
C004637,Private,Existing,Germany,DACH,2025-11-20
C004638,Private,New,Spain,Southern Europe,2024-09-26
C004639,Private,New,Germany,DACH,2025-06-20
C004640,Small Business,Existing,Germany,DACH,2025-11-08
C004641,Private,New,Germany,DACH,2025-11-06
C004642,Small Business,Existing,Germany,DACH,2024-01-14
C004643,Enterprise,New,Austria,DACH,2024-06-11
C004644,Small Business,Existing,Germany,DACH,2025-05-15
C004645,Enterprise,New,Germany,DACH,2025-10-10
C004646,Fleet,Existing,Netherlands,Benelux,2025-11-16
C004647,Fleet,New,Italy,Southern Europe,2025-05-19
C004648,Fleet,Existing,Germany,DACH,2024-03-13
C004649,Small Business,Existing,Germany,DACH,2025-06-03
C004650,Fleet,New,Austria,DACH,2024-07-09
C004651,Private,New,Italy,Southern Europe,2025-07-20
C004652,Private,New,Italy,Southern Europe,2025-01-17
C004653,Small Business,New,Germany,DACH,2024-05-08
C004654,Private,New,Germany,DACH,2025-08-13
C004655,Enterprise,New,Germany,DACH,2025-11-23
C004656,Private,New,Italy,Southern Europe,2024-12-20
C004657,Fleet,Existing,Italy,Southern Europe,2025-07-22
C004658,Small Business,New,Germany,DACH,2024-02-11
C004659,Enterprise,New,France,Western Europe,2024-07-08
C004660,Fleet,New,Germany,DACH,2024-03-30
C004661,Fleet,New,Spain,Southern Europe,2024-07-17
C004662,Private,New,Italy,Southern Europe,2024-09-20
C004663,Small Business,Existing,Austria,DACH,2024-10-28
C004664,Private,New,Germany,DACH,2024-08-13
C004665,Small Business,New,France,Western Europe,2025-01-16
C004666,Private,New,Germany,DACH,2024-06-02
C004667,Enterprise,New,Italy,Southern Europe,2024-08-31
C004668,Enterprise,Existing,Germany,DACH,2025-08-11
C004669,Enterprise,New,Italy,Southern Europe,2025-01-28
C004670,Enterprise,New,Germany,DACH,2024-01-19
C004671,Small Business,New,Germany,DACH,2024-08-17
C004672,Enterprise,New,Germany,DACH,2025-08-03
C004673,Enterprise,New,Germany,DACH,2024-05-06
C004674,Fleet,New,Germany,DACH,2025-10-07
C004675,Fleet,Existing,France,Western Europe,2024-07-26
C004676,Small Business,New,Germany,DACH,2025-03-17
C004677,Private,New,Germany,DACH,2024-11-28
C004678,Private,Existing,Germany,DACH,2025-03-13
C004679,Fleet,New,Germany,DACH,2025-07-12
C004680,Fleet,New,Italy,Southern Europe,2024-04-14
C004681,Private,Existing,Netherlands,Benelux,2024-09-03
C004682,Small Business,Existing,Germany,DACH,2025-02-01
C004683,Enterprise,Existing,Spain,Southern Europe,2024-07-01
C004684,Small Business,Existing,Spain,Southern Europe,2024-09-19
C004685,Small Business,New,Netherlands,Benelux,2025-09-12
C004686,Small Business,Existing,Germany,DACH,2024-06-09
C004687,Enterprise,New,Germany,DACH,2024-05-12
C004688,Enterprise,New,Austria,DACH,2025-02-12
C004689,Small Business,Existing,Italy,Southern Europe,2024-03-10
C004690,Small Business,Existing,Spain,Southern Europe,2024-01-01
C004691,Fleet,Existing,Austria,DACH,2025-08-31
C004692,Small Business,New,Germany,DACH,2024-07-12
C004693,Private,Existing,Spain,Southern Europe,2024-03-25
C004694,Small Business,New,Italy,Southern Europe,2025-04-04
C004695,Fleet,Existing,Germany,DACH,2024-12-02
C004696,Fleet,New,France,Western Europe,2024-11-14
C004697,Fleet,New,Germany,DACH,2024-11-02
C004698,Fleet,Existing,Austria,DACH,2024-04-11
C004699,Small Business,New,France,Western Europe,2025-08-23
C004700,Small Business,New,Spain,Southern Europe,2024-01-01
C004701,Small Business,Existing,Netherlands,Benelux,2024-12-04
C004702,Small Business,New,Austria,DACH,2024-07-08
C004703,Enterprise,New,Germany,DACH,2025-03-25
C004704,Small Business,New,Germany,DACH,2025-01-19
C004705,Small Business,New,Germany,DACH,2024-09-26
C004706,Small Business,New,Germany,DACH,2025-01-09
C004707,Private,New,Germany,DACH,2024-06-07
C004708,Enterprise,New,Austria,DACH,2024-04-01
C004709,Private,New,Germany,DACH,2025-09-25
C004710,Private,New,Germany,DACH,2025-03-05
C004711,Private,New,Spain,Southern Europe,2025-04-02
C004712,Fleet,New,Germany,DACH,2025-11-30
C004713,Enterprise,Existing,France,Western Europe,2025-09-24
C004714,Private,New,Italy,Southern Europe,2025-02-13
C004715,Small Business,New,France,Western Europe,2025-07-08
C004716,Fleet,New,Germany,DACH,2025-01-04
C004717,Small Business,New,Germany,DACH,2024-06-15
C004718,Small Business,Existing,France,Western Europe,2025-03-11
C004719,Private,New,France,Western Europe,2025-10-01
C004720,Small Business,New,Germany,DACH,2025-09-07
C004721,Private,Existing,Austria,DACH,2024-12-19
C004722,Enterprise,New,France,Western Europe,2025-10-24
C004723,Fleet,Existing,Germany,DACH,2024-05-18
C004724,Fleet,New,France,Western Europe,2024-01-29
C004725,Private,New,Germany,DACH,2024-10-09
C004726,Private,Existing,Germany,DACH,2024-05-23
C004727,Small Business,New,Italy,Southern Europe,2025-11-01
C004728,Small Business,New,Germany,DACH,2024-03-22
C004729,Private,Existing,France,Western Europe,2025-01-09
C004730,Enterprise,New,Germany,DACH,2025-06-24
C004731,Small Business,Existing,Germany,DACH,2024-03-18
C004732,Fleet,New,Italy,Southern Europe,2024-02-01
C004733,Enterprise,New,Germany,DACH,2025-01-22
C004734,Small Business,Existing,Germany,DACH,2025-09-23
C004735,Small Business,New,Italy,Southern Europe,2024-01-12
C004736,Private,New,Spain,Southern Europe,2024-01-15
C004737,Small Business,Existing,Spain,Southern Europe,2025-10-09
C004738,Small Business,New,Germany,DACH,2025-02-25
C004739,Private,New,Germany,DACH,2025-05-05
C004740,Private,Existing,France,Western Europe,2024-07-11
C004741,Fleet,New,Germany,DACH,2024-08-06
C004742,Fleet,New,Germany,DACH,2024-11-25
C004743,Private,Existing,Spain,Southern Europe,2024-05-29
C004744,Private,New,Germany,DACH,2024-11-05
C004745,Private,Existing,Germany,DACH,2025-10-29
C004746,Private,Existing,Germany,DACH,2025-06-08
C004747,Private,New,Austria,DACH,2025-08-31
C004748,Enterprise,New,France,Western Europe,2024-12-13
C004749,Private,Existing,Italy,Southern Europe,2025-07-05
C004750,Small Business,Existing,Germany,DACH,2024-10-21
C004751,Enterprise,New,Germany,DACH,2025-03-08
C004752,Enterprise,New,France,Western Europe,2025-05-26
C004753,Fleet,New,Germany,DACH,2025-07-31
C004754,Small Business,Existing,Austria,DACH,2025-10-10
C004755,Private,Existing,Netherlands,Benelux,2024-03-14
C004756,Fleet,Existing,France,Western Europe,2025-07-09
C004757,Private,New,Germany,DACH,2025-05-11
C004758,Fleet,Existing,Netherlands,Benelux,2025-05-30
C004759,Small Business,New,Germany,DACH,2024-01-11
C004760,Small Business,New,Netherlands,Benelux,2024-12-07
C004761,Enterprise,New,France,Western Europe,2025-11-03
C004762,Small Business,New,France,Western Europe,2025-09-22
C004763,Private,New,Netherlands,Benelux,2024-06-10
C004764,Small Business,New,France,Western Europe,2024-12-06
C004765,Fleet,New,Austria,DACH,2025-08-27
C004766,Fleet,Existing,Germany,DACH,2025-10-13
C004767,Small Business,New,France,Western Europe,2024-08-19
C004768,Private,New,France,Western Europe,2025-07-16
C004769,Private,New,Germany,DACH,2025-08-07
C004770,Small Business,New,Spain,Southern Europe,2024-04-15
C004771,Fleet,New,France,Western Europe,2024-01-23
C004772,Private,New,Germany,DACH,2024-02-02
C004773,Private,New,Germany,DACH,2024-04-11
C004774,Fleet,New,Austria,DACH,2025-06-02
C004775,Private,Existing,Germany,DACH,2024-09-29
C004776,Small Business,New,Germany,DACH,2025-04-25
C004777,Small Business,Existing,Austria,DACH,2024-03-03
C004778,Private,New,Germany,DACH,2025-02-25
C004779,Private,Existing,Germany,DACH,2025-06-05
C004780,Private,New,France,Western Europe,2025-11-14
C004781,Small Business,New,Germany,DACH,2024-08-11
C004782,Fleet,New,Netherlands,Benelux,2025-01-16
C004783,Private,New,Italy,Southern Europe,2024-12-04
C004784,Small Business,Existing,France,Western Europe,2024-08-31
C004785,Fleet,New,Netherlands,Benelux,2025-03-23
C004786,Private,New,Italy,Southern Europe,2025-01-30
C004787,Small Business,Existing,Germany,DACH,2025-08-06
C004788,Fleet,Existing,Spain,Southern Europe,2024-01-20
C004789,Small Business,New,Germany,DACH,2024-06-04
C004790,Enterprise,New,Spain,Southern Europe,2025-02-09
C004791,Small Business,Existing,Austria,DACH,2025-02-05
C004792,Small Business,Existing,Germany,DACH,2025-09-23
C004793,Small Business,Existing,Germany,DACH,2025-04-17
C004794,Small Business,Existing,Netherlands,Benelux,2024-01-04
C004795,Small Business,New,Germany,DACH,2024-12-08
C004796,Private,New,Germany,DACH,2025-08-14
C004797,Small Business,New,Germany,DACH,2025-09-03
C004798,Small Business,New,Austria,DACH,2025-07-15
C004799,Small Business,Existing,Italy,Southern Europe,2024-11-30
C004800,Fleet,New,Spain,Southern Europe,2024-03-15
C004801,Small Business,New,Austria,DACH,2024-05-29
C004802,Private,New,Germany,DACH,2025-08-15
C004803,Private,New,Germany,DACH,2024-08-26
C004804,Private,New,Austria,DACH,2025-06-18
C004805,Small Business,New,Italy,Southern Europe,2024-01-26
C004806,Enterprise,Existing,Spain,Southern Europe,2024-12-09
C004807,Private,New,Germany,DACH,2025-10-27
C004808,Small Business,New,France,Western Europe,2024-06-20
C004809,Fleet,New,Austria,DACH,2024-01-22
C004810,Private,New,France,Western Europe,2024-07-20
C004811,Small Business,Existing,France,Western Europe,2024-02-14
C004812,Fleet,New,Spain,Southern Europe,2025-03-04
C004813,Private,Existing,France,Western Europe,2024-05-14
C004814,Small Business,New,Netherlands,Benelux,2024-06-21
C004815,Enterprise,New,Austria,DACH,2025-02-15
C004816,Small Business,New,Germany,DACH,2024-08-15
C004817,Small Business,Existing,Germany,DACH,2025-03-31
C004818,Small Business,Existing,France,Western Europe,2025-10-13
C004819,Fleet,New,France,Western Europe,2025-10-13
C004820,Enterprise,New,France,Western Europe,2025-05-25
C004821,Private,New,Spain,Southern Europe,2025-11-09
C004822,Enterprise,New,Germany,DACH,2025-05-30
C004823,Fleet,New,France,Western Europe,2024-02-17
C004824,Fleet,Existing,Spain,Southern Europe,2025-10-31
C004825,Fleet,New,Germany,DACH,2025-01-31
C004826,Small Business,Existing,Germany,DACH,2024-01-05
C004827,Enterprise,Existing,Germany,DACH,2025-03-10
C004828,Fleet,New,Germany,DACH,2024-06-20
C004829,Fleet,New,Spain,Southern Europe,2025-01-09
C004830,Fleet,Existing,Italy,Southern Europe,2025-04-05
C004831,Private,New,France,Western Europe,2024-01-20
C004832,Small Business,New,Germany,DACH,2024-11-02
C004833,Private,Existing,Spain,Southern Europe,2024-02-08
C004834,Private,New,Spain,Southern Europe,2024-03-19
C004835,Private,Existing,Germany,DACH,2024-05-27
C004836,Small Business,New,Italy,Southern Europe,2025-06-30
C004837,Small Business,New,Germany,DACH,2024-10-16
C004838,Fleet,New,Germany,DACH,2024-02-02
C004839,Enterprise,New,Germany,DACH,2025-06-06
C004840,Enterprise,New,Germany,DACH,2025-01-15
C004841,Private,New,Italy,Southern Europe,2024-04-09
C004842,Small Business,New,Austria,DACH,2025-01-28
C004843,Small Business,New,Germany,DACH,2024-06-23
C004844,Private,New,Austria,DACH,2025-03-21
C004845,Small Business,New,Germany,DACH,2025-10-25
C004846,Private,New,Germany,DACH,2024-08-08
C004847,Private,New,Germany,DACH,2025-06-05
C004848,Fleet,New,France,Western Europe,2024-01-17
C004849,Fleet,New,Germany,DACH,2024-10-11
C004850,Small Business,New,Spain,Southern Europe,2025-09-14
C004851,Small Business,New,Germany,DACH,2024-02-22
C004852,Private,Existing,Spain,Southern Europe,2025-10-12
C004853,Fleet,New,Italy,Southern Europe,2024-03-06
C004854,Small Business,New,Germany,DACH,2024-12-03
C004855,Small Business,Existing,Germany,DACH,2024-05-06
C004856,Small Business,New,Netherlands,Benelux,2024-01-15
C004857,Private,New,Austria,DACH,2024-09-01
C004858,Private,New,France,Western Europe,2025-02-10
C004859,Fleet,New,Germany,DACH,2025-05-20
C004860,Fleet,New,Germany,DACH,2024-08-09
C004861,Small Business,New,France,Western Europe,2024-12-10
C004862,Fleet,New,Italy,Southern Europe,2024-05-07
C004863,Small Business,New,Germany,DACH,2025-05-25
C004864,Enterprise,New,Spain,Southern Europe,2024-04-28
C004865,Small Business,New,France,Western Europe,2025-08-25
C004866,Fleet,New,Germany,DACH,2024-05-05
C004867,Small Business,New,Germany,DACH,2025-04-09
C004868,Private,New,Germany,DACH,2024-08-19
C004869,Small Business,New,Austria,DACH,2025-11-28
C004870,Enterprise,New,France,Western Europe,2024-07-15
C004871,Small Business,New,Austria,DACH,2025-10-26
C004872,Private,Existing,Germany,DACH,2025-08-08
C004873,Private,Existing,Spain,Southern Europe,2024-11-23
C004874,Small Business,New,France,Western Europe,2024-12-12
C004875,Small Business,New,France,Western Europe,2024-09-04
C004876,Fleet,New,France,Western Europe,2024-10-26
C004877,Private,Existing,Germany,DACH,2024-11-22
C004878,Enterprise,New,Spain,Southern Europe,2024-04-12
C004879,Small Business,New,Germany,DACH,2024-08-14
C004880,Fleet,Existing,Germany,DACH,2025-09-05
C004881,Small Business,New,Germany,DACH,2025-11-16
C004882,Small Business,Existing,France,Western Europe,2024-02-08
C004883,Private,New,France,Western Europe,2025-05-27
C004884,Fleet,New,Germany,DACH,2024-06-16
C004885,Small Business,Existing,Italy,Southern Europe,2025-04-02
C004886,Enterprise,New,Italy,Southern Europe,2025-03-11
C004887,Private,New,Germany,DACH,2025-09-07
C004888,Private,Existing,Spain,Southern Europe,2025-05-06
C004889,Small Business,Existing,Germany,DACH,2025-07-30
C004890,Enterprise,New,Netherlands,Benelux,2025-07-14
C004891,Private,Existing,Germany,DACH,2025-03-29
C004892,Fleet,New,Germany,DACH,2024-10-14
C004893,Small Business,New,Austria,DACH,2024-08-23
C004894,Enterprise,Existing,Germany,DACH,2024-08-30
C004895,Fleet,New,Spain,Southern Europe,2024-09-08
C004896,Private,Existing,Austria,DACH,2024-07-20
C004897,Private,New,Germany,DACH,2024-08-05
C004898,Private,New,France,Western Europe,2025-02-01
C004899,Private,New,Italy,Southern Europe,2024-07-08
C004900,Enterprise,New,Spain,Southern Europe,2024-09-01
C004901,Small Business,Existing,Austria,DACH,2025-05-11
C004902,Small Business,New,Germany,DACH,2024-08-17
C004903,Private,New,Germany,DACH,2024-03-15
C004904,Fleet,New,Italy,Southern Europe,2024-01-12
C004905,Private,New,Spain,Southern Europe,2025-06-19
C004906,Private,New,France,Western Europe,2025-10-25
C004907,Fleet,New,Italy,Southern Europe,2025-04-22
C004908,Private,New,Germany,DACH,2024-02-12
C004909,Small Business,New,Spain,Southern Europe,2025-01-29
C004910,Enterprise,New,Germany,DACH,2024-07-08
C004911,Small Business,New,Germany,DACH,2024-08-12
C004912,Private,New,Austria,DACH,2025-10-06
C004913,Enterprise,New,Germany,DACH,2025-07-31
C004914,Small Business,New,Netherlands,Benelux,2025-05-29
C004915,Fleet,New,Germany,DACH,2024-12-16
C004916,Small Business,New,Italy,Southern Europe,2025-02-08
C004917,Private,Existing,Spain,Southern Europe,2025-10-03
C004918,Fleet,New,France,Western Europe,2025-04-07
C004919,Small Business,Existing,Netherlands,Benelux,2025-02-09
C004920,Enterprise,New,Germany,DACH,2024-03-08
C004921,Small Business,New,Germany,DACH,2025-11-28
C004922,Fleet,Existing,Germany,DACH,2025-07-20
C004923,Private,New,Germany,DACH,2024-09-12
C004924,Small Business,New,Italy,Southern Europe,2024-06-24
C004925,Small Business,New,Austria,DACH,2025-11-08
C004926,Enterprise,New,Germany,DACH,2025-10-31
C004927,Private,New,Germany,DACH,2024-10-21
C004928,Small Business,Existing,Austria,DACH,2024-06-10
C004929,Private,New,Spain,Southern Europe,2025-07-12
C004930,Fleet,New,Germany,DACH,2025-03-13
C004931,Small Business,New,Spain,Southern Europe,2025-09-22
C004932,Private,New,France,Western Europe,2025-01-16
C004933,Fleet,Existing,Spain,Southern Europe,2025-01-21
C004934,Small Business,New,Germany,DACH,2024-04-10
C004935,Enterprise,Existing,France,Western Europe,2025-02-26
C004936,Small Business,New,Germany,DACH,2024-09-11
C004937,Small Business,New,Germany,DACH,2024-05-23
C004938,Small Business,New,Spain,Southern Europe,2025-06-30
C004939,Private,Existing,France,Western Europe,2024-08-30
C004940,Private,New,Germany,DACH,2024-05-28
C004941,Enterprise,New,Italy,Southern Europe,2025-11-03
C004942,Small Business,Existing,Germany,DACH,2025-11-05
C004943,Private,New,France,Western Europe,2024-12-12
C004944,Private,New,Netherlands,Benelux,2024-07-25
C004945,Small Business,Existing,France,Western Europe,2024-04-23
C004946,Small Business,New,Italy,Southern Europe,2025-03-14
C004947,Private,New,France,Western Europe,2025-03-03
C004948,Small Business,New,Spain,Southern Europe,2025-03-09
C004949,Private,Existing,France,Western Europe,2025-06-21
C004950,Fleet,New,Spain,Southern Europe,2024-11-25
C004951,Small Business,Existing,Germany,DACH,2025-04-23
C004952,Enterprise,New,Spain,Southern Europe,2025-04-03
C004953,Private,New,Germany,DACH,2025-07-10
C004954,Fleet,New,Netherlands,Benelux,2025-06-04
C004955,Private,Existing,Germany,DACH,2024-01-26
C004956,Fleet,New,Germany,DACH,2025-03-09
C004957,Private,New,Italy,Southern Europe,2025-11-13
C004958,Small Business,New,Germany,DACH,2025-01-26
C004959,Fleet,Existing,Germany,DACH,2025-01-05
C004960,Fleet,New,Spain,Southern Europe,2025-02-28
C004961,Fleet,New,Germany,DACH,2025-01-26
C004962,Fleet,New,Germany,DACH,2024-10-08
C004963,Small Business,New,Austria,DACH,2025-11-26
C004964,Enterprise,Existing,Germany,DACH,2024-02-19
C004965,Small Business,New,Germany,DACH,2025-07-23
C004966,Small Business,Existing,Germany,DACH,2024-04-21
C004967,Fleet,Existing,Germany,DACH,2024-05-24
C004968,Private,New,Germany,DACH,2025-02-28
C004969,Small Business,Existing,Germany,DACH,2025-03-22
C004970,Fleet,Existing,France,Western Europe,2025-10-11
C004971,Private,Existing,France,Western Europe,2024-07-25
C004972,Small Business,New,Germany,DACH,2024-01-19
C004973,Enterprise,New,Germany,DACH,2024-06-27
C004974,Fleet,Existing,Italy,Southern Europe,2025-01-15
C004975,Private,New,France,Western Europe,2024-09-07
C004976,Small Business,Existing,Germany,DACH,2024-06-25
C004977,Private,New,Austria,DACH,2025-10-01
C004978,Private,New,Germany,DACH,2025-01-28
C004979,Small Business,Existing,Italy,Southern Europe,2025-04-15
C004980,Small Business,New,Italy,Southern Europe,2025-06-08
C004981,Small Business,New,Italy,Southern Europe,2024-10-13
C004982,Small Business,Existing,Germany,DACH,2025-05-29
C004983,Enterprise,Existing,Germany,DACH,2025-11-05
C004984,Private,New,Germany,DACH,2025-05-22
C004985,Private,Existing,Germany,DACH,2024-07-26
C004986,Enterprise,Existing,Germany,DACH,2025-06-29
C004987,Private,Existing,France,Western Europe,2024-06-14
C004988,Private,New,Germany,DACH,2024-02-20
C004989,Fleet,New,Italy,Southern Europe,2024-11-06
C004990,Fleet,Existing,Germany,DACH,2024-12-22
C004991,Small Business,Existing,Germany,DACH,2024-11-24
C004992,Fleet,New,Italy,Southern Europe,2024-07-02
C004993,Fleet,New,Spain,Southern Europe,2024-07-10
C004994,Small Business,New,Germany,DACH,2025-10-06
C004995,Fleet,Existing,France,Western Europe,2024-07-23
C004996,Fleet,Existing,Germany,DACH,2025-07-02
C004997,Small Business,New,Germany,DACH,2024-06-29
C004998,Small Business,New,Austria,DACH,2024-03-16
C004999,Fleet,New,Germany,DACH,2024-02-14
C005000,Fleet,Existing,France,Western Europe,2024-06-19
