lead_id,customer_id,lead_date,lead_source,campaign,lead_status,product,qualified_date
L000001,C000009,2025-02-20,Dealer Event,Van Experience Days,Created,V-Class,
L000002,C000011,2025-09-25,Dealer Event,Van Experience Days,Created,Vito,
L000003,C000014,2024-08-20,Paid Search,Commercial Intent,Created,V-Class,
L000004,C000019,2024-08-31,Paid Search,Commercial Intent,Qualified,Sprinter,2024-09-07
L000005,C000020,2024-11-27,Dealer Event,Van Experience Days,Qualified,Vito,2024-12-10
L000006,C000024,2024-09-03,Paid Search,Commercial Intent,Created,Sprinter,
L000007,C000029,2025-10-25,Paid Search,Commercial Intent,Created,Sprinter,
L000008,C000031,2025-12-03,Email,CRM Nurture,Qualified,V-Class,2025-12-05
L000009,C000035,2024-08-09,Website,Always-on Web,Created,V-Class,
L000010,C000036,2025-09-26,Email,CRM Nurture,Qualified,Vito,2025-10-02
L000011,C000044,2025-10-09,Paid Search,Commercial Intent,Created,Sprinter,
L000012,C000050,2025-08-10,Website,Always-on Web,Created,Vito,
L000013,C000052,2025-05-20,Website,Always-on Web,Qualified,Vito,2025-05-22
L000014,C000054,2024-07-28,Paid Search,Commercial Intent,Created,V-Class,
L000015,C000055,2025-05-03,Website,Always-on Web,Created,Sprinter,
L000016,C000058,2025-04-26,Dealer Event,Van Experience Days,Qualified,VLE,2025-05-08
L000017,C000064,2024-12-07,Social Media,Urban Mobility,Created,Sprinter,
L000018,C000072,2024-01-24,Website,Always-on Web,Created,Vito,
L000019,C000075,2025-06-02,Social Media,Urban Mobility,Created,V-Class,
L000020,C000077,2025-04-07,Dealer Event,Van Experience Days,Created,Vito,
L000021,C000082,2024-10-20,Referral,Customer Referral,Qualified,VLE,2024-10-31
L000022,C000084,2025-08-18,Paid Search,Commercial Intent,Created,V-Class,
L000023,C000086,2024-03-27,Referral,Customer Referral,Qualified,Vito,2024-04-11
L000024,C000092,2025-10-15,Paid Search,Commercial Intent,Qualified,Vito,2025-10-24
L000025,C000096,2024-09-06,Paid Search,Commercial Intent,Qualified,Sprinter,2024-09-09
L000026,C000099,2025-11-10,Website,Always-on Web,Created,Vito,
L000027,C000107,2025-02-03,Dealer Event,Van Experience Days,Created,Sprinter,
L000028,C000109,2024-03-07,Email,CRM Nurture,Created,Vito,
L000029,C000115,2024-10-05,Paid Search,Commercial Intent,Qualified,V-Class,2024-10-16
L000030,C000117,2025-12-18,Referral,Customer Referral,Qualified,Vito,2025-12-26
L000031,C000120,2024-04-13,Website,Always-on Web,Qualified,Vito,2024-04-14
L000032,C000122,2024-08-05,Website,Always-on Web,Qualified,Sprinter,2024-08-10
L000033,C000123,2025-01-15,Dealer Event,Van Experience Days,Created,Sprinter,
L000034,C000124,2025-11-24,Email,CRM Nurture,Qualified,Sprinter,2025-11-28
L000035,C000125,2025-05-13,Referral,Customer Referral,Qualified,Sprinter,2025-05-17
L000036,C000128,2024-05-15,Dealer Event,Van Experience Days,Qualified,Vito,2024-05-29
L000037,C000130,2025-01-18,Dealer Event,Van Experience Days,Created,Sprinter,
L000038,C000132,2025-04-21,Dealer Event,Van Experience Days,Qualified,V-Class,2025-04-25
L000039,C000135,2025-09-01,Referral,Customer Referral,Created,Vito,
L000040,C000136,2025-08-01,Email,CRM Nurture,Qualified,Sprinter,2025-08-04
L000041,C000139,2025-11-13,Referral,Customer Referral,Qualified,Vito,2025-11-28
L000042,C000143,2025-09-21,Social Media,Urban Mobility,Created,Vito,
L000043,C000144,2025-10-03,Dealer Event,Van Experience Days,Qualified,VLE,2025-10-12
L000044,C000147,2025-09-06,Social Media,Urban Mobility,Created,V-Class,
L000045,C000148,2025-03-26,Paid Search,Commercial Intent,Created,Sprinter,
L000046,C000150,2025-03-04,Dealer Event,Van Experience Days,Qualified,Sprinter,2025-03-06
L000047,C000151,2024-12-12,Website,Always-on Web,Qualified,V-Class,2024-12-18
L000048,C000152,2025-04-14,Email,CRM Nurture,Qualified,Sprinter,2025-04-29
L000049,C000154,2025-02-23,Dealer Event,Van Experience Days,Created,Vito,
L000050,C000163,2025-01-26,Website,Always-on Web,Qualified,V-Class,2025-02-03
L000051,C000164,2025-02-01,Email,CRM Nurture,Created,Vito,
L000052,C000167,2024-10-15,Paid Search,Commercial Intent,Qualified,Vito,2024-10-21
L000053,C000168,2025-07-03,Paid Search,Commercial Intent,Created,V-Class,
L000054,C000170,2024-09-06,Email,CRM Nurture,Created,Vito,
L000055,C000173,2025-08-30,Paid Search,Commercial Intent,Qualified,Sprinter,2025-09-09
L000056,C000176,2025-07-03,Paid Search,Commercial Intent,Created,Sprinter,
L000057,C000177,2024-04-17,Dealer Event,Van Experience Days,Qualified,Vito,2024-04-22
L000058,C000184,2025-04-17,Dealer Event,Van Experience Days,Qualified,Sprinter,2025-04-22
L000059,C000185,2025-08-01,Social Media,Urban Mobility,Created,Vito,
L000060,C000186,2024-06-16,Paid Search,Commercial Intent,Qualified,VLE,2024-07-01
L000061,C000192,2025-11-09,Website,Always-on Web,Qualified,V-Class,2025-11-22
L000062,C000197,2025-04-29,Paid Search,Commercial Intent,Qualified,Vito,2025-05-01
L000063,C000198,2025-08-30,Dealer Event,Van Experience Days,Created,Sprinter,
L000064,C000206,2025-06-26,Paid Search,Commercial Intent,Created,VLE,
L000065,C000211,2024-04-13,Referral,Customer Referral,Qualified,Vito,2024-04-17
L000066,C000212,2025-04-21,Paid Search,Commercial Intent,Qualified,VLE,2025-04-22
L000067,C000213,2024-07-28,Referral,Customer Referral,Created,Sprinter,
L000068,C000218,2024-12-15,Social Media,Urban Mobility,Qualified,Vito,2024-12-17
L000069,C000219,2025-11-08,Website,Always-on Web,Qualified,Sprinter,2025-11-16
L000070,C000222,2024-06-21,Website,Always-on Web,Created,V-Class,
L000071,C000223,2025-07-19,Email,CRM Nurture,Created,Sprinter,
L000072,C000226,2025-12-17,Email,CRM Nurture,Qualified,Vito,2025-12-24
L000073,C000227,2025-04-02,Website,Always-on Web,Qualified,Sprinter,2025-04-07
L000074,C000229,2025-01-17,Referral,Customer Referral,Qualified,Sprinter,2025-01-31
L000075,C000231,2025-09-22,Paid Search,Commercial Intent,Qualified,Sprinter,2025-09-27
L000076,C000234,2024-03-08,Website,Always-on Web,Created,Vito,
L000077,C000235,2025-06-06,Referral,Customer Referral,Created,VLE,
L000078,C000238,2024-11-19,Email,CRM Nurture,Created,Sprinter,
L000079,C000243,2024-04-17,Website,Always-on Web,Created,VLE,
L000080,C000246,2024-05-08,Social Media,Urban Mobility,Created,Vito,
L000081,C000247,2024-08-01,Referral,Customer Referral,Qualified,Vito,2024-08-03
L000082,C000250,2025-01-02,Paid Search,Commercial Intent,Created,Sprinter,
L000083,C000251,2025-03-16,Paid Search,Commercial Intent,Created,VLE,
L000084,C000255,2025-06-03,Paid Search,Commercial Intent,Qualified,Sprinter,2025-06-15
L000085,C000259,2024-03-01,Website,Always-on Web,Created,Vito,
L000086,C000272,2025-03-04,Paid Search,Commercial Intent,Created,Sprinter,
L000087,C000275,2025-05-24,Dealer Event,Van Experience Days,Qualified,Vito,2025-05-27
L000088,C000279,2024-10-23,Website,Always-on Web,Qualified,Sprinter,2024-11-07
L000089,C000281,2025-04-03,Website,Always-on Web,Qualified,Sprinter,2025-04-12
L000090,C000282,2025-02-13,Dealer Event,Van Experience Days,Qualified,Sprinter,2025-02-26
L000091,C000283,2025-03-24,Website,Always-on Web,Created,VLE,
L000092,C000286,2024-02-20,Website,Always-on Web,Created,V-Class,
L000093,C000295,2024-10-19,Email,CRM Nurture,Qualified,Sprinter,2024-10-23
L000094,C000297,2024-09-17,Referral,Customer Referral,Created,VLE,
L000095,C000298,2024-08-22,Paid Search,Commercial Intent,Qualified,V-Class,2024-09-02
L000096,C000299,2024-12-22,Website,Always-on Web,Created,Sprinter,
L000097,C000301,2025-02-07,Social Media,Urban Mobility,Created,Sprinter,
L000098,C000302,2024-02-11,Dealer Event,Van Experience Days,Created,V-Class,
L000099,C000305,2024-05-08,Website,Always-on Web,Qualified,Sprinter,2024-05-18
L000100,C000311,2025-07-28,Dealer Event,Van Experience Days,Qualified,VLE,2025-08-04
L000101,C000315,2025-11-01,Dealer Event,Van Experience Days,Qualified,VLE,2025-11-05
L000102,C000317,2024-07-07,Social Media,Urban Mobility,Created,Sprinter,
L000103,C000319,2024-06-07,Paid Search,Commercial Intent,Qualified,V-Class,2024-06-08
L000104,C000321,2025-07-25,Email,CRM Nurture,Created,Sprinter,
L000105,C000322,2024-04-04,Website,Always-on Web,Created,V-Class,
L000106,C000323,2025-10-03,Paid Search,Commercial Intent,Qualified,Vito,2025-10-15
L000107,C000332,2024-06-02,Website,Always-on Web,Qualified,V-Class,2024-06-15
L000108,C000333,2024-06-25,Social Media,Urban Mobility,Qualified,Sprinter,2024-06-27
L000109,C000337,2024-12-29,Website,Always-on Web,Qualified,VLE,2025-01-08
L000110,C000341,2024-08-15,Website,Always-on Web,Created,Sprinter,
L000111,C000342,2024-10-16,Paid Search,Commercial Intent,Created,VLE,
L000112,C000345,2025-05-18,Email,CRM Nurture,Qualified,V-Class,2025-05-30
L000113,C000347,2024-12-29,Referral,Customer Referral,Qualified,V-Class,2025-01-04
L000114,C000348,2025-08-20,Website,Always-on Web,Qualified,V-Class,2025-09-01
L000115,C000351,2025-08-12,Paid Search,Commercial Intent,Qualified,Vito,2025-08-13
L000116,C000352,2025-10-03,Social Media,Urban Mobility,Qualified,Vito,2025-10-10
L000117,C000356,2024-02-24,Paid Search,Commercial Intent,Created,Vito,
L000118,C000359,2024-05-28,Website,Always-on Web,Created,V-Class,
L000119,C000360,2024-06-23,Email,CRM Nurture,Qualified,Sprinter,2024-07-04
L000120,C000361,2024-08-06,Dealer Event,Van Experience Days,Created,VLE,
L000121,C000362,2024-12-02,Dealer Event,Van Experience Days,Qualified,VLE,2024-12-12
L000122,C000372,2024-12-08,Referral,Customer Referral,Qualified,Vito,2024-12-23
L000123,C000379,2025-11-04,Website,Always-on Web,Created,VLE,
L000124,C000380,2024-06-05,Paid Search,Commercial Intent,Qualified,Vito,2024-06-17
L000125,C000381,2024-06-22,Paid Search,Commercial Intent,Qualified,Vito,2024-06-28
L000126,C000383,2024-08-13,Social Media,Urban Mobility,Created,Vito,
L000127,C000388,2024-08-11,Email,CRM Nurture,Created,Sprinter,
L000128,C000389,2025-01-12,Dealer Event,Van Experience Days,Qualified,V-Class,2025-01-27
L000129,C000393,2025-09-14,Referral,Customer Referral,Created,Vito,
L000130,C000397,2024-12-03,Referral,Customer Referral,Qualified,Sprinter,2024-12-11
L000131,C000404,2024-09-30,Website,Always-on Web,Qualified,V-Class,2024-10-13
L000132,C000411,2025-12-12,Email,CRM Nurture,Qualified,Vito,2025-12-26
L000133,C000412,2025-04-22,Email,CRM Nurture,Qualified,Vito,2025-04-29
L000134,C000416,2025-09-24,Paid Search,Commercial Intent,Created,Sprinter,
L000135,C000418,2024-08-30,Paid Search,Commercial Intent,Qualified,Sprinter,2024-09-05
L000136,C000421,2024-10-08,Website,Always-on Web,Qualified,VLE,2024-10-21
L000137,C000424,2024-07-04,Social Media,Urban Mobility,Qualified,V-Class,2024-07-07
L000138,C000425,2025-08-25,Referral,Customer Referral,Qualified,Vito,2025-09-08
L000139,C000426,2025-03-21,Paid Search,Commercial Intent,Qualified,Vito,2025-03-27
L000140,C000435,2024-08-19,Website,Always-on Web,Qualified,Vito,2024-08-25
L000141,C000438,2024-01-28,Social Media,Urban Mobility,Created,Sprinter,
L000142,C000439,2025-04-06,Paid Search,Commercial Intent,Created,V-Class,
L000143,C000443,2024-12-18,Website,Always-on Web,Qualified,Sprinter,2024-12-30
L000144,C000449,2024-11-12,Website,Always-on Web,Created,Vito,
L000145,C000452,2024-08-13,Email,CRM Nurture,Qualified,V-Class,2024-08-15
L000146,C000454,2024-08-19,Paid Search,Commercial Intent,Qualified,VLE,2024-08-24
L000147,C000457,2025-11-17,Email,CRM Nurture,Created,V-Class,
L000148,C000458,2024-04-29,Referral,Customer Referral,Qualified,Sprinter,2024-05-11
L000149,C000459,2024-09-25,Dealer Event,Van Experience Days,Qualified,Vito,2024-10-05
L000150,C000468,2025-01-06,Social Media,Urban Mobility,Created,Vito,
L000151,C000478,2025-06-12,Referral,Customer Referral,Qualified,Vito,2025-06-18
L000152,C000486,2024-03-21,Paid Search,Commercial Intent,Qualified,VLE,2024-03-31
L000153,C000494,2025-08-10,Paid Search,Commercial Intent,Created,Sprinter,
L000154,C000496,2024-08-24,Website,Always-on Web,Qualified,Vito,2024-09-06
L000155,C000504,2024-04-28,Paid Search,Commercial Intent,Qualified,Sprinter,2024-05-04
L000156,C000507,2025-09-15,Referral,Customer Referral,Qualified,V-Class,2025-09-20
L000157,C000513,2025-01-04,Paid Search,Commercial Intent,Created,V-Class,
L000158,C000514,2025-05-18,Website,Always-on Web,Qualified,V-Class,2025-05-22
L000159,C000521,2024-07-30,Dealer Event,Van Experience Days,Created,V-Class,
L000160,C000525,2024-06-19,Dealer Event,Van Experience Days,Qualified,Vito,2024-06-21
L000161,C000529,2024-12-13,Social Media,Urban Mobility,Created,V-Class,
L000162,C000533,2024-12-01,Website,Always-on Web,Qualified,Sprinter,2024-12-10
L000163,C000539,2024-04-25,Dealer Event,Van Experience Days,Created,Sprinter,
L000164,C000540,2024-03-20,Social Media,Urban Mobility,Qualified,Vito,2024-04-01
L000165,C000541,2025-11-26,Website,Always-on Web,Created,Sprinter,
L000166,C000542,2024-08-31,Referral,Customer Referral,Qualified,Vito,2024-09-12
L000167,C000546,2024-03-10,Website,Always-on Web,Qualified,VLE,2024-03-22
L000168,C000551,2025-09-18,Referral,Customer Referral,Qualified,Vito,2025-09-22
L000169,C000558,2025-09-20,Paid Search,Commercial Intent,Qualified,Vito,2025-09-24
L000170,C000560,2025-11-30,Dealer Event,Van Experience Days,Created,VLE,
L000171,C000565,2025-07-03,Email,CRM Nurture,Qualified,Sprinter,2025-07-06
L000172,C000566,2025-11-13,Email,CRM Nurture,Qualified,Vito,2025-11-14
L000173,C000569,2024-09-15,Referral,Customer Referral,Qualified,Sprinter,2024-09-19
L000174,C000570,2024-06-15,Website,Always-on Web,Created,Vito,
L000175,C000574,2025-10-22,Paid Search,Commercial Intent,Created,Vito,
L000176,C000577,2025-11-08,Paid Search,Commercial Intent,Created,VLE,
L000177,C000578,2025-07-09,Paid Search,Commercial Intent,Created,VLE,
L000178,C000581,2025-11-25,Dealer Event,Van Experience Days,Qualified,Vito,2025-12-09
L000179,C000583,2025-10-08,Referral,Customer Referral,Qualified,Vito,2025-10-22
L000180,C000590,2025-10-09,Paid Search,Commercial Intent,Created,Sprinter,
L000181,C000592,2024-06-12,Social Media,Urban Mobility,Qualified,Vito,2024-06-17
L000182,C000597,2025-03-13,Website,Always-on Web,Qualified,VLE,2025-03-22
L000183,C000599,2024-05-19,Dealer Event,Van Experience Days,Qualified,Vito,2024-05-23
L000184,C000605,2025-03-12,Website,Always-on Web,Qualified,Sprinter,2025-03-26
L000185,C000612,2025-04-25,Referral,Customer Referral,Qualified,Vito,2025-04-27
L000186,C000613,2025-01-19,Email,CRM Nurture,Created,V-Class,
L000187,C000619,2024-03-22,Paid Search,Commercial Intent,Qualified,Vito,2024-03-23
L000188,C000623,2025-07-11,Social Media,Urban Mobility,Created,Sprinter,
L000189,C000626,2024-10-02,Social Media,Urban Mobility,Qualified,Sprinter,2024-10-13
L000190,C000627,2024-11-07,Paid Search,Commercial Intent,Qualified,Sprinter,2024-11-21
L000191,C000628,2025-06-07,Website,Always-on Web,Created,Vito,
L000192,C000635,2024-08-16,Referral,Customer Referral,Qualified,Vito,2024-08-19
L000193,C000637,2025-07-20,Paid Search,Commercial Intent,Qualified,V-Class,2025-07-21
L000194,C000640,2024-03-31,Paid Search,Commercial Intent,Created,Sprinter,
L000195,C000644,2025-03-23,Website,Always-on Web,Created,Vito,
L000196,C000645,2024-12-14,Dealer Event,Van Experience Days,Created,V-Class,
L000197,C000653,2025-12-18,Website,Always-on Web,Created,Vito,
L000198,C000654,2024-07-24,Paid Search,Commercial Intent,Qualified,VLE,2024-08-08
L000199,C000656,2024-03-18,Paid Search,Commercial Intent,Created,VLE,
L000200,C000659,2025-11-24,Referral,Customer Referral,Qualified,Sprinter,2025-12-01
L000201,C000663,2024-12-06,Referral,Customer Referral,Qualified,Vito,2024-12-21
L000202,C000673,2024-07-19,Referral,Customer Referral,Created,V-Class,
L000203,C000678,2025-10-06,Paid Search,Commercial Intent,Qualified,Vito,2025-10-18
L000204,C000680,2025-03-01,Dealer Event,Van Experience Days,Qualified,VLE,2025-03-08
L000205,C000682,2024-06-02,Paid Search,Commercial Intent,Created,Sprinter,
L000206,C000683,2024-02-29,Social Media,Urban Mobility,Qualified,Sprinter,2024-03-05
L000207,C000686,2025-01-31,Website,Always-on Web,Created,Sprinter,
L000208,C000691,2025-01-09,Referral,Customer Referral,Qualified,Vito,2025-01-16
L000209,C000694,2024-11-16,Paid Search,Commercial Intent,Qualified,Vito,2024-11-25
L000210,C000696,2024-11-14,Paid Search,Commercial Intent,Qualified,Sprinter,2024-11-15
L000211,C000704,2025-02-28,Website,Always-on Web,Qualified,Vito,2025-03-02
L000212,C000705,2025-12-07,Website,Always-on Web,Qualified,VLE,2025-12-21
L000213,C000706,2025-10-14,Paid Search,Commercial Intent,Qualified,Vito,2025-10-22
L000214,C000707,2024-05-22,Dealer Event,Van Experience Days,Qualified,Vito,2024-05-30
L000215,C000709,2024-03-30,Website,Always-on Web,Created,VLE,
L000216,C000711,2025-07-13,Website,Always-on Web,Created,Vito,
L000217,C000712,2024-10-31,Email,CRM Nurture,Qualified,Vito,2024-11-14
L000218,C000714,2024-01-30,Website,Always-on Web,Created,Sprinter,
L000219,C000716,2024-08-11,Dealer Event,Van Experience Days,Created,V-Class,
L000220,C000723,2025-08-02,Website,Always-on Web,Created,Sprinter,
L000221,C000725,2025-10-15,Paid Search,Commercial Intent,Created,Sprinter,
L000222,C000726,2025-05-01,Dealer Event,Van Experience Days,Created,Sprinter,
L000223,C000729,2024-02-08,Website,Always-on Web,Qualified,VLE,2024-02-18
L000224,C000730,2025-05-16,Email,CRM Nurture,Created,Sprinter,
L000225,C000736,2025-02-24,Email,CRM Nurture,Created,Sprinter,
L000226,C000737,2025-09-20,Email,CRM Nurture,Qualified,V-Class,2025-09-30
L000227,C000739,2025-01-27,Paid Search,Commercial Intent,Qualified,VLE,2025-01-29
L000228,C000742,2025-09-23,Website,Always-on Web,Qualified,Vito,2025-10-07
L000229,C000746,2025-11-12,Dealer Event,Van Experience Days,Qualified,VLE,2025-11-17
L000230,C000752,2024-09-01,Website,Always-on Web,Created,VLE,
L000231,C000754,2025-11-08,Website,Always-on Web,Created,Vito,
L000232,C000755,2025-05-05,Dealer Event,Van Experience Days,Qualified,Sprinter,2025-05-15
L000233,C000761,2025-09-12,Email,CRM Nurture,Qualified,V-Class,2025-09-18
L000234,C000766,2025-10-20,Email,CRM Nurture,Created,Sprinter,
L000235,C000773,2024-02-04,Website,Always-on Web,Qualified,V-Class,2024-02-18
L000236,C000780,2024-04-19,Website,Always-on Web,Qualified,Sprinter,2024-04-30
L000237,C000784,2024-07-19,Paid Search,Commercial Intent,Created,V-Class,
L000238,C000785,2024-02-25,Dealer Event,Van Experience Days,Qualified,Sprinter,2024-03-03
L000239,C000786,2025-09-06,Paid Search,Commercial Intent,Created,Sprinter,
L000240,C000788,2025-02-04,Dealer Event,Van Experience Days,Qualified,Sprinter,2025-02-16
L000241,C000791,2024-08-31,Paid Search,Commercial Intent,Qualified,Vito,2024-09-11
L000242,C000793,2024-03-16,Referral,Customer Referral,Created,V-Class,
L000243,C000794,2025-08-18,Paid Search,Commercial Intent,Qualified,Vito,2025-08-19
L000244,C000795,2024-08-20,Referral,Customer Referral,Created,Sprinter,
L000245,C000798,2025-11-19,Paid Search,Commercial Intent,Qualified,Sprinter,2025-11-26
L000246,C000801,2025-03-19,Email,CRM Nurture,Qualified,Vito,2025-04-03
L000247,C000803,2024-05-30,Website,Always-on Web,Created,Sprinter,
L000248,C000805,2024-03-08,Email,CRM Nurture,Qualified,Sprinter,2024-03-10
L000249,C000809,2024-07-25,Paid Search,Commercial Intent,Created,VLE,
L000250,C000810,2025-02-06,Website,Always-on Web,Qualified,Vito,2025-02-10
L000251,C000811,2025-07-07,Website,Always-on Web,Qualified,Sprinter,2025-07-22
L000252,C000817,2024-04-22,Website,Always-on Web,Created,Sprinter,
L000253,C000818,2024-10-01,Referral,Customer Referral,Qualified,Vito,2024-10-12
L000254,C000819,2024-09-01,Paid Search,Commercial Intent,Qualified,Sprinter,2024-09-03
L000255,C000821,2024-02-28,Dealer Event,Van Experience Days,Qualified,Vito,2024-03-07
L000256,C000823,2025-04-27,Dealer Event,Van Experience Days,Qualified,Sprinter,2025-05-11
L000257,C000824,2025-06-10,Paid Search,Commercial Intent,Created,Vito,
L000258,C000826,2025-08-02,Email,CRM Nurture,Created,Vito,
L000259,C000829,2025-01-01,Website,Always-on Web,Created,Sprinter,
L000260,C000845,2025-03-12,Email,CRM Nurture,Created,Sprinter,
L000261,C000849,2024-12-11,Website,Always-on Web,Created,Sprinter,
L000262,C000851,2025-08-10,Paid Search,Commercial Intent,Created,V-Class,
L000263,C000852,2024-10-22,Dealer Event,Van Experience Days,Qualified,Sprinter,2024-11-03
L000264,C000853,2024-03-25,Social Media,Urban Mobility,Created,Sprinter,
L000265,C000854,2025-09-24,Paid Search,Commercial Intent,Qualified,Sprinter,2025-09-28
L000266,C000855,2024-11-09,Paid Search,Commercial Intent,Created,V-Class,
L000267,C000856,2025-06-13,Website,Always-on Web,Created,Sprinter,
L000268,C000859,2024-01-25,Website,Always-on Web,Qualified,Vito,2024-02-06
L000269,C000860,2025-07-13,Website,Always-on Web,Qualified,Vito,2025-07-23
L000270,C000865,2025-12-07,Website,Always-on Web,Created,V-Class,
L000271,C000870,2024-06-23,Paid Search,Commercial Intent,Qualified,Sprinter,2024-06-29
L000272,C000877,2024-12-29,Email,CRM Nurture,Qualified,VLE,2025-01-05
L000273,C000879,2025-11-23,Referral,Customer Referral,Qualified,Sprinter,2025-11-29
L000274,C000887,2024-12-06,Referral,Customer Referral,Qualified,V-Class,2024-12-16
L000275,C000894,2025-01-10,Referral,Customer Referral,Qualified,Sprinter,2025-01-13
L000276,C000896,2025-01-02,Dealer Event,Van Experience Days,Created,Vito,
L000277,C000898,2025-11-04,Paid Search,Commercial Intent,Qualified,Vito,2025-11-14
L000278,C000901,2024-08-25,Email,CRM Nurture,Qualified,Vito,2024-08-29
L000279,C000902,2024-09-12,Paid Search,Commercial Intent,Created,VLE,
L000280,C000907,2024-07-24,Paid Search,Commercial Intent,Created,V-Class,
L000281,C000909,2025-04-24,Website,Always-on Web,Qualified,Vito,2025-05-09
L000282,C000910,2024-06-07,Social Media,Urban Mobility,Qualified,VLE,2024-06-20
L000283,C000911,2025-06-21,Dealer Event,Van Experience Days,Qualified,VLE,2025-06-29
L000284,C000914,2025-07-17,Website,Always-on Web,Qualified,Vito,2025-07-18
L000285,C000915,2025-01-11,Website,Always-on Web,Qualified,V-Class,2025-01-26
L000286,C000918,2024-10-01,Email,CRM Nurture,Qualified,Vito,2024-10-15
L000287,C000919,2025-09-09,Dealer Event,Van Experience Days,Qualified,Sprinter,2025-09-23
L000288,C000928,2024-02-27,Referral,Customer Referral,Created,Sprinter,
L000289,C000930,2025-08-13,Social Media,Urban Mobility,Qualified,Sprinter,2025-08-16
L000290,C000935,2024-06-29,Dealer Event,Van Experience Days,Qualified,V-Class,2024-07-03
L000291,C000937,2024-05-03,Website,Always-on Web,Qualified,Sprinter,2024-05-13
L000292,C000938,2024-04-27,Referral,Customer Referral,Created,Vito,
L000293,C000943,2025-02-07,Website,Always-on Web,Qualified,VLE,2025-02-15
L000294,C000952,2025-01-16,Referral,Customer Referral,Qualified,Sprinter,2025-01-19
L000295,C000953,2024-04-14,Social Media,Urban Mobility,Created,Sprinter,
L000296,C000954,2024-08-21,Dealer Event,Van Experience Days,Qualified,V-Class,2024-08-30
L000297,C000964,2024-06-14,Paid Search,Commercial Intent,Qualified,V-Class,2024-06-26
L000298,C000968,2024-04-23,Website,Always-on Web,Qualified,VLE,2024-04-26
L000299,C000971,2025-01-31,Paid Search,Commercial Intent,Qualified,Sprinter,2025-02-01
L000300,C000972,2025-08-23,Email,CRM Nurture,Qualified,Sprinter,2025-09-06
L000301,C000977,2024-09-13,Referral,Customer Referral,Qualified,Sprinter,2024-09-24
L000302,C000978,2024-09-17,Social Media,Urban Mobility,Qualified,Sprinter,2024-10-01
L000303,C000981,2024-09-25,Social Media,Urban Mobility,Created,Sprinter,
L000304,C000988,2024-11-10,Website,Always-on Web,Qualified,V-Class,2024-11-21
L000305,C000994,2025-06-05,Referral,Customer Referral,Created,VLE,
L000306,C000997,2025-01-06,Website,Always-on Web,Created,Sprinter,
L000307,C001001,2025-10-01,Paid Search,Commercial Intent,Qualified,Vito,2025-10-16
L000308,C001007,2024-02-16,Email,CRM Nurture,Qualified,V-Class,2024-02-27
L000309,C001008,2025-12-18,Paid Search,Commercial Intent,Qualified,Sprinter,2025-12-31
L000310,C001010,2024-05-11,Referral,Customer Referral,Qualified,VLE,2024-05-17
L000311,C001012,2025-08-02,Social Media,Urban Mobility,Qualified,V-Class,2025-08-09
L000312,C001015,2025-02-03,Paid Search,Commercial Intent,Created,Sprinter,
L000313,C001018,2024-03-30,Referral,Customer Referral,Created,Sprinter,
L000314,C001023,2025-07-15,Referral,Customer Referral,Created,Sprinter,
L000315,C001024,2025-03-09,Website,Always-on Web,Created,Vito,
L000316,C001028,2024-09-22,Paid Search,Commercial Intent,Created,Vito,
L000317,C001032,2024-07-24,Referral,Customer Referral,Qualified,VLE,2024-07-28
L000318,C001033,2024-07-18,Website,Always-on Web,Created,Vito,
L000319,C001034,2025-02-27,Dealer Event,Van Experience Days,Qualified,V-Class,2025-03-11
L000320,C001037,2024-11-07,Paid Search,Commercial Intent,Qualified,Sprinter,2024-11-18
L000321,C001038,2024-06-19,Dealer Event,Van Experience Days,Qualified,Sprinter,2024-06-28
L000322,C001043,2025-02-14,Email,CRM Nurture,Created,V-Class,
L000323,C001045,2025-04-27,Dealer Event,Van Experience Days,Qualified,VLE,2025-05-03
L000324,C001047,2024-03-18,Website,Always-on Web,Qualified,Sprinter,2024-04-01
L000325,C001048,2024-04-22,Dealer Event,Van Experience Days,Qualified,V-Class,2024-04-26
L000326,C001049,2024-09-08,Paid Search,Commercial Intent,Qualified,Vito,2024-09-20
L000327,C001051,2025-07-06,Email,CRM Nurture,Created,Sprinter,
L000328,C001052,2025-04-22,Paid Search,Commercial Intent,Created,VLE,
L000329,C001053,2024-09-05,Website,Always-on Web,Qualified,Sprinter,2024-09-19
L000330,C001056,2025-07-26,Dealer Event,Van Experience Days,Qualified,VLE,2025-08-03
L000331,C001059,2024-11-26,Paid Search,Commercial Intent,Qualified,Sprinter,2024-11-30
L000332,C001061,2024-05-10,Paid Search,Commercial Intent,Created,Sprinter,
L000333,C001063,2024-04-09,Paid Search,Commercial Intent,Qualified,Vito,2024-04-23
L000334,C001064,2025-11-11,Website,Always-on Web,Qualified,Sprinter,2025-11-15
L000335,C001070,2025-07-09,Paid Search,Commercial Intent,Created,Sprinter,
L000336,C001074,2025-01-11,Email,CRM Nurture,Qualified,V-Class,2025-01-13
L000337,C001075,2025-06-06,Social Media,Urban Mobility,Qualified,Sprinter,2025-06-11
L000338,C001076,2024-02-04,Social Media,Urban Mobility,Qualified,VLE,2024-02-07
L000339,C001084,2025-01-05,Referral,Customer Referral,Qualified,Vito,2025-01-11
L000340,C001087,2024-10-22,Website,Always-on Web,Created,Sprinter,
L000341,C001088,2025-01-22,Website,Always-on Web,Qualified,Vito,2025-01-30
L000342,C001090,2025-07-24,Website,Always-on Web,Qualified,Vito,2025-08-02
L000343,C001093,2024-11-07,Paid Search,Commercial Intent,Qualified,Sprinter,2024-11-14
L000344,C001095,2025-11-24,Website,Always-on Web,Qualified,V-Class,2025-11-30
L000345,C001100,2025-06-01,Paid Search,Commercial Intent,Created,Vito,
L000346,C001104,2024-10-11,Email,CRM Nurture,Qualified,Sprinter,2024-10-14
L000347,C001108,2025-04-20,Email,CRM Nurture,Qualified,Sprinter,2025-04-28
L000348,C001111,2024-10-23,Social Media,Urban Mobility,Qualified,VLE,2024-10-26
L000349,C001118,2024-02-18,Social Media,Urban Mobility,Created,VLE,
L000350,C001119,2025-04-30,Social Media,Urban Mobility,Qualified,Vito,2025-05-09
L000351,C001124,2025-10-08,Social Media,Urban Mobility,Created,Vito,
L000352,C001127,2024-11-13,Paid Search,Commercial Intent,Qualified,Sprinter,2024-11-20
L000353,C001128,2025-10-24,Website,Always-on Web,Created,Sprinter,
L000354,C001131,2025-06-08,Website,Always-on Web,Qualified,Vito,2025-06-20
L000355,C001137,2025-06-09,Dealer Event,Van Experience Days,Qualified,Sprinter,2025-06-14
L000356,C001140,2024-01-12,Referral,Customer Referral,Created,VLE,
L000357,C001148,2025-06-18,Dealer Event,Van Experience Days,Qualified,VLE,2025-06-20
L000358,C001151,2024-11-19,Email,CRM Nurture,Qualified,Sprinter,2024-11-30
L000359,C001152,2024-08-26,Dealer Event,Van Experience Days,Qualified,Vito,2024-08-31
L000360,C001153,2025-02-27,Dealer Event,Van Experience Days,Created,VLE,
L000361,C001155,2024-07-03,Dealer Event,Van Experience Days,Qualified,V-Class,2024-07-11
L000362,C001157,2024-02-16,Dealer Event,Van Experience Days,Qualified,V-Class,2024-02-26
L000363,C001163,2024-05-26,Social Media,Urban Mobility,Qualified,V-Class,2024-05-27
L000364,C001165,2024-11-24,Paid Search,Commercial Intent,Qualified,Sprinter,2024-11-28
L000365,C001166,2025-05-20,Social Media,Urban Mobility,Created,Vito,
L000366,C001168,2024-04-08,Dealer Event,Van Experience Days,Created,V-Class,
L000367,C001171,2024-02-05,Referral,Customer Referral,Created,Sprinter,
L000368,C001178,2024-04-24,Website,Always-on Web,Qualified,Sprinter,2024-04-28
L000369,C001185,2025-06-06,Referral,Customer Referral,Qualified,V-Class,2025-06-21
L000370,C001188,2024-12-18,Email,CRM Nurture,Created,Sprinter,
L000371,C001189,2025-05-03,Social Media,Urban Mobility,Created,VLE,
L000372,C001194,2024-02-04,Paid Search,Commercial Intent,Qualified,Sprinter,2024-02-12
L000373,C001197,2024-03-13,Website,Always-on Web,Qualified,Vito,2024-03-18
L000374,C001199,2025-02-12,Paid Search,Commercial Intent,Created,V-Class,
L000375,C001206,2025-05-06,Paid Search,Commercial Intent,Created,V-Class,
L000376,C001213,2025-10-22,Website,Always-on Web,Qualified,Vito,2025-10-24
L000377,C001214,2024-07-16,Social Media,Urban Mobility,Created,VLE,
L000378,C001217,2025-11-07,Social Media,Urban Mobility,Qualified,Sprinter,2025-11-09
L000379,C001222,2024-05-05,Dealer Event,Van Experience Days,Qualified,VLE,2024-05-16
L000380,C001226,2025-01-13,Email,CRM Nurture,Qualified,Sprinter,2025-01-16
L000381,C001232,2025-06-30,Website,Always-on Web,Qualified,Sprinter,2025-07-02
L000382,C001239,2025-09-22,Paid Search,Commercial Intent,Created,Sprinter,
L000383,C001241,2024-09-14,Email,CRM Nurture,Created,VLE,
L000384,C001246,2024-08-14,Referral,Customer Referral,Qualified,V-Class,2024-08-18
L000385,C001248,2025-06-24,Paid Search,Commercial Intent,Created,Sprinter,
L000386,C001250,2024-02-13,Paid Search,Commercial Intent,Created,V-Class,
L000387,C001251,2025-03-31,Paid Search,Commercial Intent,Created,VLE,
L000388,C001253,2025-05-04,Referral,Customer Referral,Qualified,VLE,2025-05-14
L000389,C001256,2025-04-03,Social Media,Urban Mobility,Created,VLE,
L000390,C001259,2025-01-05,Website,Always-on Web,Created,Sprinter,
L000391,C001261,2025-03-07,Social Media,Urban Mobility,Created,Vito,
L000392,C001263,2025-02-11,Email,CRM Nurture,Qualified,Vito,2025-02-18
L000393,C001264,2025-01-12,Paid Search,Commercial Intent,Qualified,Sprinter,2025-01-19
L000394,C001272,2025-10-29,Paid Search,Commercial Intent,Qualified,Sprinter,2025-11-02
L000395,C001278,2024-11-19,Website,Always-on Web,Qualified,V-Class,2024-11-29
L000396,C001287,2024-10-30,Email,CRM Nurture,Qualified,Vito,2024-11-13
L000397,C001288,2024-02-03,Website,Always-on Web,Qualified,VLE,2024-02-05
L000398,C001291,2024-05-09,Social Media,Urban Mobility,Created,V-Class,
L000399,C001292,2024-04-17,Referral,Customer Referral,Created,Sprinter,
L000400,C001294,2025-01-11,Referral,Customer Referral,Qualified,Sprinter,2025-01-23
L000401,C001300,2024-05-19,Paid Search,Commercial Intent,Created,Sprinter,
L000402,C001308,2024-09-02,Website,Always-on Web,Created,Vito,
L000403,C001314,2024-06-28,Website,Always-on Web,Qualified,Vito,2024-07-11
L000404,C001325,2024-09-01,Website,Always-on Web,Qualified,VLE,2024-09-11
L000405,C001331,2024-11-12,Dealer Event,Van Experience Days,Created,Sprinter,
L000406,C001335,2025-02-20,Website,Always-on Web,Qualified,Vito,2025-03-03
L000407,C001337,2024-08-16,Website,Always-on Web,Created,Vito,
L000408,C001339,2025-10-16,Website,Always-on Web,Qualified,Vito,2025-10-25
L000409,C001342,2025-08-20,Paid Search,Commercial Intent,Created,Vito,
L000410,C001360,2025-06-16,Dealer Event,Van Experience Days,Qualified,VLE,2025-06-22
L000411,C001364,2024-10-17,Dealer Event,Van Experience Days,Qualified,Vito,2024-10-30
L000412,C001365,2025-01-18,Dealer Event,Van Experience Days,Qualified,VLE,2025-01-22
L000413,C001366,2024-01-27,Website,Always-on Web,Created,V-Class,
L000414,C001370,2024-04-23,Website,Always-on Web,Created,Vito,
L000415,C001373,2025-11-29,Email,CRM Nurture,Created,VLE,
L000416,C001377,2025-09-23,Website,Always-on Web,Created,VLE,
L000417,C001385,2025-05-05,Paid Search,Commercial Intent,Qualified,V-Class,2025-05-17
L000418,C001386,2024-11-16,Email,CRM Nurture,Qualified,Vito,2024-11-26
L000419,C001388,2025-07-19,Website,Always-on Web,Qualified,Vito,2025-08-01
L000420,C001389,2025-05-26,Email,CRM Nurture,Qualified,V-Class,2025-05-27
L000421,C001393,2025-10-23,Dealer Event,Van Experience Days,Created,Vito,
L000422,C001395,2025-02-25,Referral,Customer Referral,Qualified,Vito,2025-03-12
L000423,C001396,2024-01-19,Paid Search,Commercial Intent,Created,Vito,
L000424,C001397,2024-09-17,Email,CRM Nurture,Qualified,VLE,2024-09-29
L000425,C001399,2024-03-31,Referral,Customer Referral,Qualified,Sprinter,2024-04-09
L000426,C001400,2024-04-12,Social Media,Urban Mobility,Created,Sprinter,
L000427,C001401,2024-10-15,Email,CRM Nurture,Qualified,Sprinter,2024-10-23
L000428,C001403,2024-09-01,Paid Search,Commercial Intent,Qualified,Sprinter,2024-09-06
L000429,C001404,2025-10-30,Dealer Event,Van Experience Days,Qualified,VLE,2025-11-02
L000430,C001408,2025-08-16,Website,Always-on Web,Qualified,VLE,2025-08-18
L000431,C001412,2024-03-25,Paid Search,Commercial Intent,Created,VLE,
L000432,C001427,2025-04-25,Referral,Customer Referral,Qualified,V-Class,2025-04-27
L000433,C001429,2025-11-22,Email,CRM Nurture,Qualified,VLE,2025-11-30
L000434,C001433,2024-04-22,Social Media,Urban Mobility,Created,V-Class,
L000435,C001439,2025-04-04,Website,Always-on Web,Qualified,V-Class,2025-04-12
L000436,C001442,2025-09-20,Website,Always-on Web,Created,VLE,
L000437,C001444,2024-02-07,Social Media,Urban Mobility,Created,Sprinter,
L000438,C001446,2025-09-28,Dealer Event,Van Experience Days,Created,Sprinter,
L000439,C001449,2024-09-20,Social Media,Urban Mobility,Created,Sprinter,
L000440,C001453,2025-07-16,Referral,Customer Referral,Created,Vito,
L000441,C001456,2025-05-07,Dealer Event,Van Experience Days,Created,Sprinter,
L000442,C001462,2024-11-17,Website,Always-on Web,Qualified,Vito,2024-11-30
L000443,C001464,2025-02-09,Website,Always-on Web,Qualified,V-Class,2025-02-17
L000444,C001466,2024-05-14,Referral,Customer Referral,Created,V-Class,
L000445,C001468,2025-05-17,Social Media,Urban Mobility,Qualified,Vito,2025-05-19
L000446,C001471,2025-11-01,Paid Search,Commercial Intent,Qualified,VLE,2025-11-12
L000447,C001473,2025-06-29,Website,Always-on Web,Created,Vito,
L000448,C001474,2024-09-16,Website,Always-on Web,Created,Vito,
L000449,C001482,2025-02-16,Social Media,Urban Mobility,Created,Vito,
L000450,C001483,2025-10-03,Website,Always-on Web,Created,Vito,
L000451,C001488,2025-04-02,Paid Search,Commercial Intent,Qualified,Sprinter,2025-04-07
L000452,C001494,2025-01-14,Dealer Event,Van Experience Days,Created,Vito,
L000453,C001495,2024-03-15,Paid Search,Commercial Intent,Qualified,VLE,2024-03-30
L000454,C001501,2024-10-07,Website,Always-on Web,Qualified,V-Class,2024-10-12
L000455,C001502,2024-02-26,Referral,Customer Referral,Qualified,Vito,2024-03-01
L000456,C001503,2024-06-08,Referral,Customer Referral,Created,Sprinter,
L000457,C001505,2024-04-16,Social Media,Urban Mobility,Created,Sprinter,
L000458,C001506,2025-01-04,Dealer Event,Van Experience Days,Created,Sprinter,
L000459,C001507,2024-05-05,Referral,Customer Referral,Qualified,Sprinter,2024-05-19
L000460,C001508,2025-01-23,Social Media,Urban Mobility,Created,VLE,
L000461,C001515,2025-01-02,Website,Always-on Web,Created,V-Class,
L000462,C001518,2025-05-29,Paid Search,Commercial Intent,Qualified,Sprinter,2025-06-05
L000463,C001519,2025-07-19,Website,Always-on Web,Qualified,Sprinter,2025-08-02
L000464,C001530,2024-10-15,Dealer Event,Van Experience Days,Created,Vito,
L000465,C001531,2025-12-09,Email,CRM Nurture,Qualified,Vito,2025-12-16
L000466,C001532,2024-07-26,Email,CRM Nurture,Created,Vito,
L000467,C001535,2024-12-19,Referral,Customer Referral,Qualified,Vito,2025-01-02
L000468,C001539,2024-04-24,Social Media,Urban Mobility,Qualified,VLE,2024-05-05
L000469,C001540,2025-06-13,Dealer Event,Van Experience Days,Qualified,Sprinter,2025-06-14
L000470,C001541,2025-04-03,Social Media,Urban Mobility,Qualified,Vito,2025-04-17
L000471,C001542,2025-11-28,Paid Search,Commercial Intent,Qualified,Vito,2025-12-07
L000472,C001546,2025-05-09,Dealer Event,Van Experience Days,Created,Sprinter,
L000473,C001551,2024-07-22,Paid Search,Commercial Intent,Created,Sprinter,
L000474,C001559,2024-05-24,Paid Search,Commercial Intent,Qualified,Vito,2024-06-06
L000475,C001561,2025-02-21,Paid Search,Commercial Intent,Qualified,Sprinter,2025-02-28
L000476,C001562,2024-02-04,Dealer Event,Van Experience Days,Created,V-Class,
L000477,C001573,2024-09-18,Referral,Customer Referral,Qualified,Sprinter,2024-09-22
L000478,C001575,2024-09-16,Website,Always-on Web,Qualified,Sprinter,2024-09-21
L000479,C001577,2025-06-18,Paid Search,Commercial Intent,Created,V-Class,
L000480,C001582,2025-05-23,Website,Always-on Web,Qualified,VLE,2025-06-06
L000481,C001583,2024-10-16,Email,CRM Nurture,Created,Vito,
L000482,C001589,2025-10-25,Paid Search,Commercial Intent,Qualified,Sprinter,2025-11-06
L000483,C001590,2024-10-11,Paid Search,Commercial Intent,Created,Sprinter,
L000484,C001591,2025-08-15,Dealer Event,Van Experience Days,Qualified,Sprinter,2025-08-26
L000485,C001593,2025-01-06,Website,Always-on Web,Qualified,V-Class,2025-01-18
L000486,C001596,2025-06-02,Paid Search,Commercial Intent,Qualified,VLE,2025-06-03
L000487,C001598,2024-01-17,Paid Search,Commercial Intent,Qualified,Vito,2024-01-31
L000488,C001608,2025-12-06,Social Media,Urban Mobility,Created,Vito,
L000489,C001610,2025-06-17,Website,Always-on Web,Qualified,Sprinter,2025-07-01
L000490,C001613,2025-04-26,Social Media,Urban Mobility,Created,V-Class,
L000491,C001618,2024-02-29,Paid Search,Commercial Intent,Qualified,V-Class,2024-03-04
L000492,C001629,2025-11-26,Website,Always-on Web,Created,Sprinter,
L000493,C001635,2024-09-14,Website,Always-on Web,Qualified,V-Class,2024-09-21
L000494,C001636,2024-10-31,Dealer Event,Van Experience Days,Created,Vito,
L000495,C001637,2025-05-20,Dealer Event,Van Experience Days,Qualified,Sprinter,2025-05-25
L000496,C001639,2025-08-11,Website,Always-on Web,Qualified,Sprinter,2025-08-20
L000497,C001640,2025-06-13,Email,CRM Nurture,Created,VLE,
L000498,C001642,2025-07-12,Referral,Customer Referral,Qualified,VLE,2025-07-27
L000499,C001646,2025-01-16,Dealer Event,Van Experience Days,Qualified,V-Class,2025-01-20
L000500,C001648,2025-03-19,Dealer Event,Van Experience Days,Qualified,Vito,2025-03-21
L000501,C001651,2024-12-02,Paid Search,Commercial Intent,Qualified,Vito,2024-12-03
L000502,C001654,2024-11-06,Social Media,Urban Mobility,Created,VLE,
L000503,C001655,2025-11-17,Referral,Customer Referral,Created,Sprinter,
L000504,C001656,2025-10-03,Dealer Event,Van Experience Days,Qualified,Sprinter,2025-10-09
L000505,C001657,2024-10-18,Email,CRM Nurture,Qualified,V-Class,2024-10-21
L000506,C001658,2025-05-29,Dealer Event,Van Experience Days,Created,Sprinter,
L000507,C001662,2025-08-03,Dealer Event,Van Experience Days,Qualified,Sprinter,2025-08-07
L000508,C001663,2024-03-07,Paid Search,Commercial Intent,Qualified,Sprinter,2024-03-16
L000509,C001664,2024-09-04,Website,Always-on Web,Qualified,Sprinter,2024-09-14
L000510,C001666,2025-11-06,Social Media,Urban Mobility,Created,Sprinter,
L000511,C001669,2024-02-09,Dealer Event,Van Experience Days,Qualified,Sprinter,2024-02-20
L000512,C001671,2025-08-10,Dealer Event,Van Experience Days,Qualified,Vito,2025-08-16
L000513,C001684,2025-03-14,Social Media,Urban Mobility,Created,VLE,
L000514,C001685,2024-01-12,Dealer Event,Van Experience Days,Created,Sprinter,
L000515,C001689,2025-03-16,Social Media,Urban Mobility,Qualified,VLE,2025-03-25
L000516,C001696,2024-06-02,Paid Search,Commercial Intent,Qualified,V-Class,2024-06-06
L000517,C001697,2024-02-15,Website,Always-on Web,Created,VLE,
L000518,C001707,2025-02-07,Website,Always-on Web,Created,Vito,
L000519,C001709,2025-03-06,Paid Search,Commercial Intent,Created,Sprinter,
L000520,C001710,2025-11-14,Referral,Customer Referral,Created,Sprinter,
L000521,C001712,2025-10-12,Website,Always-on Web,Created,VLE,
L000522,C001716,2024-03-31,Referral,Customer Referral,Qualified,Sprinter,2024-04-06
L000523,C001718,2025-06-06,Email,CRM Nurture,Qualified,Vito,2025-06-17
L000524,C001723,2024-07-18,Paid Search,Commercial Intent,Qualified,V-Class,2024-07-29
L000525,C001731,2024-05-23,Email,CRM Nurture,Qualified,Sprinter,2024-05-25
L000526,C001733,2024-11-03,Social Media,Urban Mobility,Created,Vito,
L000527,C001735,2025-01-18,Referral,Customer Referral,Qualified,Vito,2025-01-21
L000528,C001738,2024-10-22,Website,Always-on Web,Qualified,VLE,2024-10-24
L000529,C001740,2025-10-25,Social Media,Urban Mobility,Qualified,Sprinter,2025-11-06
L000530,C001746,2024-03-21,Website,Always-on Web,Created,V-Class,
L000531,C001749,2025-09-23,Email,CRM Nurture,Qualified,Vito,2025-09-28
L000532,C001754,2025-10-11,Paid Search,Commercial Intent,Qualified,Vito,2025-10-15
L000533,C001756,2025-12-10,Website,Always-on Web,Created,Vito,
L000534,C001758,2025-04-11,Social Media,Urban Mobility,Qualified,VLE,2025-04-20
L000535,C001759,2025-11-06,Referral,Customer Referral,Qualified,Sprinter,2025-11-16
L000536,C001760,2025-07-17,Website,Always-on Web,Created,Sprinter,
L000537,C001761,2024-07-04,Social Media,Urban Mobility,Created,V-Class,
L000538,C001764,2024-11-01,Paid Search,Commercial Intent,Qualified,Vito,2024-11-03
L000539,C001766,2024-08-12,Referral,Customer Referral,Qualified,Vito,2024-08-13
L000540,C001767,2024-10-02,Referral,Customer Referral,Created,Vito,
L000541,C001769,2025-01-23,Social Media,Urban Mobility,Created,Vito,
L000542,C001771,2024-08-31,Website,Always-on Web,Created,VLE,
L000543,C001775,2025-01-07,Website,Always-on Web,Qualified,Vito,2025-01-09
L000544,C001778,2025-11-26,Paid Search,Commercial Intent,Qualified,V-Class,2025-12-04
L000545,C001780,2024-03-22,Social Media,Urban Mobility,Created,Sprinter,
L000546,C001782,2024-09-18,Paid Search,Commercial Intent,Created,Sprinter,
L000547,C001790,2025-07-02,Website,Always-on Web,Created,Sprinter,
L000548,C001794,2024-06-05,Website,Always-on Web,Created,Sprinter,
L000549,C001796,2024-05-19,Website,Always-on Web,Created,Vito,
L000550,C001798,2024-02-23,Social Media,Urban Mobility,Qualified,V-Class,2024-02-24
L000551,C001802,2024-04-12,Referral,Customer Referral,Qualified,Sprinter,2024-04-25
L000552,C001803,2025-03-22,Dealer Event,Van Experience Days,Qualified,Vito,2025-04-03
L000553,C001823,2025-05-12,Social Media,Urban Mobility,Qualified,V-Class,2025-05-22
L000554,C001824,2025-04-09,Paid Search,Commercial Intent,Created,Sprinter,
L000555,C001825,2025-09-23,Referral,Customer Referral,Qualified,Sprinter,2025-09-25
L000556,C001826,2024-07-25,Website,Always-on Web,Created,V-Class,
L000557,C001835,2024-09-27,Dealer Event,Van Experience Days,Qualified,V-Class,2024-10-11
L000558,C001837,2025-09-17,Dealer Event,Van Experience Days,Qualified,Sprinter,2025-09-24
L000559,C001844,2025-06-11,Dealer Event,Van Experience Days,Created,VLE,
L000560,C001847,2024-07-23,Dealer Event,Van Experience Days,Qualified,Vito,2024-08-04
L000561,C001848,2025-03-18,Website,Always-on Web,Qualified,VLE,2025-03-22
L000562,C001849,2025-04-15,Dealer Event,Van Experience Days,Qualified,Sprinter,2025-04-21
L000563,C001850,2025-04-06,Dealer Event,Van Experience Days,Created,Sprinter,
L000564,C001856,2025-05-02,Website,Always-on Web,Created,Sprinter,
L000565,C001859,2024-11-22,Dealer Event,Van Experience Days,Qualified,VLE,2024-11-29
L000566,C001861,2024-06-22,Dealer Event,Van Experience Days,Qualified,V-Class,2024-07-06
L000567,C001862,2025-03-29,Referral,Customer Referral,Qualified,VLE,2025-04-10
L000568,C001863,2025-02-02,Social Media,Urban Mobility,Created,V-Class,
L000569,C001865,2024-12-16,Website,Always-on Web,Qualified,Vito,2024-12-23
L000570,C001867,2025-09-27,Website,Always-on Web,Qualified,Sprinter,2025-10-07
L000571,C001874,2025-09-28,Email,CRM Nurture,Created,Sprinter,
L000572,C001877,2025-10-04,Paid Search,Commercial Intent,Created,Sprinter,
L000573,C001880,2024-04-29,Dealer Event,Van Experience Days,Qualified,Vito,2024-05-03
L000574,C001882,2024-11-10,Dealer Event,Van Experience Days,Created,Sprinter,
L000575,C001886,2024-07-14,Dealer Event,Van Experience Days,Qualified,Sprinter,2024-07-21
L000576,C001887,2025-06-30,Email,CRM Nurture,Created,Vito,
L000577,C001894,2024-01-22,Paid Search,Commercial Intent,Qualified,VLE,2024-01-31
L000578,C001899,2024-11-01,Dealer Event,Van Experience Days,Qualified,V-Class,2024-11-14
L000579,C001901,2024-06-02,Email,CRM Nurture,Created,VLE,
L000580,C001904,2024-05-25,Social Media,Urban Mobility,Created,V-Class,
L000581,C001910,2024-11-08,Dealer Event,Van Experience Days,Qualified,VLE,2024-11-20
L000582,C001911,2024-04-30,Dealer Event,Van Experience Days,Qualified,V-Class,2024-05-09
L000583,C001922,2025-06-25,Dealer Event,Van Experience Days,Qualified,VLE,2025-07-03
L000584,C001927,2025-03-22,Dealer Event,Van Experience Days,Qualified,Sprinter,2025-04-03
L000585,C001929,2025-04-12,Paid Search,Commercial Intent,Qualified,VLE,2025-04-27
L000586,C001930,2024-09-21,Referral,Customer Referral,Qualified,V-Class,2024-09-30
L000587,C001931,2024-07-28,Paid Search,Commercial Intent,Qualified,Vito,2024-08-08
L000588,C001935,2025-07-27,Dealer Event,Van Experience Days,Qualified,Sprinter,2025-07-29
L000589,C001936,2024-06-17,Email,CRM Nurture,Created,VLE,
L000590,C001940,2025-03-22,Website,Always-on Web,Qualified,Sprinter,2025-04-04
L000591,C001944,2025-05-04,Social Media,Urban Mobility,Qualified,Vito,2025-05-08
L000592,C001945,2024-03-15,Website,Always-on Web,Qualified,V-Class,2024-03-21
L000593,C001949,2025-01-05,Referral,Customer Referral,Qualified,V-Class,2025-01-13
L000594,C001950,2025-01-21,Referral,Customer Referral,Created,VLE,
L000595,C001951,2024-03-26,Dealer Event,Van Experience Days,Created,VLE,
L000596,C001957,2024-08-28,Paid Search,Commercial Intent,Qualified,V-Class,2024-09-11
L000597,C001958,2024-03-10,Referral,Customer Referral,Created,V-Class,
L000598,C001959,2025-07-12,Email,CRM Nurture,Qualified,V-Class,2025-07-13
L000599,C001962,2024-02-06,Dealer Event,Van Experience Days,Qualified,Sprinter,2024-02-10
L000600,C001966,2025-06-03,Referral,Customer Referral,Created,Vito,
L000601,C001970,2024-07-08,Paid Search,Commercial Intent,Created,V-Class,
L000602,C001972,2024-04-30,Dealer Event,Van Experience Days,Qualified,VLE,2024-05-06
L000603,C001973,2025-10-12,Paid Search,Commercial Intent,Created,Vito,
L000604,C001974,2025-06-11,Website,Always-on Web,Created,Vito,
L000605,C001975,2024-07-04,Website,Always-on Web,Created,V-Class,
L000606,C001976,2025-02-27,Dealer Event,Van Experience Days,Created,Vito,
L000607,C001977,2025-11-02,Email,CRM Nurture,Created,Vito,
L000608,C001980,2024-11-25,Paid Search,Commercial Intent,Qualified,Sprinter,2024-12-08
L000609,C001983,2025-06-02,Referral,Customer Referral,Qualified,Sprinter,2025-06-11
L000610,C001988,2025-03-13,Email,CRM Nurture,Qualified,Vito,2025-03-25
L000611,C001990,2025-01-01,Referral,Customer Referral,Qualified,Sprinter,2025-01-16
L000612,C001999,2025-01-27,Website,Always-on Web,Created,Vito,
L000613,C002000,2024-12-11,Dealer Event,Van Experience Days,Created,Sprinter,
L000614,C002003,2025-10-12,Social Media,Urban Mobility,Qualified,V-Class,2025-10-16
L000615,C002005,2025-06-30,Referral,Customer Referral,Qualified,Vito,2025-07-11
L000616,C002011,2025-09-20,Paid Search,Commercial Intent,Qualified,V-Class,2025-09-26
L000617,C002014,2025-07-09,Dealer Event,Van Experience Days,Created,V-Class,
L000618,C002015,2024-12-14,Website,Always-on Web,Created,V-Class,
L000619,C002016,2024-07-11,Website,Always-on Web,Created,Sprinter,
L000620,C002017,2025-12-19,Website,Always-on Web,Qualified,VLE,2025-12-25
L000621,C002032,2024-06-21,Dealer Event,Van Experience Days,Qualified,Vito,2024-07-03
L000622,C002035,2025-09-20,Referral,Customer Referral,Qualified,Vito,2025-09-26
L000623,C002036,2025-05-23,Dealer Event,Van Experience Days,Qualified,Sprinter,2025-05-26
L000624,C002039,2024-10-02,Website,Always-on Web,Created,Sprinter,
L000625,C002042,2024-05-24,Email,CRM Nurture,Qualified,Vito,2024-05-25
L000626,C002043,2025-10-18,Email,CRM Nurture,Qualified,Vito,2025-11-02
L000627,C002044,2025-06-10,Social Media,Urban Mobility,Qualified,Vito,2025-06-16
L000628,C002048,2025-04-18,Social Media,Urban Mobility,Qualified,Sprinter,2025-04-21
L000629,C002054,2025-08-10,Website,Always-on Web,Qualified,Sprinter,2025-08-14
L000630,C002055,2024-07-06,Website,Always-on Web,Created,VLE,
L000631,C002058,2025-04-04,Dealer Event,Van Experience Days,Created,Sprinter,
L000632,C002063,2024-10-04,Website,Always-on Web,Qualified,Vito,2024-10-14
L000633,C002065,2025-10-06,Website,Always-on Web,Created,V-Class,
L000634,C002067,2025-06-25,Referral,Customer Referral,Qualified,Vito,2025-07-05
L000635,C002077,2025-06-27,Email,CRM Nurture,Created,Vito,
L000636,C002081,2024-03-26,Website,Always-on Web,Created,V-Class,
L000637,C002090,2025-07-22,Paid Search,Commercial Intent,Created,Sprinter,
L000638,C002094,2024-12-14,Paid Search,Commercial Intent,Created,VLE,
L000639,C002095,2024-07-17,Social Media,Urban Mobility,Qualified,V-Class,2024-07-25
L000640,C002105,2025-04-10,Website,Always-on Web,Qualified,Sprinter,2025-04-19
L000641,C002108,2025-05-29,Referral,Customer Referral,Qualified,Sprinter,2025-06-02
L000642,C002111,2025-11-08,Website,Always-on Web,Created,Sprinter,
L000643,C002113,2024-09-01,Social Media,Urban Mobility,Qualified,Sprinter,2024-09-02
L000644,C002118,2025-07-01,Paid Search,Commercial Intent,Qualified,V-Class,2025-07-05
L000645,C002123,2025-08-01,Dealer Event,Van Experience Days,Qualified,Sprinter,2025-08-15
L000646,C002124,2024-05-29,Website,Always-on Web,Qualified,Vito,2024-06-01
L000647,C002128,2024-09-21,Referral,Customer Referral,Qualified,Vito,2024-09-22
L000648,C002129,2025-05-27,Paid Search,Commercial Intent,Qualified,Vito,2025-05-29
L000649,C002132,2025-11-20,Referral,Customer Referral,Created,VLE,
L000650,C002134,2024-05-17,Website,Always-on Web,Qualified,VLE,2024-05-27
L000651,C002135,2024-06-19,Email,CRM Nurture,Qualified,Vito,2024-06-29
L000652,C002136,2025-08-15,Dealer Event,Van Experience Days,Created,Sprinter,
L000653,C002144,2024-11-07,Website,Always-on Web,Qualified,V-Class,2024-11-14
L000654,C002146,2024-11-26,Email,CRM Nurture,Qualified,VLE,2024-12-06
L000655,C002147,2024-05-18,Dealer Event,Van Experience Days,Qualified,Sprinter,2024-05-31
L000656,C002149,2024-04-10,Paid Search,Commercial Intent,Created,Vito,
L000657,C002156,2024-09-23,Email,CRM Nurture,Qualified,V-Class,2024-09-27
L000658,C002157,2024-08-11,Email,CRM Nurture,Created,VLE,
L000659,C002165,2024-09-15,Website,Always-on Web,Qualified,V-Class,2024-09-16
L000660,C002168,2025-09-19,Paid Search,Commercial Intent,Created,Vito,
L000661,C002172,2025-02-02,Paid Search,Commercial Intent,Qualified,VLE,2025-02-15
L000662,C002174,2024-08-27,Website,Always-on Web,Created,VLE,
L000663,C002178,2025-04-06,Social Media,Urban Mobility,Created,V-Class,
L000664,C002182,2024-06-27,Dealer Event,Van Experience Days,Qualified,V-Class,2024-07-03
L000665,C002184,2025-11-23,Website,Always-on Web,Created,V-Class,
L000666,C002186,2024-05-17,Website,Always-on Web,Created,Vito,
L000667,C002189,2024-12-11,Website,Always-on Web,Qualified,VLE,2024-12-18
L000668,C002192,2024-08-14,Referral,Customer Referral,Created,Sprinter,
L000669,C002195,2025-01-19,Dealer Event,Van Experience Days,Qualified,V-Class,2025-01-29
L000670,C002196,2024-03-19,Website,Always-on Web,Qualified,Sprinter,2024-04-02
L000671,C002202,2025-05-26,Email,CRM Nurture,Created,Vito,
L000672,C002203,2025-03-11,Social Media,Urban Mobility,Qualified,Sprinter,2025-03-23
L000673,C002207,2024-01-24,Email,CRM Nurture,Created,Sprinter,
L000674,C002230,2024-02-03,Email,CRM Nurture,Qualified,Vito,2024-02-11
L000675,C002231,2025-08-07,Social Media,Urban Mobility,Created,VLE,
L000676,C002233,2024-02-16,Paid Search,Commercial Intent,Created,Sprinter,
L000677,C002235,2024-03-24,Social Media,Urban Mobility,Created,Sprinter,
L000678,C002237,2025-08-22,Social Media,Urban Mobility,Created,V-Class,
L000679,C002239,2024-05-23,Paid Search,Commercial Intent,Qualified,Vito,2024-06-07
L000680,C002240,2025-07-31,Paid Search,Commercial Intent,Created,Sprinter,
L000681,C002242,2024-08-20,Dealer Event,Van Experience Days,Qualified,Sprinter,2024-08-27
L000682,C002247,2025-09-06,Social Media,Urban Mobility,Created,Sprinter,
L000683,C002248,2024-06-10,Paid Search,Commercial Intent,Qualified,Vito,2024-06-11
L000684,C002249,2024-05-21,Website,Always-on Web,Created,Vito,
L000685,C002253,2025-09-22,Website,Always-on Web,Qualified,V-Class,2025-10-02
L000686,C002254,2025-10-04,Referral,Customer Referral,Qualified,V-Class,2025-10-06
L000687,C002260,2024-11-23,Social Media,Urban Mobility,Created,V-Class,
L000688,C002261,2024-11-28,Dealer Event,Van Experience Days,Qualified,Sprinter,2024-12-08
L000689,C002264,2025-09-07,Dealer Event,Van Experience Days,Qualified,VLE,2025-09-17
L000690,C002266,2024-09-04,Dealer Event,Van Experience Days,Qualified,Sprinter,2024-09-06
L000691,C002268,2024-06-05,Paid Search,Commercial Intent,Qualified,VLE,2024-06-13
L000692,C002269,2025-03-31,Dealer Event,Van Experience Days,Qualified,Vito,2025-04-01
L000693,C002270,2024-11-11,Website,Always-on Web,Qualified,Sprinter,2024-11-26
L000694,C002271,2025-10-30,Website,Always-on Web,Created,VLE,
L000695,C002272,2025-06-07,Website,Always-on Web,Qualified,Sprinter,2025-06-21
L000696,C002277,2024-07-20,Paid Search,Commercial Intent,Qualified,Sprinter,2024-08-04
L000697,C002279,2024-09-07,Website,Always-on Web,Qualified,Vito,2024-09-13
L000698,C002283,2024-09-28,Paid Search,Commercial Intent,Created,Vito,
L000699,C002285,2025-11-27,Website,Always-on Web,Created,Vito,
L000700,C002286,2024-06-21,Paid Search,Commercial Intent,Qualified,V-Class,2024-06-25
L000701,C002290,2025-06-05,Paid Search,Commercial Intent,Created,V-Class,
L000702,C002304,2024-04-02,Email,CRM Nurture,Qualified,Vito,2024-04-15
L000703,C002308,2024-12-30,Email,CRM Nurture,Created,Sprinter,
L000704,C002310,2024-12-09,Paid Search,Commercial Intent,Created,Sprinter,
L000705,C002312,2025-08-13,Referral,Customer Referral,Qualified,Sprinter,2025-08-15
L000706,C002316,2025-10-10,Website,Always-on Web,Qualified,Sprinter,2025-10-23
L000707,C002317,2024-09-03,Paid Search,Commercial Intent,Created,Vito,
L000708,C002318,2025-10-21,Paid Search,Commercial Intent,Created,Vito,
L000709,C002327,2025-10-04,Referral,Customer Referral,Created,Sprinter,
L000710,C002330,2024-03-21,Dealer Event,Van Experience Days,Qualified,VLE,2024-04-03
L000711,C002333,2024-10-07,Social Media,Urban Mobility,Created,V-Class,
L000712,C002338,2024-08-01,Paid Search,Commercial Intent,Qualified,VLE,2024-08-16
L000713,C002339,2025-10-20,Social Media,Urban Mobility,Created,Vito,
L000714,C002341,2025-11-14,Website,Always-on Web,Created,Vito,
L000715,C002343,2025-07-10,Referral,Customer Referral,Qualified,Vito,2025-07-15
L000716,C002349,2024-06-16,Email,CRM Nurture,Created,VLE,
L000717,C002354,2025-05-25,Dealer Event,Van Experience Days,Qualified,Vito,2025-06-05
L000718,C002357,2024-02-07,Email,CRM Nurture,Qualified,V-Class,2024-02-20
L000719,C002358,2024-08-03,Email,CRM Nurture,Qualified,Vito,2024-08-11
L000720,C002363,2024-02-03,Dealer Event,Van Experience Days,Qualified,V-Class,2024-02-05
L000721,C002365,2024-12-22,Dealer Event,Van Experience Days,Qualified,Vito,2024-12-28
L000722,C002368,2024-02-20,Website,Always-on Web,Qualified,Sprinter,2024-02-29
L000723,C002373,2025-01-13,Dealer Event,Van Experience Days,Qualified,V-Class,2025-01-28
L000724,C002375,2025-04-20,Website,Always-on Web,Qualified,VLE,2025-05-01
L000725,C002376,2025-08-06,Email,CRM Nurture,Qualified,VLE,2025-08-09
L000726,C002382,2024-08-04,Paid Search,Commercial Intent,Qualified,VLE,2024-08-18
L000727,C002385,2025-11-10,Paid Search,Commercial Intent,Created,VLE,
L000728,C002386,2025-12-04,Website,Always-on Web,Qualified,Sprinter,2025-12-12
L000729,C002396,2024-07-19,Dealer Event,Van Experience Days,Qualified,Vito,2024-08-01
L000730,C002397,2025-12-10,Email,CRM Nurture,Created,Sprinter,
L000731,C002400,2024-08-29,Paid Search,Commercial Intent,Created,V-Class,
L000732,C002404,2025-02-09,Website,Always-on Web,Created,V-Class,
L000733,C002405,2025-03-19,Social Media,Urban Mobility,Qualified,Sprinter,2025-03-25
L000734,C002409,2025-06-04,Referral,Customer Referral,Created,Sprinter,
L000735,C002410,2025-03-02,Paid Search,Commercial Intent,Qualified,Sprinter,2025-03-08
L000736,C002411,2024-07-31,Website,Always-on Web,Qualified,Vito,2024-08-02
L000737,C002414,2025-11-29,Dealer Event,Van Experience Days,Qualified,Vito,2025-12-02
L000738,C002423,2025-10-22,Dealer Event,Van Experience Days,Qualified,Vito,2025-10-25
L000739,C002430,2025-06-08,Referral,Customer Referral,Qualified,Sprinter,2025-06-14
L000740,C002432,2025-04-25,Social Media,Urban Mobility,Created,Vito,
L000741,C002443,2024-08-18,Website,Always-on Web,Created,Sprinter,
L000742,C002444,2025-01-16,Paid Search,Commercial Intent,Qualified,Sprinter,2025-01-26
L000743,C002445,2025-04-14,Website,Always-on Web,Qualified,Vito,2025-04-16
L000744,C002448,2025-08-15,Website,Always-on Web,Created,Vito,
L000745,C002463,2025-12-14,Referral,Customer Referral,Qualified,V-Class,2025-12-20
L000746,C002473,2024-09-02,Referral,Customer Referral,Qualified,VLE,2024-09-04
L000747,C002479,2025-12-04,Email,CRM Nurture,Created,Vito,
L000748,C002483,2025-05-11,Email,CRM Nurture,Created,Vito,
L000749,C002485,2025-02-08,Social Media,Urban Mobility,Qualified,VLE,2025-02-21
L000750,C002487,2024-04-02,Dealer Event,Van Experience Days,Created,V-Class,
L000751,C002501,2025-11-02,Email,CRM Nurture,Qualified,VLE,2025-11-13
L000752,C002503,2025-07-08,Website,Always-on Web,Qualified,VLE,2025-07-11
L000753,C002506,2024-12-15,Paid Search,Commercial Intent,Created,Vito,
L000754,C002507,2024-08-27,Social Media,Urban Mobility,Qualified,Sprinter,2024-09-07
L000755,C002510,2024-06-01,Website,Always-on Web,Qualified,V-Class,2024-06-03
L000756,C002514,2025-03-22,Social Media,Urban Mobility,Qualified,Sprinter,2025-04-05
L000757,C002516,2024-03-19,Website,Always-on Web,Qualified,Vito,2024-04-01
L000758,C002518,2025-08-14,Paid Search,Commercial Intent,Created,Sprinter,
L000759,C002519,2024-10-17,Email,CRM Nurture,Created,Sprinter,
L000760,C002521,2024-08-03,Dealer Event,Van Experience Days,Qualified,VLE,2024-08-08
L000761,C002522,2024-03-12,Dealer Event,Van Experience Days,Qualified,Vito,2024-03-24
L000762,C002527,2024-04-04,Paid Search,Commercial Intent,Qualified,VLE,2024-04-06
L000763,C002528,2024-02-18,Website,Always-on Web,Created,V-Class,
L000764,C002529,2025-02-22,Email,CRM Nurture,Qualified,Sprinter,2025-03-07
L000765,C002532,2024-07-25,Social Media,Urban Mobility,Qualified,Sprinter,2024-08-01
L000766,C002534,2025-05-11,Website,Always-on Web,Created,Vito,
L000767,C002537,2025-12-10,Paid Search,Commercial Intent,Qualified,Vito,2025-12-25
L000768,C002538,2025-08-15,Paid Search,Commercial Intent,Qualified,VLE,2025-08-23
L000769,C002541,2025-04-05,Dealer Event,Van Experience Days,Qualified,Sprinter,2025-04-12
L000770,C002544,2025-12-09,Website,Always-on Web,Created,Vito,
L000771,C002547,2024-12-04,Dealer Event,Van Experience Days,Created,Sprinter,
L000772,C002551,2024-10-23,Paid Search,Commercial Intent,Created,Sprinter,
L000773,C002553,2024-05-20,Dealer Event,Van Experience Days,Qualified,Vito,2024-05-30
L000774,C002555,2025-11-18,Dealer Event,Van Experience Days,Created,Sprinter,
L000775,C002558,2025-05-18,Referral,Customer Referral,Qualified,V-Class,2025-05-26
L000776,C002564,2025-08-01,Website,Always-on Web,Created,Sprinter,
L000777,C002568,2024-12-12,Email,CRM Nurture,Created,Sprinter,
L000778,C002572,2025-05-14,Referral,Customer Referral,Qualified,Sprinter,2025-05-16
L000779,C002574,2024-11-29,Paid Search,Commercial Intent,Qualified,Vito,2024-12-06
L000780,C002579,2024-09-25,Website,Always-on Web,Qualified,VLE,2024-10-04
L000781,C002584,2024-08-04,Website,Always-on Web,Created,V-Class,
L000782,C002585,2025-04-04,Referral,Customer Referral,Qualified,V-Class,2025-04-18
L000783,C002587,2025-12-01,Referral,Customer Referral,Qualified,Sprinter,2025-12-08
L000784,C002588,2025-04-19,Website,Always-on Web,Created,VLE,
L000785,C002591,2025-06-26,Email,CRM Nurture,Qualified,Vito,2025-07-04
L000786,C002594,2024-05-10,Website,Always-on Web,Qualified,Sprinter,2024-05-23
L000787,C002595,2025-08-19,Website,Always-on Web,Qualified,V-Class,2025-08-31
L000788,C002596,2025-11-14,Website,Always-on Web,Qualified,V-Class,2025-11-28
L000789,C002598,2024-06-19,Paid Search,Commercial Intent,Created,Vito,
L000790,C002599,2025-12-02,Website,Always-on Web,Created,Sprinter,
L000791,C002604,2025-05-19,Referral,Customer Referral,Qualified,Sprinter,2025-06-03
L000792,C002608,2024-11-03,Email,CRM Nurture,Qualified,VLE,2024-11-07
L000793,C002610,2025-09-23,Website,Always-on Web,Created,Vito,
L000794,C002611,2025-09-06,Referral,Customer Referral,Created,V-Class,
L000795,C002613,2024-05-11,Paid Search,Commercial Intent,Created,Vito,
L000796,C002614,2025-01-07,Paid Search,Commercial Intent,Qualified,V-Class,2025-01-18
L000797,C002617,2025-10-24,Paid Search,Commercial Intent,Created,Vito,
L000798,C002620,2025-11-12,Website,Always-on Web,Created,Sprinter,
L000799,C002622,2025-05-31,Paid Search,Commercial Intent,Created,V-Class,
L000800,C002624,2025-06-22,Email,CRM Nurture,Qualified,VLE,2025-06-27
L000801,C002625,2025-03-11,Email,CRM Nurture,Qualified,V-Class,2025-03-26
L000802,C002626,2025-09-30,Referral,Customer Referral,Qualified,Sprinter,2025-10-02
L000803,C002630,2024-03-23,Website,Always-on Web,Qualified,V-Class,2024-04-03
L000804,C002631,2025-01-11,Paid Search,Commercial Intent,Created,Sprinter,
L000805,C002649,2024-06-05,Website,Always-on Web,Qualified,VLE,2024-06-14
L000806,C002652,2025-01-06,Paid Search,Commercial Intent,Qualified,Sprinter,2025-01-17
L000807,C002653,2024-03-20,Dealer Event,Van Experience Days,Created,Vito,
L000808,C002654,2025-03-09,Dealer Event,Van Experience Days,Created,Sprinter,
L000809,C002655,2024-11-24,Email,CRM Nurture,Created,V-Class,
L000810,C002656,2025-04-15,Dealer Event,Van Experience Days,Created,Sprinter,
L000811,C002660,2024-03-29,Dealer Event,Van Experience Days,Created,V-Class,
L000812,C002663,2025-08-11,Paid Search,Commercial Intent,Qualified,VLE,2025-08-18
L000813,C002667,2025-06-30,Website,Always-on Web,Created,V-Class,
L000814,C002674,2024-03-24,Paid Search,Commercial Intent,Created,VLE,
L000815,C002676,2025-10-06,Referral,Customer Referral,Qualified,Vito,2025-10-14
L000816,C002678,2025-01-09,Dealer Event,Van Experience Days,Qualified,Sprinter,2025-01-15
L000817,C002680,2024-04-02,Email,CRM Nurture,Qualified,Vito,2024-04-12
L000818,C002683,2025-04-10,Dealer Event,Van Experience Days,Qualified,Sprinter,2025-04-14
L000819,C002685,2024-04-18,Website,Always-on Web,Created,VLE,
L000820,C002686,2024-08-17,Dealer Event,Van Experience Days,Qualified,V-Class,2024-08-31
L000821,C002687,2024-04-11,Website,Always-on Web,Qualified,Sprinter,2024-04-26
L000822,C002691,2024-10-11,Paid Search,Commercial Intent,Qualified,Sprinter,2024-10-12
L000823,C002696,2025-08-24,Email,CRM Nurture,Qualified,Vito,2025-08-31
L000824,C002699,2024-05-20,Social Media,Urban Mobility,Created,Sprinter,
L000825,C002704,2024-12-27,Dealer Event,Van Experience Days,Qualified,Vito,2025-01-08
L000826,C002711,2025-02-01,Referral,Customer Referral,Qualified,Sprinter,2025-02-05
L000827,C002713,2024-11-19,Website,Always-on Web,Created,Vito,
L000828,C002714,2025-07-15,Referral,Customer Referral,Qualified,Sprinter,2025-07-17
L000829,C002715,2024-06-27,Email,CRM Nurture,Qualified,Sprinter,2024-07-03
L000830,C002719,2025-11-21,Dealer Event,Van Experience Days,Qualified,Sprinter,2025-11-30
L000831,C002720,2025-10-13,Referral,Customer Referral,Created,Sprinter,
L000832,C002729,2025-10-20,Paid Search,Commercial Intent,Created,VLE,
L000833,C002730,2024-08-26,Paid Search,Commercial Intent,Created,Sprinter,
L000834,C002737,2024-11-12,Paid Search,Commercial Intent,Qualified,V-Class,2024-11-19
L000835,C002739,2024-01-28,Dealer Event,Van Experience Days,Created,Vito,
L000836,C002740,2024-07-31,Social Media,Urban Mobility,Created,VLE,
L000837,C002741,2024-10-11,Dealer Event,Van Experience Days,Created,VLE,
L000838,C002749,2024-10-28,Website,Always-on Web,Created,Sprinter,
L000839,C002750,2025-04-17,Paid Search,Commercial Intent,Qualified,VLE,2025-04-30
L000840,C002755,2024-10-29,Website,Always-on Web,Created,Sprinter,
L000841,C002759,2024-02-06,Website,Always-on Web,Created,V-Class,
L000842,C002762,2025-12-17,Website,Always-on Web,Qualified,Sprinter,2025-12-23
L000843,C002765,2025-11-04,Email,CRM Nurture,Qualified,Vito,2025-11-19
L000844,C002770,2024-12-06,Paid Search,Commercial Intent,Qualified,Vito,2024-12-17
L000845,C002774,2024-06-17,Website,Always-on Web,Qualified,Vito,2024-06-19
L000846,C002788,2025-11-25,Dealer Event,Van Experience Days,Qualified,V-Class,2025-12-05
L000847,C002798,2025-01-22,Referral,Customer Referral,Qualified,Sprinter,2025-01-30
L000848,C002802,2025-10-12,Email,CRM Nurture,Created,Vito,
L000849,C002805,2025-10-22,Email,CRM Nurture,Qualified,Sprinter,2025-10-24
L000850,C002806,2025-08-18,Social Media,Urban Mobility,Qualified,V-Class,2025-08-23
L000851,C002808,2025-02-27,Website,Always-on Web,Created,V-Class,
L000852,C002809,2024-05-08,Referral,Customer Referral,Qualified,V-Class,2024-05-09
L000853,C002810,2025-01-05,Website,Always-on Web,Created,VLE,
L000854,C002814,2024-08-16,Paid Search,Commercial Intent,Created,Sprinter,
L000855,C002816,2024-10-16,Paid Search,Commercial Intent,Qualified,Vito,2024-10-19
L000856,C002818,2025-07-06,Social Media,Urban Mobility,Qualified,Sprinter,2025-07-08
L000857,C002824,2025-06-26,Paid Search,Commercial Intent,Created,Sprinter,
L000858,C002827,2024-10-08,Website,Always-on Web,Qualified,Sprinter,2024-10-20
L000859,C002829,2025-01-08,Dealer Event,Van Experience Days,Qualified,Sprinter,2025-01-12
L000860,C002835,2024-09-08,Website,Always-on Web,Qualified,VLE,2024-09-19
L000861,C002836,2025-05-19,Social Media,Urban Mobility,Qualified,V-Class,2025-05-21
L000862,C002839,2025-05-28,Social Media,Urban Mobility,Created,VLE,
L000863,C002845,2025-09-06,Dealer Event,Van Experience Days,Qualified,Vito,2025-09-12
L000864,C002851,2025-01-28,Dealer Event,Van Experience Days,Qualified,Sprinter,2025-02-12
L000865,C002852,2024-04-13,Social Media,Urban Mobility,Created,Sprinter,
L000866,C002855,2024-09-24,Website,Always-on Web,Created,Vito,
L000867,C002856,2024-04-16,Website,Always-on Web,Qualified,VLE,2024-04-25
L000868,C002861,2024-08-11,Website,Always-on Web,Created,V-Class,
L000869,C002862,2025-07-04,Paid Search,Commercial Intent,Qualified,Vito,2025-07-09
L000870,C002865,2024-11-04,Paid Search,Commercial Intent,Qualified,Vito,2024-11-05
L000871,C002869,2024-11-10,Referral,Customer Referral,Qualified,Vito,2024-11-16
L000872,C002871,2024-04-14,Email,CRM Nurture,Qualified,V-Class,2024-04-29
L000873,C002883,2025-06-29,Website,Always-on Web,Qualified,Sprinter,2025-07-06
L000874,C002889,2025-04-11,Paid Search,Commercial Intent,Created,V-Class,
L000875,C002891,2024-10-03,Social Media,Urban Mobility,Qualified,V-Class,2024-10-04
L000876,C002895,2024-03-02,Referral,Customer Referral,Qualified,Vito,2024-03-16
L000877,C002896,2024-04-02,Referral,Customer Referral,Qualified,Vito,2024-04-15
L000878,C002902,2025-07-07,Social Media,Urban Mobility,Qualified,VLE,2025-07-17
L000879,C002903,2024-12-22,Website,Always-on Web,Created,Vito,
L000880,C002904,2025-06-02,Website,Always-on Web,Qualified,V-Class,2025-06-14
L000881,C002906,2024-06-21,Referral,Customer Referral,Qualified,Vito,2024-07-05
L000882,C002907,2025-11-13,Social Media,Urban Mobility,Created,V-Class,
L000883,C002910,2024-03-20,Paid Search,Commercial Intent,Qualified,VLE,2024-03-21
L000884,C002915,2025-06-19,Website,Always-on Web,Qualified,VLE,2025-06-21
L000885,C002916,2025-10-15,Email,CRM Nurture,Qualified,V-Class,2025-10-27
L000886,C002920,2024-09-01,Referral,Customer Referral,Qualified,V-Class,2024-09-08
L000887,C002923,2024-12-07,Dealer Event,Van Experience Days,Qualified,Vito,2024-12-08
L000888,C002927,2024-04-22,Dealer Event,Van Experience Days,Created,V-Class,
L000889,C002937,2025-06-11,Dealer Event,Van Experience Days,Qualified,Sprinter,2025-06-26
L000890,C002939,2025-12-29,Paid Search,Commercial Intent,Qualified,Sprinter,2026-01-10
L000891,C002946,2024-06-10,Paid Search,Commercial Intent,Created,V-Class,
L000892,C002948,2025-11-18,Website,Always-on Web,Created,Vito,
L000893,C002954,2025-08-16,Paid Search,Commercial Intent,Qualified,Sprinter,2025-08-18
L000894,C002961,2025-05-30,Dealer Event,Van Experience Days,Qualified,Sprinter,2025-06-10
L000895,C002963,2024-03-15,Email,CRM Nurture,Qualified,Sprinter,2024-03-21
L000896,C002964,2025-08-16,Paid Search,Commercial Intent,Created,VLE,
L000897,C002974,2025-03-31,Referral,Customer Referral,Qualified,Sprinter,2025-04-10
L000898,C002975,2025-01-19,Dealer Event,Van Experience Days,Qualified,VLE,2025-01-31
L000899,C002979,2024-12-15,Social Media,Urban Mobility,Created,Sprinter,
L000900,C002985,2025-01-02,Dealer Event,Van Experience Days,Qualified,Sprinter,2025-01-07
L000901,C002993,2024-06-13,Paid Search,Commercial Intent,Created,VLE,
L000902,C002995,2024-12-20,Website,Always-on Web,Qualified,Sprinter,2024-12-30
L000903,C002996,2025-07-22,Dealer Event,Van Experience Days,Qualified,Sprinter,2025-07-23
L000904,C002998,2025-12-05,Email,CRM Nurture,Qualified,VLE,2025-12-20
L000905,C003001,2024-10-13,Referral,Customer Referral,Qualified,VLE,2024-10-17
L000906,C003003,2025-06-02,Website,Always-on Web,Created,Vito,
L000907,C003004,2024-05-20,Referral,Customer Referral,Qualified,VLE,2024-05-29
L000908,C003007,2024-08-01,Website,Always-on Web,Qualified,Vito,2024-08-03
L000909,C003014,2024-08-07,Paid Search,Commercial Intent,Qualified,Sprinter,2024-08-19
L000910,C003016,2024-06-17,Paid Search,Commercial Intent,Qualified,Sprinter,2024-06-19
L000911,C003019,2025-03-24,Referral,Customer Referral,Qualified,Sprinter,2025-03-26
L000912,C003020,2024-04-08,Email,CRM Nurture,Qualified,Sprinter,2024-04-17
L000913,C003021,2025-09-22,Referral,Customer Referral,Qualified,Sprinter,2025-09-24
L000914,C003024,2024-05-13,Website,Always-on Web,Created,Vito,
L000915,C003028,2025-07-07,Website,Always-on Web,Qualified,Vito,2025-07-08
L000916,C003030,2024-04-19,Referral,Customer Referral,Qualified,Sprinter,2024-04-21
L000917,C003033,2025-01-25,Paid Search,Commercial Intent,Created,Sprinter,
L000918,C003036,2025-02-09,Paid Search,Commercial Intent,Qualified,Vito,2025-02-11
L000919,C003043,2024-12-05,Dealer Event,Van Experience Days,Qualified,Sprinter,2024-12-12
L000920,C003044,2024-05-13,Dealer Event,Van Experience Days,Qualified,Sprinter,2024-05-28
L000921,C003045,2024-07-08,Website,Always-on Web,Created,Sprinter,
L000922,C003057,2025-05-31,Website,Always-on Web,Qualified,V-Class,2025-06-12
L000923,C003064,2024-05-01,Referral,Customer Referral,Qualified,Vito,2024-05-14
L000924,C003070,2024-08-14,Referral,Customer Referral,Created,Sprinter,
L000925,C003073,2025-08-29,Paid Search,Commercial Intent,Qualified,Sprinter,2025-09-11
L000926,C003077,2025-07-17,Paid Search,Commercial Intent,Qualified,V-Class,2025-07-18
L000927,C003083,2025-01-12,Website,Always-on Web,Qualified,Vito,2025-01-25
L000928,C003099,2024-09-12,Dealer Event,Van Experience Days,Qualified,V-Class,2024-09-23
L000929,C003100,2024-12-13,Social Media,Urban Mobility,Created,VLE,
L000930,C003101,2025-02-18,Social Media,Urban Mobility,Created,VLE,
L000931,C003103,2024-09-04,Website,Always-on Web,Created,V-Class,
L000932,C003104,2025-04-09,Referral,Customer Referral,Qualified,V-Class,2025-04-15
L000933,C003105,2024-08-07,Social Media,Urban Mobility,Created,Vito,
L000934,C003110,2025-09-02,Referral,Customer Referral,Qualified,Vito,2025-09-17
L000935,C003112,2024-03-21,Dealer Event,Van Experience Days,Qualified,Vito,2024-03-23
L000936,C003116,2025-01-23,Website,Always-on Web,Created,VLE,
L000937,C003119,2025-03-29,Dealer Event,Van Experience Days,Qualified,V-Class,2025-04-04
L000938,C003134,2024-05-16,Referral,Customer Referral,Created,V-Class,
L000939,C003135,2024-02-26,Paid Search,Commercial Intent,Created,V-Class,
L000940,C003137,2025-08-23,Website,Always-on Web,Created,Vito,
L000941,C003147,2024-12-28,Dealer Event,Van Experience Days,Qualified,V-Class,2025-01-05
L000942,C003156,2024-03-17,Paid Search,Commercial Intent,Created,V-Class,
L000943,C003158,2024-12-03,Paid Search,Commercial Intent,Created,Vito,
L000944,C003162,2025-07-15,Paid Search,Commercial Intent,Created,V-Class,
L000945,C003166,2024-02-06,Dealer Event,Van Experience Days,Qualified,Vito,2024-02-09
L000946,C003168,2025-08-07,Referral,Customer Referral,Qualified,V-Class,2025-08-17
L000947,C003169,2024-10-15,Paid Search,Commercial Intent,Qualified,VLE,2024-10-27
L000948,C003170,2025-11-28,Paid Search,Commercial Intent,Qualified,Vito,2025-12-04
L000949,C003172,2024-02-08,Website,Always-on Web,Qualified,VLE,2024-02-21
L000950,C003176,2025-12-17,Email,CRM Nurture,Qualified,Vito,2025-12-27
L000951,C003177,2024-05-16,Referral,Customer Referral,Qualified,VLE,2024-05-23
L000952,C003179,2025-08-24,Social Media,Urban Mobility,Qualified,Vito,2025-09-05
L000953,C003182,2025-10-08,Email,CRM Nurture,Created,Sprinter,
L000954,C003184,2025-05-22,Dealer Event,Van Experience Days,Created,Vito,
L000955,C003185,2024-10-24,Website,Always-on Web,Qualified,Sprinter,2024-11-04
L000956,C003188,2024-06-15,Paid Search,Commercial Intent,Qualified,VLE,2024-06-22
L000957,C003192,2024-10-03,Website,Always-on Web,Created,Vito,
L000958,C003200,2025-06-05,Email,CRM Nurture,Qualified,V-Class,2025-06-12
L000959,C003202,2024-09-01,Referral,Customer Referral,Created,Sprinter,
L000960,C003205,2025-06-30,Email,CRM Nurture,Qualified,Sprinter,2025-07-02
L000961,C003206,2024-04-10,Dealer Event,Van Experience Days,Qualified,VLE,2024-04-14
L000962,C003208,2024-04-23,Website,Always-on Web,Created,Sprinter,
L000963,C003209,2025-09-28,Referral,Customer Referral,Qualified,Sprinter,2025-10-11
L000964,C003218,2024-02-02,Email,CRM Nurture,Created,Vito,
L000965,C003220,2025-09-03,Website,Always-on Web,Created,V-Class,
L000966,C003230,2024-10-07,Paid Search,Commercial Intent,Created,VLE,
L000967,C003235,2025-06-23,Website,Always-on Web,Qualified,Sprinter,2025-07-05
L000968,C003237,2024-08-29,Email,CRM Nurture,Qualified,Vito,2024-09-10
L000969,C003241,2024-02-19,Paid Search,Commercial Intent,Qualified,Sprinter,2024-03-04
L000970,C003242,2025-05-29,Referral,Customer Referral,Qualified,Sprinter,2025-06-11
L000971,C003244,2024-12-10,Website,Always-on Web,Created,Vito,
L000972,C003245,2024-03-15,Website,Always-on Web,Qualified,Sprinter,2024-03-30
L000973,C003246,2025-05-24,Referral,Customer Referral,Qualified,V-Class,2025-06-02
L000974,C003250,2024-02-05,Email,CRM Nurture,Qualified,Vito,2024-02-14
L000975,C003257,2024-06-18,Dealer Event,Van Experience Days,Created,Sprinter,
L000976,C003259,2024-09-10,Website,Always-on Web,Qualified,Sprinter,2024-09-24
L000977,C003263,2024-02-18,Website,Always-on Web,Qualified,Vito,2024-02-22
L000978,C003264,2024-05-23,Referral,Customer Referral,Qualified,Sprinter,2024-05-28
L000979,C003267,2025-04-05,Dealer Event,Van Experience Days,Qualified,V-Class,2025-04-20
L000980,C003271,2024-03-01,Website,Always-on Web,Created,V-Class,
L000981,C003272,2024-10-19,Website,Always-on Web,Created,V-Class,
L000982,C003274,2025-12-05,Referral,Customer Referral,Qualified,Sprinter,2025-12-14
L000983,C003275,2025-03-02,Email,CRM Nurture,Created,Vito,
L000984,C003276,2025-08-05,Dealer Event,Van Experience Days,Qualified,V-Class,2025-08-10
L000985,C003277,2024-10-11,Social Media,Urban Mobility,Created,V-Class,
L000986,C003290,2025-04-02,Paid Search,Commercial Intent,Qualified,V-Class,2025-04-08
L000987,C003296,2024-08-15,Paid Search,Commercial Intent,Created,V-Class,
L000988,C003300,2025-11-15,Paid Search,Commercial Intent,Created,Vito,
L000989,C003303,2025-05-27,Referral,Customer Referral,Qualified,VLE,2025-06-05
L000990,C003305,2024-08-15,Website,Always-on Web,Qualified,Vito,2024-08-25
L000991,C003306,2025-08-17,Referral,Customer Referral,Created,Sprinter,
L000992,C003310,2024-03-24,Website,Always-on Web,Qualified,Vito,2024-03-25
L000993,C003317,2025-09-24,Dealer Event,Van Experience Days,Qualified,Vito,2025-09-29
L000994,C003327,2025-05-15,Dealer Event,Van Experience Days,Qualified,Sprinter,2025-05-19
L000995,C003328,2025-01-09,Dealer Event,Van Experience Days,Qualified,V-Class,2025-01-11
L000996,C003331,2024-06-08,Paid Search,Commercial Intent,Qualified,VLE,2024-06-20
L000997,C003335,2025-01-11,Website,Always-on Web,Qualified,V-Class,2025-01-17
L000998,C003337,2024-07-09,Dealer Event,Van Experience Days,Qualified,Vito,2024-07-16
L000999,C003340,2025-01-06,Referral,Customer Referral,Qualified,Vito,2025-01-11
L001000,C003351,2024-07-18,Paid Search,Commercial Intent,Qualified,Sprinter,2024-07-28
L001001,C003352,2025-10-21,Dealer Event,Van Experience Days,Qualified,Sprinter,2025-11-03
L001002,C003355,2025-08-30,Email,CRM Nurture,Created,Vito,
L001003,C003358,2025-10-10,Website,Always-on Web,Qualified,Sprinter,2025-10-11
L001004,C003367,2025-05-01,Website,Always-on Web,Created,Vito,
L001005,C003368,2025-04-03,Website,Always-on Web,Created,VLE,
L001006,C003370,2024-11-09,Referral,Customer Referral,Qualified,Vito,2024-11-20
L001007,C003374,2025-12-02,Website,Always-on Web,Qualified,VLE,2025-12-17
L001008,C003375,2024-03-14,Social Media,Urban Mobility,Qualified,Vito,2024-03-25
L001009,C003383,2025-05-10,Dealer Event,Van Experience Days,Qualified,Sprinter,2025-05-22
L001010,C003384,2025-08-08,Website,Always-on Web,Created,VLE,
L001011,C003387,2024-03-12,Paid Search,Commercial Intent,Created,Vito,
L001012,C003388,2024-05-07,Paid Search,Commercial Intent,Qualified,Vito,2024-05-22
L001013,C003389,2025-06-16,Paid Search,Commercial Intent,Qualified,Sprinter,2025-06-29
L001014,C003397,2025-08-05,Paid Search,Commercial Intent,Qualified,Sprinter,2025-08-20
L001015,C003399,2024-02-19,Social Media,Urban Mobility,Qualified,Sprinter,2024-02-25
L001016,C003403,2024-12-01,Website,Always-on Web,Qualified,V-Class,2024-12-07
L001017,C003405,2025-10-24,Website,Always-on Web,Qualified,Vito,2025-11-07
L001018,C003406,2024-03-29,Website,Always-on Web,Created,Vito,
L001019,C003411,2025-10-05,Website,Always-on Web,Created,V-Class,
L001020,C003419,2025-02-08,Website,Always-on Web,Qualified,VLE,2025-02-17
L001021,C003421,2024-10-14,Social Media,Urban Mobility,Created,Vito,
L001022,C003422,2024-05-22,Website,Always-on Web,Qualified,Vito,2024-05-31
L001023,C003423,2025-12-07,Social Media,Urban Mobility,Created,V-Class,
L001024,C003424,2024-12-24,Paid Search,Commercial Intent,Qualified,VLE,2025-01-05
L001025,C003429,2025-12-01,Paid Search,Commercial Intent,Qualified,Sprinter,2025-12-14
L001026,C003431,2025-01-05,Dealer Event,Van Experience Days,Created,Sprinter,
L001027,C003432,2024-05-03,Dealer Event,Van Experience Days,Qualified,Sprinter,2024-05-06
L001028,C003434,2025-02-01,Referral,Customer Referral,Created,Vito,
L001029,C003435,2025-11-05,Paid Search,Commercial Intent,Qualified,VLE,2025-11-11
L001030,C003436,2024-07-19,Email,CRM Nurture,Created,Sprinter,
L001031,C003438,2025-04-16,Referral,Customer Referral,Qualified,V-Class,2025-04-21
L001032,C003440,2024-09-26,Website,Always-on Web,Qualified,Vito,2024-10-06
L001033,C003441,2024-08-17,Dealer Event,Van Experience Days,Qualified,V-Class,2024-08-27
L001034,C003444,2025-05-03,Email,CRM Nurture,Qualified,Sprinter,2025-05-09
L001035,C003445,2025-07-01,Dealer Event,Van Experience Days,Qualified,V-Class,2025-07-14
L001036,C003460,2025-08-21,Dealer Event,Van Experience Days,Qualified,Sprinter,2025-09-03
L001037,C003468,2025-01-05,Paid Search,Commercial Intent,Qualified,Vito,2025-01-13
L001038,C003471,2025-04-07,Referral,Customer Referral,Qualified,Sprinter,2025-04-11
L001039,C003475,2024-09-22,Referral,Customer Referral,Qualified,Sprinter,2024-10-05
L001040,C003478,2025-09-13,Social Media,Urban Mobility,Created,Vito,
L001041,C003480,2025-08-06,Dealer Event,Van Experience Days,Created,VLE,
L001042,C003485,2024-10-14,Paid Search,Commercial Intent,Qualified,Sprinter,2024-10-20
L001043,C003490,2024-03-17,Website,Always-on Web,Qualified,Sprinter,2024-03-24
L001044,C003491,2025-11-02,Website,Always-on Web,Created,V-Class,
L001045,C003493,2025-11-17,Website,Always-on Web,Qualified,Vito,2025-11-21
L001046,C003497,2025-05-09,Referral,Customer Referral,Created,V-Class,
L001047,C003503,2025-03-04,Dealer Event,Van Experience Days,Created,Sprinter,
L001048,C003508,2025-05-03,Referral,Customer Referral,Created,Sprinter,
L001049,C003516,2025-01-28,Paid Search,Commercial Intent,Qualified,V-Class,2025-02-02
L001050,C003517,2025-11-05,Paid Search,Commercial Intent,Qualified,Vito,2025-11-13
L001051,C003519,2025-10-06,Paid Search,Commercial Intent,Created,Vito,
L001052,C003527,2025-03-03,Email,CRM Nurture,Qualified,Vito,2025-03-13
L001053,C003529,2025-07-03,Dealer Event,Van Experience Days,Qualified,Sprinter,2025-07-09
L001054,C003531,2024-03-22,Referral,Customer Referral,Created,Vito,
L001055,C003535,2025-07-03,Social Media,Urban Mobility,Qualified,Vito,2025-07-09
L001056,C003543,2025-03-04,Dealer Event,Van Experience Days,Created,VLE,
L001057,C003544,2025-11-09,Website,Always-on Web,Qualified,VLE,2025-11-14
L001058,C003545,2024-10-28,Dealer Event,Van Experience Days,Created,Vito,
L001059,C003546,2025-12-01,Dealer Event,Van Experience Days,Qualified,Vito,2025-12-07
L001060,C003547,2025-01-29,Paid Search,Commercial Intent,Qualified,Sprinter,2025-02-03
L001061,C003548,2024-04-19,Social Media,Urban Mobility,Qualified,V-Class,2024-05-02
L001062,C003549,2024-10-02,Website,Always-on Web,Created,Vito,
L001063,C003550,2024-12-27,Website,Always-on Web,Qualified,Vito,2024-12-28
L001064,C003552,2025-10-04,Website,Always-on Web,Created,Vito,
L001065,C003555,2025-11-04,Website,Always-on Web,Created,Vito,
L001066,C003557,2025-03-16,Dealer Event,Van Experience Days,Created,V-Class,
L001067,C003560,2024-02-21,Website,Always-on Web,Qualified,Vito,2024-02-23
L001068,C003562,2025-04-04,Paid Search,Commercial Intent,Created,Vito,
L001069,C003564,2025-09-03,Social Media,Urban Mobility,Qualified,Sprinter,2025-09-05
L001070,C003571,2024-12-28,Dealer Event,Van Experience Days,Qualified,VLE,2025-01-07
L001071,C003573,2025-01-06,Dealer Event,Van Experience Days,Qualified,Sprinter,2025-01-10
L001072,C003575,2024-01-29,Website,Always-on Web,Created,VLE,
L001073,C003576,2024-02-10,Website,Always-on Web,Created,Vito,
L001074,C003581,2024-10-24,Paid Search,Commercial Intent,Qualified,Sprinter,2024-11-04
L001075,C003582,2025-04-14,Email,CRM Nurture,Qualified,V-Class,2025-04-21
L001076,C003585,2024-02-16,Email,CRM Nurture,Qualified,VLE,2024-02-17
L001077,C003586,2024-11-11,Paid Search,Commercial Intent,Qualified,Sprinter,2024-11-16
L001078,C003590,2025-05-09,Paid Search,Commercial Intent,Qualified,Vito,2025-05-23
L001079,C003597,2024-05-10,Referral,Customer Referral,Qualified,VLE,2024-05-19
L001080,C003599,2024-04-30,Dealer Event,Van Experience Days,Qualified,Vito,2024-05-05
L001081,C003600,2024-12-24,Email,CRM Nurture,Qualified,Sprinter,2025-01-08
L001082,C003602,2024-12-06,Paid Search,Commercial Intent,Created,VLE,
L001083,C003603,2025-06-16,Website,Always-on Web,Qualified,Sprinter,2025-06-24
L001084,C003620,2024-10-05,Email,CRM Nurture,Created,Vito,
L001085,C003631,2025-06-07,Dealer Event,Van Experience Days,Created,Sprinter,
L001086,C003633,2024-02-06,Paid Search,Commercial Intent,Created,V-Class,
L001087,C003636,2024-05-18,Social Media,Urban Mobility,Created,Sprinter,
L001088,C003642,2024-08-25,Referral,Customer Referral,Created,Sprinter,
L001089,C003644,2025-12-09,Paid Search,Commercial Intent,Qualified,Vito,2025-12-13
L001090,C003646,2025-04-28,Website,Always-on Web,Qualified,Vito,2025-04-29
L001091,C003660,2025-04-09,Website,Always-on Web,Qualified,Sprinter,2025-04-22
L001092,C003665,2025-01-12,Website,Always-on Web,Qualified,V-Class,2025-01-18
L001093,C003673,2025-11-10,Website,Always-on Web,Created,VLE,
L001094,C003686,2024-08-17,Paid Search,Commercial Intent,Created,Sprinter,
L001095,C003688,2025-04-12,Dealer Event,Van Experience Days,Qualified,Sprinter,2025-04-15
L001096,C003693,2025-04-23,Paid Search,Commercial Intent,Qualified,Vito,2025-05-06
L001097,C003696,2024-04-01,Paid Search,Commercial Intent,Qualified,Vito,2024-04-12
L001098,C003697,2025-07-18,Website,Always-on Web,Qualified,VLE,2025-08-01
L001099,C003698,2024-05-17,Dealer Event,Van Experience Days,Qualified,Sprinter,2024-05-20
L001100,C003701,2024-02-04,Website,Always-on Web,Qualified,VLE,2024-02-15
L001101,C003705,2024-05-30,Referral,Customer Referral,Qualified,V-Class,2024-06-07
L001102,C003707,2024-03-06,Website,Always-on Web,Qualified,Vito,2024-03-16
L001103,C003709,2025-06-23,Email,CRM Nurture,Created,Vito,
L001104,C003728,2024-04-07,Website,Always-on Web,Qualified,Sprinter,2024-04-18
L001105,C003732,2024-12-12,Website,Always-on Web,Qualified,Sprinter,2024-12-25
L001106,C003737,2024-11-06,Paid Search,Commercial Intent,Qualified,Sprinter,2024-11-10
L001107,C003742,2025-11-12,Social Media,Urban Mobility,Qualified,VLE,2025-11-14
L001108,C003743,2025-06-04,Website,Always-on Web,Created,V-Class,
L001109,C003745,2024-06-04,Social Media,Urban Mobility,Qualified,Vito,2024-06-10
L001110,C003746,2024-12-08,Email,CRM Nurture,Qualified,Sprinter,2024-12-14
L001111,C003747,2024-11-03,Referral,Customer Referral,Qualified,Sprinter,2024-11-18
L001112,C003750,2025-05-22,Dealer Event,Van Experience Days,Created,Sprinter,
L001113,C003752,2024-02-21,Social Media,Urban Mobility,Created,Sprinter,
L001114,C003753,2025-10-21,Dealer Event,Van Experience Days,Qualified,Sprinter,2025-10-31
L001115,C003758,2024-08-27,Referral,Customer Referral,Created,Sprinter,
L001116,C003765,2025-07-07,Social Media,Urban Mobility,Created,Vito,
L001117,C003767,2024-08-22,Dealer Event,Van Experience Days,Qualified,VLE,2024-08-24
L001118,C003773,2025-03-10,Dealer Event,Van Experience Days,Qualified,Sprinter,2025-03-19
L001119,C003774,2025-05-11,Paid Search,Commercial Intent,Qualified,VLE,2025-05-24
L001120,C003777,2025-12-07,Website,Always-on Web,Qualified,V-Class,2025-12-22
L001121,C003780,2025-07-21,Dealer Event,Van Experience Days,Qualified,Sprinter,2025-07-26
L001122,C003781,2025-07-28,Social Media,Urban Mobility,Qualified,VLE,2025-07-29
L001123,C003786,2024-09-30,Website,Always-on Web,Qualified,Sprinter,2024-10-05
L001124,C003792,2025-07-07,Paid Search,Commercial Intent,Created,Sprinter,
L001125,C003812,2024-05-30,Dealer Event,Van Experience Days,Qualified,Sprinter,2024-06-03
L001126,C003813,2024-06-10,Dealer Event,Van Experience Days,Qualified,Sprinter,2024-06-24
L001127,C003814,2024-11-20,Website,Always-on Web,Created,Sprinter,
L001128,C003815,2025-12-14,Dealer Event,Van Experience Days,Qualified,Vito,2025-12-27
L001129,C003816,2025-10-18,Email,CRM Nurture,Created,V-Class,
L001130,C003817,2025-10-29,Paid Search,Commercial Intent,Created,V-Class,
L001131,C003821,2024-07-05,Dealer Event,Van Experience Days,Created,VLE,
L001132,C003825,2024-12-14,Paid Search,Commercial Intent,Qualified,V-Class,2024-12-24
L001133,C003826,2024-11-21,Dealer Event,Van Experience Days,Created,Vito,
L001134,C003830,2025-06-20,Paid Search,Commercial Intent,Created,Vito,
L001135,C003835,2025-08-31,Dealer Event,Van Experience Days,Qualified,V-Class,2025-09-07
L001136,C003842,2024-05-19,Website,Always-on Web,Created,VLE,
L001137,C003843,2025-02-15,Dealer Event,Van Experience Days,Qualified,Sprinter,2025-02-20
L001138,C003847,2024-10-17,Social Media,Urban Mobility,Created,Vito,
L001139,C003861,2025-07-15,Website,Always-on Web,Qualified,Vito,2025-07-17
L001140,C003862,2025-10-13,Dealer Event,Van Experience Days,Qualified,Vito,2025-10-15
L001141,C003866,2024-09-18,Dealer Event,Van Experience Days,Qualified,Vito,2024-09-29
L001142,C003870,2025-03-15,Referral,Customer Referral,Qualified,Sprinter,2025-03-26
L001143,C003871,2025-02-25,Social Media,Urban Mobility,Created,Vito,
L001144,C003874,2025-08-02,Website,Always-on Web,Qualified,VLE,2025-08-09
L001145,C003877,2025-08-14,Referral,Customer Referral,Qualified,Vito,2025-08-23
L001146,C003878,2025-09-14,Website,Always-on Web,Qualified,V-Class,2025-09-18
L001147,C003880,2024-03-26,Referral,Customer Referral,Created,VLE,
L001148,C003884,2025-03-19,Website,Always-on Web,Qualified,VLE,2025-04-02
L001149,C003887,2024-09-05,Dealer Event,Van Experience Days,Qualified,V-Class,2024-09-15
L001150,C003890,2025-11-12,Website,Always-on Web,Created,VLE,
L001151,C003892,2025-09-14,Email,CRM Nurture,Qualified,VLE,2025-09-29
L001152,C003893,2025-04-03,Website,Always-on Web,Qualified,VLE,2025-04-08
L001153,C003897,2024-02-25,Website,Always-on Web,Qualified,V-Class,2024-03-06
L001154,C003914,2024-05-04,Social Media,Urban Mobility,Qualified,VLE,2024-05-06
L001155,C003917,2024-07-30,Email,CRM Nurture,Created,Vito,
L001156,C003923,2025-06-30,Website,Always-on Web,Qualified,Vito,2025-07-02
L001157,C003929,2025-06-03,Referral,Customer Referral,Qualified,Vito,2025-06-16
L001158,C003931,2024-03-26,Email,CRM Nurture,Qualified,Vito,2024-04-07
L001159,C003932,2025-06-15,Dealer Event,Van Experience Days,Qualified,VLE,2025-06-29
L001160,C003934,2024-10-28,Website,Always-on Web,Created,VLE,
L001161,C003936,2024-10-10,Dealer Event,Van Experience Days,Qualified,Sprinter,2024-10-12
L001162,C003937,2025-02-15,Social Media,Urban Mobility,Qualified,Sprinter,2025-02-20
L001163,C003938,2024-01-23,Website,Always-on Web,Qualified,Vito,2024-01-31
L001164,C003939,2024-05-14,Website,Always-on Web,Created,VLE,
L001165,C003941,2025-11-22,Website,Always-on Web,Created,Sprinter,
L001166,C003944,2025-11-21,Dealer Event,Van Experience Days,Created,Sprinter,
L001167,C003945,2024-07-24,Email,CRM Nurture,Created,Vito,
L001168,C003951,2025-03-31,Website,Always-on Web,Qualified,Vito,2025-04-12
L001169,C003954,2024-02-24,Social Media,Urban Mobility,Qualified,Sprinter,2024-03-01
L001170,C003955,2024-09-15,Referral,Customer Referral,Qualified,Vito,2024-09-20
L001171,C003965,2024-07-10,Website,Always-on Web,Qualified,V-Class,2024-07-24
L001172,C003966,2024-05-02,Website,Always-on Web,Created,VLE,
L001173,C003970,2025-02-27,Website,Always-on Web,Qualified,V-Class,2025-03-01
L001174,C003971,2025-01-23,Paid Search,Commercial Intent,Qualified,Sprinter,2025-01-31
L001175,C003973,2024-06-25,Referral,Customer Referral,Qualified,Sprinter,2024-07-04
L001176,C003977,2025-03-07,Email,CRM Nurture,Qualified,V-Class,2025-03-17
L001177,C003978,2025-02-15,Website,Always-on Web,Qualified,V-Class,2025-02-24
L001178,C003979,2024-10-03,Referral,Customer Referral,Qualified,V-Class,2024-10-08
L001179,C003980,2025-06-14,Website,Always-on Web,Created,VLE,
L001180,C003988,2025-05-12,Social Media,Urban Mobility,Created,V-Class,
L001181,C003990,2024-08-02,Referral,Customer Referral,Qualified,Sprinter,2024-08-05
L001182,C003993,2024-05-28,Referral,Customer Referral,Created,Sprinter,
L001183,C003996,2025-06-27,Website,Always-on Web,Qualified,V-Class,2025-07-02
L001184,C003997,2025-03-26,Social Media,Urban Mobility,Created,VLE,
L001185,C003999,2024-12-11,Email,CRM Nurture,Qualified,V-Class,2024-12-26
L001186,C004002,2025-03-04,Paid Search,Commercial Intent,Qualified,Vito,2025-03-18
L001187,C004004,2024-04-16,Dealer Event,Van Experience Days,Qualified,Sprinter,2024-04-17
L001188,C004006,2024-06-02,Website,Always-on Web,Qualified,VLE,2024-06-12
L001189,C004008,2025-12-01,Social Media,Urban Mobility,Qualified,Vito,2025-12-12
L001190,C004015,2025-06-20,Social Media,Urban Mobility,Created,VLE,
L001191,C004020,2024-08-13,Dealer Event,Van Experience Days,Created,Vito,
L001192,C004022,2024-02-17,Referral,Customer Referral,Qualified,V-Class,2024-02-20
L001193,C004024,2024-05-14,Referral,Customer Referral,Qualified,V-Class,2024-05-19
L001194,C004029,2024-03-13,Email,CRM Nurture,Created,V-Class,
L001195,C004038,2025-05-05,Paid Search,Commercial Intent,Created,V-Class,
L001196,C004043,2025-07-01,Website,Always-on Web,Qualified,Vito,2025-07-03
L001197,C004044,2024-02-12,Website,Always-on Web,Qualified,Sprinter,2024-02-24
L001198,C004047,2024-10-30,Referral,Customer Referral,Qualified,Sprinter,2024-11-05
L001199,C004060,2025-09-01,Social Media,Urban Mobility,Qualified,V-Class,2025-09-14
L001200,C004061,2025-11-28,Website,Always-on Web,Created,VLE,
L001201,C004062,2025-06-21,Dealer Event,Van Experience Days,Qualified,Sprinter,2025-07-06
L001202,C004065,2025-10-24,Email,CRM Nurture,Qualified,V-Class,2025-10-29
L001203,C004068,2025-01-31,Email,CRM Nurture,Qualified,VLE,2025-02-06
L001204,C004070,2024-09-29,Dealer Event,Van Experience Days,Qualified,Sprinter,2024-10-14
L001205,C004073,2024-05-23,Email,CRM Nurture,Qualified,Sprinter,2024-05-31
L001206,C004085,2025-04-04,Website,Always-on Web,Qualified,Sprinter,2025-04-12
L001207,C004090,2025-05-19,Social Media,Urban Mobility,Created,VLE,
L001208,C004095,2025-09-28,Paid Search,Commercial Intent,Created,Vito,
L001209,C004101,2024-03-06,Paid Search,Commercial Intent,Created,V-Class,
L001210,C004103,2025-11-04,Dealer Event,Van Experience Days,Qualified,VLE,2025-11-17
L001211,C004105,2025-07-13,Paid Search,Commercial Intent,Qualified,Sprinter,2025-07-17
L001212,C004107,2024-05-01,Social Media,Urban Mobility,Qualified,Sprinter,2024-05-10
L001213,C004108,2024-08-08,Referral,Customer Referral,Qualified,V-Class,2024-08-22
L001214,C004110,2024-12-26,Paid Search,Commercial Intent,Qualified,Sprinter,2025-01-03
L001215,C004114,2025-08-09,Website,Always-on Web,Qualified,Sprinter,2025-08-21
L001216,C004116,2025-11-06,Paid Search,Commercial Intent,Qualified,Sprinter,2025-11-19
L001217,C004120,2024-11-28,Paid Search,Commercial Intent,Qualified,Vito,2024-12-01
L001218,C004122,2025-12-02,Website,Always-on Web,Qualified,VLE,2025-12-13
L001219,C004123,2025-07-26,Website,Always-on Web,Created,VLE,
L001220,C004125,2024-03-08,Referral,Customer Referral,Qualified,Sprinter,2024-03-19
L001221,C004126,2025-07-24,Paid Search,Commercial Intent,Created,Sprinter,
L001222,C004128,2025-02-22,Dealer Event,Van Experience Days,Qualified,Sprinter,2025-02-23
L001223,C004133,2024-09-28,Dealer Event,Van Experience Days,Qualified,VLE,2024-09-29
L001224,C004138,2024-02-05,Email,CRM Nurture,Created,VLE,
L001225,C004139,2024-10-01,Dealer Event,Van Experience Days,Qualified,V-Class,2024-10-08
L001226,C004142,2025-12-28,Paid Search,Commercial Intent,Qualified,V-Class,2026-01-10
L001227,C004144,2024-07-21,Paid Search,Commercial Intent,Qualified,Vito,2024-07-28
L001228,C004150,2024-11-01,Dealer Event,Van Experience Days,Qualified,Sprinter,2024-11-15
L001229,C004154,2024-03-09,Dealer Event,Van Experience Days,Created,Sprinter,
L001230,C004155,2025-11-06,Website,Always-on Web,Qualified,V-Class,2025-11-15
L001231,C004156,2025-07-29,Website,Always-on Web,Qualified,Vito,2025-08-07
L001232,C004157,2025-06-08,Website,Always-on Web,Qualified,VLE,2025-06-10
L001233,C004161,2024-01-24,Paid Search,Commercial Intent,Qualified,Vito,2024-01-26
L001234,C004162,2025-08-04,Referral,Customer Referral,Qualified,Sprinter,2025-08-11
L001235,C004163,2024-09-13,Social Media,Urban Mobility,Created,Sprinter,
L001236,C004165,2025-03-19,Website,Always-on Web,Qualified,Vito,2025-04-02
L001237,C004174,2024-12-31,Website,Always-on Web,Created,V-Class,
L001238,C004177,2025-08-27,Dealer Event,Van Experience Days,Qualified,Sprinter,2025-09-03
L001239,C004184,2025-10-31,Dealer Event,Van Experience Days,Qualified,Vito,2025-11-10
L001240,C004187,2025-11-30,Email,CRM Nurture,Qualified,V-Class,2025-12-01
L001241,C004190,2025-09-27,Paid Search,Commercial Intent,Qualified,V-Class,2025-09-29
L001242,C004196,2025-01-19,Email,CRM Nurture,Qualified,VLE,2025-01-22
L001243,C004199,2025-03-18,Social Media,Urban Mobility,Created,Sprinter,
L001244,C004201,2024-07-17,Website,Always-on Web,Created,Sprinter,
L001245,C004208,2025-12-20,Dealer Event,Van Experience Days,Qualified,Vito,2026-01-02
L001246,C004210,2024-02-25,Dealer Event,Van Experience Days,Qualified,V-Class,2024-02-28
L001247,C004215,2025-03-13,Dealer Event,Van Experience Days,Qualified,Vito,2025-03-22
L001248,C004216,2024-01-17,Paid Search,Commercial Intent,Qualified,Sprinter,2024-01-28
L001249,C004224,2025-06-24,Referral,Customer Referral,Created,Sprinter,
L001250,C004226,2024-02-28,Website,Always-on Web,Created,Vito,
L001251,C004231,2025-01-18,Social Media,Urban Mobility,Qualified,Vito,2025-01-29
L001252,C004235,2024-05-21,Dealer Event,Van Experience Days,Qualified,V-Class,2024-05-28
L001253,C004240,2025-07-04,Referral,Customer Referral,Qualified,Sprinter,2025-07-07
L001254,C004247,2025-04-08,Social Media,Urban Mobility,Created,Vito,
L001255,C004248,2025-12-19,Dealer Event,Van Experience Days,Qualified,V-Class,2025-12-29
L001256,C004253,2025-07-22,Dealer Event,Van Experience Days,Created,Vito,
L001257,C004254,2024-08-27,Website,Always-on Web,Created,Vito,
L001258,C004257,2024-12-05,Dealer Event,Van Experience Days,Qualified,Sprinter,2024-12-19
L001259,C004260,2024-03-27,Dealer Event,Van Experience Days,Created,Sprinter,
L001260,C004263,2024-06-11,Website,Always-on Web,Created,VLE,
L001261,C004264,2024-05-23,Website,Always-on Web,Qualified,Vito,2024-06-06
L001262,C004267,2025-08-22,Paid Search,Commercial Intent,Qualified,V-Class,2025-08-24
L001263,C004268,2024-03-28,Paid Search,Commercial Intent,Created,Vito,
L001264,C004269,2025-08-25,Referral,Customer Referral,Qualified,Sprinter,2025-09-03
L001265,C004278,2025-03-17,Paid Search,Commercial Intent,Created,Sprinter,
L001266,C004283,2025-11-03,Social Media,Urban Mobility,Created,Vito,
L001267,C004287,2024-04-09,Website,Always-on Web,Qualified,Sprinter,2024-04-17
L001268,C004295,2024-02-17,Paid Search,Commercial Intent,Qualified,Sprinter,2024-02-22
L001269,C004296,2024-10-09,Website,Always-on Web,Created,VLE,
L001270,C004297,2024-08-13,Dealer Event,Van Experience Days,Qualified,Sprinter,2024-08-28
L001271,C004300,2024-04-08,Paid Search,Commercial Intent,Qualified,VLE,2024-04-23
L001272,C004304,2024-03-03,Website,Always-on Web,Created,V-Class,
L001273,C004306,2025-04-08,Email,CRM Nurture,Qualified,Sprinter,2025-04-17
L001274,C004309,2024-12-15,Social Media,Urban Mobility,Created,Vito,
L001275,C004310,2025-12-19,Paid Search,Commercial Intent,Qualified,V-Class,2026-01-03
L001276,C004311,2024-01-25,Dealer Event,Van Experience Days,Qualified,V-Class,2024-02-02
L001277,C004312,2025-01-04,Website,Always-on Web,Qualified,Vito,2025-01-07
L001278,C004313,2024-09-04,Dealer Event,Van Experience Days,Qualified,Sprinter,2024-09-14
L001279,C004314,2025-02-09,Social Media,Urban Mobility,Created,Sprinter,
L001280,C004320,2025-02-27,Referral,Customer Referral,Qualified,Vito,2025-03-14
L001281,C004329,2025-07-01,Email,CRM Nurture,Qualified,Sprinter,2025-07-12
L001282,C004330,2025-05-29,Paid Search,Commercial Intent,Created,V-Class,
L001283,C004331,2025-10-18,Website,Always-on Web,Created,V-Class,
L001284,C004332,2025-05-23,Referral,Customer Referral,Qualified,V-Class,2025-05-31
L001285,C004335,2025-07-20,Paid Search,Commercial Intent,Qualified,Sprinter,2025-07-25
L001286,C004341,2025-01-27,Email,CRM Nurture,Qualified,Sprinter,2025-02-11
L001287,C004349,2025-08-20,Website,Always-on Web,Qualified,Sprinter,2025-08-22
L001288,C004358,2025-09-13,Website,Always-on Web,Created,Sprinter,
L001289,C004361,2025-07-09,Email,CRM Nurture,Qualified,VLE,2025-07-16
L001290,C004364,2024-08-23,Website,Always-on Web,Qualified,Vito,2024-08-26
L001291,C004366,2025-09-08,Website,Always-on Web,Qualified,V-Class,2025-09-09
L001292,C004385,2025-12-18,Paid Search,Commercial Intent,Qualified,Sprinter,2025-12-30
L001293,C004386,2024-08-02,Website,Always-on Web,Qualified,VLE,2024-08-05
L001294,C004387,2025-09-26,Dealer Event,Van Experience Days,Qualified,Vito,2025-09-30
L001295,C004391,2024-07-25,Website,Always-on Web,Created,Vito,
L001296,C004392,2025-09-17,Dealer Event,Van Experience Days,Qualified,Sprinter,2025-09-30
L001297,C004396,2024-06-25,Dealer Event,Van Experience Days,Qualified,Vito,2024-06-27
L001298,C004400,2025-10-11,Dealer Event,Van Experience Days,Qualified,VLE,2025-10-18
L001299,C004402,2025-10-11,Website,Always-on Web,Qualified,Vito,2025-10-23
L001300,C004407,2025-02-11,Website,Always-on Web,Qualified,V-Class,2025-02-20
L001301,C004408,2024-04-28,Paid Search,Commercial Intent,Qualified,Sprinter,2024-05-12
L001302,C004410,2024-06-09,Website,Always-on Web,Created,VLE,
L001303,C004418,2025-09-10,Social Media,Urban Mobility,Created,Sprinter,
L001304,C004420,2025-06-04,Referral,Customer Referral,Qualified,VLE,2025-06-07
L001305,C004423,2025-06-01,Dealer Event,Van Experience Days,Created,Sprinter,
L001306,C004426,2025-01-15,Website,Always-on Web,Qualified,Vito,2025-01-28
L001307,C004427,2025-12-03,Paid Search,Commercial Intent,Created,Vito,
L001308,C004435,2024-02-19,Website,Always-on Web,Qualified,Sprinter,2024-02-23
L001309,C004443,2024-09-23,Paid Search,Commercial Intent,Created,Sprinter,
L001310,C004445,2024-11-02,Website,Always-on Web,Created,V-Class,
L001311,C004450,2025-06-01,Dealer Event,Van Experience Days,Qualified,Vito,2025-06-16
L001312,C004451,2025-07-28,Website,Always-on Web,Qualified,VLE,2025-07-29
L001313,C004453,2024-10-09,Referral,Customer Referral,Qualified,V-Class,2024-10-12
L001314,C004457,2024-12-09,Social Media,Urban Mobility,Qualified,V-Class,2024-12-19
L001315,C004458,2025-11-04,Social Media,Urban Mobility,Qualified,Vito,2025-11-09
L001316,C004461,2024-10-13,Website,Always-on Web,Created,Vito,
L001317,C004469,2025-07-05,Paid Search,Commercial Intent,Created,Sprinter,
L001318,C004473,2025-05-14,Paid Search,Commercial Intent,Qualified,VLE,2025-05-25
L001319,C004477,2025-01-21,Website,Always-on Web,Created,V-Class,
L001320,C004482,2024-06-27,Paid Search,Commercial Intent,Created,Sprinter,
L001321,C004486,2024-03-23,Website,Always-on Web,Created,Sprinter,
L001322,C004487,2024-03-17,Website,Always-on Web,Qualified,Sprinter,2024-03-29
L001323,C004490,2025-08-06,Website,Always-on Web,Created,Vito,
L001324,C004493,2025-05-24,Email,CRM Nurture,Qualified,V-Class,2025-06-06
L001325,C004497,2024-05-26,Paid Search,Commercial Intent,Qualified,V-Class,2024-06-03
L001326,C004499,2024-03-02,Social Media,Urban Mobility,Qualified,Sprinter,2024-03-08
L001327,C004505,2024-01-24,Email,CRM Nurture,Qualified,Sprinter,2024-02-01
L001328,C004508,2024-06-16,Referral,Customer Referral,Qualified,Vito,2024-06-18
L001329,C004511,2025-07-24,Paid Search,Commercial Intent,Qualified,Vito,2025-08-02
L001330,C004512,2024-11-27,Paid Search,Commercial Intent,Qualified,Sprinter,2024-11-30
L001331,C004514,2025-01-01,Website,Always-on Web,Created,V-Class,
L001332,C004519,2024-07-15,Dealer Event,Van Experience Days,Qualified,VLE,2024-07-22
L001333,C004524,2024-08-29,Referral,Customer Referral,Qualified,V-Class,2024-09-11
L001334,C004525,2024-07-06,Social Media,Urban Mobility,Created,VLE,
L001335,C004527,2024-05-21,Paid Search,Commercial Intent,Qualified,V-Class,2024-05-25
L001336,C004528,2025-02-21,Paid Search,Commercial Intent,Qualified,Sprinter,2025-02-22
L001337,C004529,2024-10-21,Dealer Event,Van Experience Days,Created,Vito,
L001338,C004539,2024-10-10,Paid Search,Commercial Intent,Qualified,Sprinter,2024-10-17
L001339,C004541,2024-06-04,Paid Search,Commercial Intent,Qualified,VLE,2024-06-08
L001340,C004544,2024-12-25,Website,Always-on Web,Qualified,Vito,2024-12-27
L001341,C004549,2025-06-21,Email,CRM Nurture,Qualified,VLE,2025-06-27
L001342,C004550,2024-04-08,Referral,Customer Referral,Qualified,Sprinter,2024-04-12
L001343,C004554,2025-11-14,Website,Always-on Web,Qualified,V-Class,2025-11-28
L001344,C004555,2024-12-10,Referral,Customer Referral,Qualified,Vito,2024-12-17
L001345,C004557,2025-11-19,Referral,Customer Referral,Qualified,Sprinter,2025-12-02
L001346,C004559,2025-02-25,Email,CRM Nurture,Qualified,V-Class,2025-03-03
L001347,C004568,2024-01-21,Dealer Event,Van Experience Days,Qualified,V-Class,2024-01-29
L001348,C004572,2024-05-20,Website,Always-on Web,Qualified,VLE,2024-05-24
L001349,C004576,2025-04-27,Paid Search,Commercial Intent,Qualified,Sprinter,2025-04-30
L001350,C004578,2024-10-01,Social Media,Urban Mobility,Created,Vito,
L001351,C004580,2025-01-18,Dealer Event,Van Experience Days,Qualified,Sprinter,2025-01-20
L001352,C004589,2025-05-24,Website,Always-on Web,Created,Sprinter,
L001353,C004592,2025-11-20,Referral,Customer Referral,Qualified,Vito,2025-11-30
L001354,C004597,2024-07-31,Paid Search,Commercial Intent,Created,Vito,
L001355,C004598,2024-08-09,Referral,Customer Referral,Qualified,Vito,2024-08-18
L001356,C004599,2025-06-23,Referral,Customer Referral,Created,VLE,
L001357,C004605,2024-02-08,Website,Always-on Web,Qualified,Sprinter,2024-02-15
L001358,C004606,2025-01-21,Dealer Event,Van Experience Days,Created,Vito,
L001359,C004609,2024-03-19,Dealer Event,Van Experience Days,Qualified,VLE,2024-03-29
L001360,C004611,2025-09-11,Paid Search,Commercial Intent,Qualified,VLE,2025-09-24
L001361,C004613,2025-12-03,Website,Always-on Web,Created,Sprinter,
L001362,C004614,2024-08-28,Paid Search,Commercial Intent,Qualified,V-Class,2024-09-12
L001363,C004618,2025-09-02,Referral,Customer Referral,Qualified,V-Class,2025-09-17
L001364,C004623,2025-08-12,Dealer Event,Van Experience Days,Qualified,V-Class,2025-08-22
L001365,C004626,2024-06-01,Website,Always-on Web,Created,Vito,
L001366,C004630,2024-12-26,Dealer Event,Van Experience Days,Qualified,Sprinter,2025-01-01
L001367,C004632,2025-09-18,Paid Search,Commercial Intent,Qualified,Sprinter,2025-09-30
L001368,C004637,2025-12-15,Referral,Customer Referral,Qualified,Sprinter,2025-12-28
L001369,C004640,2025-12-07,Paid Search,Commercial Intent,Created,Vito,
L001370,C004642,2024-02-13,Dealer Event,Van Experience Days,Qualified,Sprinter,2024-02-23
L001371,C004645,2025-10-24,Referral,Customer Referral,Created,VLE,
L001372,C004646,2025-12-02,Website,Always-on Web,Qualified,Vito,2025-12-15
L001373,C004647,2025-06-20,Dealer Event,Van Experience Days,Created,VLE,
L001374,C004658,2024-03-02,Website,Always-on Web,Qualified,Sprinter,2024-03-08
L001375,C004661,2024-08-02,Website,Always-on Web,Created,Sprinter,
L001376,C004666,2024-06-07,Paid Search,Commercial Intent,Created,Sprinter,
L001377,C004670,2024-02-12,Paid Search,Commercial Intent,Created,Vito,
L001378,C004672,2025-08-18,Social Media,Urban Mobility,Created,Sprinter,
L001379,C004674,2025-11-07,Website,Always-on Web,Created,Sprinter,
L001380,C004685,2025-09-22,Referral,Customer Referral,Qualified,Sprinter,2025-10-07
L001381,C004689,2024-04-04,Website,Always-on Web,Created,Sprinter,
L001382,C004691,2025-09-20,Email,CRM Nurture,Qualified,Sprinter,2025-09-23
L001383,C004694,2025-04-16,Website,Always-on Web,Qualified,Sprinter,2025-04-21
L001384,C004695,2024-12-28,Website,Always-on Web,Qualified,Sprinter,2025-01-01
L001385,C004703,2025-04-11,Website,Always-on Web,Qualified,Sprinter,2025-04-16
L001386,C004704,2025-01-30,Social Media,Urban Mobility,Qualified,Sprinter,2025-02-14
L001387,C004707,2024-07-03,Paid Search,Commercial Intent,Created,Sprinter,
L001388,C004717,2024-07-03,Dealer Event,Van Experience Days,Qualified,V-Class,2024-07-08
L001389,C004718,2025-04-03,Paid Search,Commercial Intent,Qualified,V-Class,2025-04-05
L001390,C004719,2025-10-19,Website,Always-on Web,Qualified,V-Class,2025-11-01
L001391,C004721,2025-01-05,Paid Search,Commercial Intent,Created,Sprinter,
L001392,C004724,2024-02-19,Website,Always-on Web,Created,Vito,
L001393,C004728,2024-04-02,Email,CRM Nurture,Qualified,Sprinter,2024-04-04
L001394,C004730,2025-07-11,Referral,Customer Referral,Qualified,Sprinter,2025-07-16
L001395,C004733,2025-02-11,Dealer Event,Van Experience Days,Created,VLE,
L001396,C004735,2024-01-24,Social Media,Urban Mobility,Created,Vito,
L001397,C004740,2024-08-01,Website,Always-on Web,Qualified,Sprinter,2024-08-15
L001398,C004741,2024-08-18,Paid Search,Commercial Intent,Qualified,Vito,2024-08-29
L001399,C004748,2024-12-30,Paid Search,Commercial Intent,Created,Vito,
L001400,C004749,2025-08-08,Referral,Customer Referral,Qualified,Sprinter,2025-08-12
L001401,C004752,2025-06-11,Dealer Event,Van Experience Days,Qualified,V-Class,2025-06-23
L001402,C004753,2025-08-23,Email,CRM Nurture,Qualified,Vito,2025-08-24
L001403,C004755,2024-04-11,Email,CRM Nurture,Qualified,Sprinter,2024-04-15
L001404,C004756,2025-07-18,Dealer Event,Van Experience Days,Qualified,V-Class,2025-08-02
L001405,C004766,2025-10-23,Referral,Customer Referral,Created,Vito,
L001406,C004773,2024-04-30,Paid Search,Commercial Intent,Qualified,Vito,2024-05-05
L001407,C004776,2025-05-18,Referral,Customer Referral,Qualified,Sprinter,2025-05-22
L001408,C004778,2025-03-15,Dealer Event,Van Experience Days,Qualified,Sprinter,2025-03-20
L001409,C004780,2025-12-12,Referral,Customer Referral,Qualified,V-Class,2025-12-24
L001410,C004790,2025-02-12,Dealer Event,Van Experience Days,Qualified,Sprinter,2025-02-26
L001411,C004803,2024-09-18,Website,Always-on Web,Created,Vito,
L001412,C004808,2024-07-14,Referral,Customer Referral,Qualified,Sprinter,2024-07-22
L001413,C004809,2024-01-29,Referral,Customer Referral,Qualified,Sprinter,2024-01-31
L001414,C004819,2025-10-28,Paid Search,Commercial Intent,Qualified,V-Class,2025-11-05
L001415,C004822,2025-06-19,Website,Always-on Web,Created,Vito,
L001416,C004826,2024-01-24,Referral,Customer Referral,Created,Vito,
L001417,C004827,2025-03-22,Dealer Event,Van Experience Days,Qualified,Sprinter,2025-04-03
L001418,C004836,2025-07-19,Paid Search,Commercial Intent,Qualified,Vito,2025-07-30
L001419,C004843,2024-07-09,Website,Always-on Web,Qualified,Vito,2024-07-14
L001420,C004845,2025-11-16,Website,Always-on Web,Created,VLE,
L001421,C004854,2024-12-23,Dealer Event,Van Experience Days,Qualified,Vito,2025-01-03
L001422,C004860,2024-08-23,Social Media,Urban Mobility,Created,Sprinter,
L001423,C004862,2024-05-23,Dealer Event,Van Experience Days,Qualified,Sprinter,2024-06-03
L001424,C004863,2025-06-02,Website,Always-on Web,Created,VLE,
L001425,C004872,2025-08-28,Website,Always-on Web,Qualified,Sprinter,2025-08-29
L001426,C004873,2024-12-13,Paid Search,Commercial Intent,Qualified,Vito,2024-12-21
L001427,C004877,2024-12-11,Paid Search,Commercial Intent,Qualified,Vito,2024-12-24
L001428,C004883,2025-06-09,Paid Search,Commercial Intent,Qualified,V-Class,2025-06-16
L001429,C004885,2025-04-23,Referral,Customer Referral,Qualified,VLE,2025-05-07
L001430,C004886,2025-03-18,Website,Always-on Web,Created,Sprinter,
L001431,C004894,2024-09-27,Website,Always-on Web,Qualified,VLE,2024-10-09
L001432,C004896,2024-08-11,Website,Always-on Web,Created,Sprinter,
L001433,C004897,2024-08-15,Email,CRM Nurture,Created,VLE,
L001434,C004899,2024-07-30,Social Media,Urban Mobility,Created,Vito,
L001435,C004903,2024-04-07,Email,CRM Nurture,Qualified,V-Class,2024-04-16
L001436,C004906,2025-11-05,Email,CRM Nurture,Qualified,Vito,2025-11-12
L001437,C004907,2025-05-16,Dealer Event,Van Experience Days,Created,Vito,
L001438,C004911,2024-09-15,Paid Search,Commercial Intent,Qualified,Sprinter,2024-09-16
L001439,C004915,2024-12-30,Website,Always-on Web,Qualified,VLE,2025-01-02
L001440,C004918,2025-04-19,Website,Always-on Web,Created,Vito,
L001441,C004920,2024-04-08,Website,Always-on Web,Qualified,Sprinter,2024-04-21
L001442,C004924,2024-07-21,Social Media,Urban Mobility,Qualified,V-Class,2024-08-04
L001443,C004930,2025-03-25,Dealer Event,Van Experience Days,Qualified,V-Class,2025-04-09
L001444,C004932,2025-02-01,Dealer Event,Van Experience Days,Qualified,Vito,2025-02-10
L001445,C004940,2024-06-23,Paid Search,Commercial Intent,Created,Sprinter,
L001446,C004941,2025-11-24,Website,Always-on Web,Created,Vito,
L001447,C004945,2024-05-23,Paid Search,Commercial Intent,Qualified,Sprinter,2024-05-27
L001448,C004947,2025-03-07,Paid Search,Commercial Intent,Qualified,Vito,2025-03-08
L001449,C004950,2024-11-29,Email,CRM Nurture,Qualified,V-Class,2024-12-12
L001450,C004955,2024-02-09,Website,Always-on Web,Qualified,V-Class,2024-02-23
L001451,C004957,2025-12-10,Website,Always-on Web,Qualified,Vito,2025-12-19
L001452,C004958,2025-02-15,Website,Always-on Web,Qualified,VLE,2025-02-23
L001453,C004961,2025-02-12,Social Media,Urban Mobility,Created,Vito,
L001454,C004971,2024-08-04,Website,Always-on Web,Qualified,Sprinter,2024-08-08
L001455,C004976,2024-07-22,Social Media,Urban Mobility,Created,V-Class,
L001456,C004982,2025-06-11,Paid Search,Commercial Intent,Qualified,V-Class,2025-06-17
L001457,C004984,2025-06-05,Dealer Event,Van Experience Days,Created,Sprinter,
L001458,C004987,2024-06-28,Website,Always-on Web,Created,V-Class,
L001459,C004995,2024-08-15,Referral,Customer Referral,Qualified,Vito,2024-08-21
L001460,C004996,2025-07-26,Email,CRM Nurture,Created,Vito,
L001461,C004998,2024-04-11,Email,CRM Nurture,Qualified,V-Class,2024-04-17
L001462,C004999,2024-03-08,Social Media,Urban Mobility,Qualified,V-Class,2024-03-09
L001463,C005000,2024-07-20,Paid Search,Commercial Intent,Qualified,Vito,2024-07-23
