interaction_id,customer_id,interaction_date,interaction_channel,interaction_type,campaign,funnel_stage
I0000001,C000001,2024-06-11,Paid Search,Initial Visit,Commercial Intent,Initial Interaction
I0000002,C000001,2024-06-21,Paid Search,Brochure Download,Commercial Intent,Engaged Prospect
I0000002,C000002,2024-08-31,Referral,Initial Visit,Customer Referral,Initial Interaction
I0000003,C000003,2025-08-25,Website,Initial Visit,Always-on Web,Initial Interaction
I0000005,C000003,2025-09-06,Website,Callback Request,Always-on Web,Engaged Prospect
I0000004,C000004,2024-03-12,Social Media,Initial Visit,Urban Mobility,Initial Interaction
I0000005,C000005,2024-03-16,Paid Search,Initial Visit,Commercial Intent,Initial Interaction
I0000008,C000005,2024-03-22,Paid Search,Brochure Download,Commercial Intent,Engaged Prospect
I0000006,C000006,2024-07-30,Social Media,Initial Visit,Urban Mobility,Initial Interaction
I0000010,C000006,2024-08-02,Social Media,Callback Request,Urban Mobility,Engaged Prospect
I0000007,C000007,2025-02-26,Social Media,Initial Visit,Urban Mobility,Initial Interaction
I0000012,C000007,2025-02-28,Social Media,Brochure Download,Urban Mobility,Engaged Prospect
I0000008,C000008,2025-07-18,Website,Initial Visit,Always-on Web,Initial Interaction
I0000014,C000008,2025-07-19,Website,Callback Request,Always-on Web,Engaged Prospect
I0000009,C000009,2025-01-28,Dealer Event,Initial Visit,Van Experience Days,Initial Interaction
I0000016,C000009,2025-01-31,Dealer Event,Configurator,Van Experience Days,Engaged Prospect
I0000010,C000010,2024-12-11,Website,Initial Visit,Always-on Web,Initial Interaction
I0000011,C000011,2025-09-01,Dealer Event,Initial Visit,Van Experience Days,Initial Interaction
I0000019,C000011,2025-09-06,Dealer Event,Event Registration,Van Experience Days,Engaged Prospect
I0000012,C000012,2024-04-30,Website,Initial Visit,Always-on Web,Initial Interaction
I0000021,C000012,2024-05-02,Website,Brochure Download,Always-on Web,Engaged Prospect
I0000013,C000013,2025-09-23,Social Media,Initial Visit,Urban Mobility,Initial Interaction
I0000023,C000013,2025-09-30,Social Media,Event Registration,Urban Mobility,Engaged Prospect
I0000014,C000014,2024-08-06,Paid Search,Initial Visit,Commercial Intent,Initial Interaction
I0000025,C000014,2024-08-08,Paid Search,Event Registration,Commercial Intent,Engaged Prospect
I0000015,C000015,2024-07-12,Social Media,Initial Visit,Urban Mobility,Initial Interaction
I0000027,C000015,2024-07-13,Social Media,Configurator,Urban Mobility,Engaged Prospect
I0000016,C000016,2025-10-29,Website,Initial Visit,Always-on Web,Initial Interaction
I0000029,C000016,2025-11-07,Website,Brochure Download,Always-on Web,Engaged Prospect
I0000017,C000017,2025-03-28,Social Media,Initial Visit,Urban Mobility,Initial Interaction
I0000031,C000017,2025-04-11,Social Media,Configurator,Urban Mobility,Engaged Prospect
I0000018,C000018,2024-10-29,Website,Initial Visit,Always-on Web,Initial Interaction
I0000033,C000018,2024-11-05,Website,Event Registration,Always-on Web,Engaged Prospect
I0000019,C000019,2024-08-19,Paid Search,Initial Visit,Commercial Intent,Initial Interaction
I0000035,C000019,2024-08-24,Paid Search,Brochure Download,Commercial Intent,Engaged Prospect
I0000020,C000020,2024-11-05,Dealer Event,Initial Visit,Van Experience Days,Initial Interaction
I0000037,C000020,2024-11-17,Dealer Event,Configurator,Van Experience Days,Engaged Prospect
I0000021,C000021,2025-07-08,Paid Search,Initial Visit,Commercial Intent,Initial Interaction
I0000039,C000021,2025-07-19,Paid Search,Configurator,Commercial Intent,Engaged Prospect
I0000022,C000022,2024-04-17,Social Media,Initial Visit,Urban Mobility,Initial Interaction
I0000023,C000023,2024-05-02,Social Media,Initial Visit,Urban Mobility,Initial Interaction
I0000024,C000024,2024-08-01,Paid Search,Initial Visit,Commercial Intent,Initial Interaction
I0000043,C000024,2024-08-14,Paid Search,Configurator,Commercial Intent,Engaged Prospect
I0000025,C000025,2024-12-03,Dealer Event,Initial Visit,Van Experience Days,Initial Interaction
I0000045,C000025,2024-12-17,Dealer Event,Callback Request,Van Experience Days,Engaged Prospect
I0000026,C000026,2025-07-24,Paid Search,Initial Visit,Commercial Intent,Initial Interaction
I0000047,C000026,2025-07-31,Paid Search,Event Registration,Commercial Intent,Engaged Prospect
I0000027,C000027,2024-05-27,Referral,Initial Visit,Customer Referral,Initial Interaction
I0000049,C000027,2024-06-07,Referral,Brochure Download,Customer Referral,Engaged Prospect
I0000028,C000028,2025-07-04,Dealer Event,Initial Visit,Van Experience Days,Initial Interaction
I0000051,C000028,2025-07-18,Dealer Event,Brochure Download,Van Experience Days,Engaged Prospect
I0000029,C000029,2025-09-27,Paid Search,Initial Visit,Commercial Intent,Initial Interaction
I0000053,C000029,2025-10-04,Paid Search,Event Registration,Commercial Intent,Engaged Prospect
I0000030,C000030,2024-10-31,Paid Search,Initial Visit,Commercial Intent,Initial Interaction
I0000055,C000030,2024-11-11,Paid Search,Configurator,Commercial Intent,Engaged Prospect
I0000031,C000031,2025-11-03,Email,Initial Visit,CRM Nurture,Initial Interaction
I0000057,C000031,2025-11-12,Email,Brochure Download,CRM Nurture,Engaged Prospect
I0000032,C000032,2025-09-17,Email,Initial Visit,CRM Nurture,Initial Interaction
I0000059,C000032,2025-09-24,Email,Event Registration,CRM Nurture,Engaged Prospect
I0000033,C000033,2025-07-12,Website,Initial Visit,Always-on Web,Initial Interaction
I0000061,C000033,2025-07-19,Website,Brochure Download,Always-on Web,Engaged Prospect
I0000034,C000034,2024-09-23,Website,Initial Visit,Always-on Web,Initial Interaction
I0000063,C000034,2024-10-02,Website,Callback Request,Always-on Web,Engaged Prospect
I0000035,C000035,2024-07-29,Website,Initial Visit,Always-on Web,Initial Interaction
I0000065,C000035,2024-08-04,Website,Configurator,Always-on Web,Engaged Prospect
I0000036,C000036,2025-08-28,Email,Initial Visit,CRM Nurture,Initial Interaction
I0000067,C000036,2025-09-06,Email,Callback Request,CRM Nurture,Engaged Prospect
I0000037,C000037,2024-11-05,Email,Initial Visit,CRM Nurture,Initial Interaction
I0000069,C000037,2024-11-13,Email,Brochure Download,CRM Nurture,Engaged Prospect
I0000038,C000038,2024-01-23,Website,Initial Visit,Always-on Web,Initial Interaction
I0000039,C000039,2025-05-17,Social Media,Initial Visit,Urban Mobility,Initial Interaction
I0000040,C000040,2024-08-31,Email,Initial Visit,CRM Nurture,Initial Interaction
I0000073,C000040,2024-09-12,Email,Brochure Download,CRM Nurture,Engaged Prospect
I0000041,C000041,2025-10-16,Referral,Initial Visit,Customer Referral,Initial Interaction
I0000042,C000042,2025-08-21,Website,Initial Visit,Always-on Web,Initial Interaction
I0000076,C000042,2025-08-30,Website,Configurator,Always-on Web,Engaged Prospect
I0000043,C000043,2024-03-14,Paid Search,Initial Visit,Commercial Intent,Initial Interaction
I0000078,C000043,2024-03-19,Paid Search,Configurator,Commercial Intent,Engaged Prospect
I0000044,C000044,2025-09-22,Paid Search,Initial Visit,Commercial Intent,Initial Interaction
I0000080,C000044,2025-09-30,Paid Search,Configurator,Commercial Intent,Engaged Prospect
I0000045,C000045,2025-10-26,Social Media,Initial Visit,Urban Mobility,Initial Interaction
I0000082,C000045,2025-11-07,Social Media,Callback Request,Urban Mobility,Engaged Prospect
I0000046,C000046,2025-06-13,Website,Initial Visit,Always-on Web,Initial Interaction
I0000047,C000047,2024-07-11,Website,Initial Visit,Always-on Web,Initial Interaction
I0000085,C000047,2024-07-23,Website,Configurator,Always-on Web,Engaged Prospect
I0000048,C000048,2025-04-13,Dealer Event,Initial Visit,Van Experience Days,Initial Interaction
I0000087,C000048,2025-04-16,Dealer Event,Callback Request,Van Experience Days,Engaged Prospect
I0000049,C000049,2025-08-30,Social Media,Initial Visit,Urban Mobility,Initial Interaction
I0000089,C000049,2025-09-08,Social Media,Configurator,Urban Mobility,Engaged Prospect
I0000050,C000050,2025-07-24,Website,Initial Visit,Always-on Web,Initial Interaction
I0000091,C000050,2025-07-25,Website,Event Registration,Always-on Web,Engaged Prospect
I0000051,C000051,2024-10-28,Paid Search,Initial Visit,Commercial Intent,Initial Interaction
I0000052,C000052,2025-05-10,Website,Initial Visit,Always-on Web,Initial Interaction
I0000094,C000052,2025-05-16,Website,Brochure Download,Always-on Web,Engaged Prospect
I0000053,C000053,2024-09-27,Paid Search,Initial Visit,Commercial Intent,Initial Interaction
I0000096,C000053,2024-10-02,Paid Search,Callback Request,Commercial Intent,Engaged Prospect
I0000054,C000054,2024-06-26,Paid Search,Initial Visit,Commercial Intent,Initial Interaction
I0000098,C000054,2024-07-09,Paid Search,Event Registration,Commercial Intent,Engaged Prospect
I0000055,C000055,2025-04-15,Website,Initial Visit,Always-on Web,Initial Interaction
I0000100,C000055,2025-04-17,Website,Callback Request,Always-on Web,Engaged Prospect
I0000056,C000056,2024-11-22,Website,Initial Visit,Always-on Web,Initial Interaction
I0000057,C000057,2024-06-06,Dealer Event,Initial Visit,Van Experience Days,Initial Interaction
I0000058,C000058,2025-04-07,Dealer Event,Initial Visit,Van Experience Days,Initial Interaction
I0000104,C000058,2025-04-13,Dealer Event,Configurator,Van Experience Days,Engaged Prospect
I0000059,C000059,2024-08-13,Website,Initial Visit,Always-on Web,Initial Interaction
I0000060,C000060,2025-02-15,Social Media,Initial Visit,Urban Mobility,Initial Interaction
I0000107,C000060,2025-02-23,Social Media,Configurator,Urban Mobility,Engaged Prospect
I0000061,C000061,2024-09-09,Website,Initial Visit,Always-on Web,Initial Interaction
I0000109,C000061,2024-09-21,Website,Configurator,Always-on Web,Engaged Prospect
I0000062,C000062,2025-09-11,Dealer Event,Initial Visit,Van Experience Days,Initial Interaction
I0000063,C000063,2025-08-18,Dealer Event,Initial Visit,Van Experience Days,Initial Interaction
I0000112,C000063,2025-08-28,Dealer Event,Callback Request,Van Experience Days,Engaged Prospect
I0000064,C000064,2024-11-27,Social Media,Initial Visit,Urban Mobility,Initial Interaction
I0000114,C000064,2024-12-06,Social Media,Event Registration,Urban Mobility,Engaged Prospect
I0000065,C000065,2025-05-12,Social Media,Initial Visit,Urban Mobility,Initial Interaction
I0000116,C000065,2025-05-17,Social Media,Callback Request,Urban Mobility,Engaged Prospect
I0000066,C000066,2024-05-04,Paid Search,Initial Visit,Commercial Intent,Initial Interaction
I0000067,C000067,2025-11-29,Website,Initial Visit,Always-on Web,Initial Interaction
I0000119,C000067,2025-12-11,Website,Callback Request,Always-on Web,Engaged Prospect
I0000068,C000068,2024-05-30,Social Media,Initial Visit,Urban Mobility,Initial Interaction
I0000121,C000068,2024-06-10,Social Media,Configurator,Urban Mobility,Engaged Prospect
I0000069,C000069,2025-08-29,Website,Initial Visit,Always-on Web,Initial Interaction
I0000070,C000070,2025-08-15,Email,Initial Visit,CRM Nurture,Initial Interaction
I0000124,C000070,2025-08-17,Email,Configurator,CRM Nurture,Engaged Prospect
I0000071,C000071,2024-05-04,Paid Search,Initial Visit,Commercial Intent,Initial Interaction
I0000072,C000072,2024-01-07,Website,Initial Visit,Always-on Web,Initial Interaction
I0000127,C000072,2024-01-17,Website,Configurator,Always-on Web,Engaged Prospect
I0000073,C000073,2025-05-30,Social Media,Initial Visit,Urban Mobility,Initial Interaction
I0000129,C000073,2025-06-11,Social Media,Configurator,Urban Mobility,Engaged Prospect
I0000074,C000074,2025-08-31,Dealer Event,Initial Visit,Van Experience Days,Initial Interaction
I0000131,C000074,2025-09-05,Dealer Event,Configurator,Van Experience Days,Engaged Prospect
I0000075,C000075,2025-05-16,Social Media,Initial Visit,Urban Mobility,Initial Interaction
I0000133,C000075,2025-05-30,Social Media,Event Registration,Urban Mobility,Engaged Prospect
I0000076,C000076,2024-02-08,Social Media,Initial Visit,Urban Mobility,Initial Interaction
I0000135,C000076,2024-02-17,Social Media,Configurator,Urban Mobility,Engaged Prospect
I0000077,C000077,2025-03-27,Dealer Event,Initial Visit,Van Experience Days,Initial Interaction
I0000137,C000077,2025-04-04,Dealer Event,Callback Request,Van Experience Days,Engaged Prospect
I0000078,C000078,2024-10-01,Website,Initial Visit,Always-on Web,Initial Interaction
I0000079,C000079,2025-10-02,Social Media,Initial Visit,Urban Mobility,Initial Interaction
I0000080,C000080,2025-07-14,Paid Search,Initial Visit,Commercial Intent,Initial Interaction
I0000141,C000080,2025-07-19,Paid Search,Callback Request,Commercial Intent,Engaged Prospect
I0000081,C000081,2025-07-13,Website,Initial Visit,Always-on Web,Initial Interaction
I0000143,C000081,2025-07-17,Website,Event Registration,Always-on Web,Engaged Prospect
I0000082,C000082,2024-10-12,Referral,Initial Visit,Customer Referral,Initial Interaction
I0000145,C000082,2024-10-15,Referral,Event Registration,Customer Referral,Engaged Prospect
I0000083,C000083,2024-08-13,Paid Search,Initial Visit,Commercial Intent,Initial Interaction
I0000147,C000083,2024-08-26,Paid Search,Event Registration,Commercial Intent,Engaged Prospect
I0000084,C000084,2025-07-29,Paid Search,Initial Visit,Commercial Intent,Initial Interaction
I0000149,C000084,2025-08-02,Paid Search,Configurator,Commercial Intent,Engaged Prospect
I0000085,C000085,2024-03-21,Website,Initial Visit,Always-on Web,Initial Interaction
I0000151,C000085,2024-03-22,Website,Event Registration,Always-on Web,Engaged Prospect
I0000086,C000086,2024-03-11,Referral,Initial Visit,Customer Referral,Initial Interaction
I0000153,C000086,2024-03-13,Referral,Configurator,Customer Referral,Engaged Prospect
I0000087,C000087,2024-02-13,Dealer Event,Initial Visit,Van Experience Days,Initial Interaction
I0000088,C000088,2024-12-24,Website,Initial Visit,Always-on Web,Initial Interaction
I0000156,C000088,2025-01-06,Website,Event Registration,Always-on Web,Engaged Prospect
I0000089,C000089,2024-02-22,Social Media,Initial Visit,Urban Mobility,Initial Interaction
I0000158,C000089,2024-03-05,Social Media,Event Registration,Urban Mobility,Engaged Prospect
I0000090,C000090,2025-02-11,Website,Initial Visit,Always-on Web,Initial Interaction
I0000160,C000090,2025-02-18,Website,Event Registration,Always-on Web,Engaged Prospect
I0000091,C000091,2024-04-27,Email,Initial Visit,CRM Nurture,Initial Interaction
I0000162,C000091,2024-05-06,Email,Configurator,CRM Nurture,Engaged Prospect
I0000092,C000092,2025-09-15,Paid Search,Initial Visit,Commercial Intent,Initial Interaction
I0000164,C000092,2025-09-25,Paid Search,Event Registration,Commercial Intent,Engaged Prospect
I0000093,C000093,2024-10-29,Website,Initial Visit,Always-on Web,Initial Interaction
I0000094,C000094,2024-03-06,Social Media,Initial Visit,Urban Mobility,Initial Interaction
I0000095,C000095,2025-04-30,Referral,Initial Visit,Customer Referral,Initial Interaction
I0000096,C000096,2024-08-25,Paid Search,Initial Visit,Commercial Intent,Initial Interaction
I0000169,C000096,2024-08-31,Paid Search,Callback Request,Commercial Intent,Engaged Prospect
I0000097,C000097,2024-07-02,Website,Initial Visit,Always-on Web,Initial Interaction
I0000171,C000097,2024-07-14,Website,Configurator,Always-on Web,Engaged Prospect
I0000098,C000098,2025-04-06,Referral,Initial Visit,Customer Referral,Initial Interaction
I0000173,C000098,2025-04-19,Referral,Configurator,Customer Referral,Engaged Prospect
I0000099,C000099,2025-10-30,Website,Initial Visit,Always-on Web,Initial Interaction
I0000175,C000099,2025-11-02,Website,Callback Request,Always-on Web,Engaged Prospect
I0000100,C000100,2025-11-16,Paid Search,Initial Visit,Commercial Intent,Initial Interaction
I0000101,C000101,2024-10-31,Social Media,Initial Visit,Urban Mobility,Initial Interaction
I0000178,C000101,2024-11-07,Social Media,Callback Request,Urban Mobility,Engaged Prospect
I0000102,C000102,2025-08-16,Website,Initial Visit,Always-on Web,Initial Interaction
I0000103,C000103,2024-05-26,Website,Initial Visit,Always-on Web,Initial Interaction
I0000181,C000103,2024-06-05,Website,Event Registration,Always-on Web,Engaged Prospect
I0000104,C000104,2025-08-15,Website,Initial Visit,Always-on Web,Initial Interaction
I0000105,C000105,2025-10-21,Website,Initial Visit,Always-on Web,Initial Interaction
I0000184,C000105,2025-11-02,Website,Callback Request,Always-on Web,Engaged Prospect
I0000106,C000106,2024-12-28,Social Media,Initial Visit,Urban Mobility,Initial Interaction
I0000186,C000106,2025-01-05,Social Media,Event Registration,Urban Mobility,Engaged Prospect
I0000107,C000107,2025-01-01,Dealer Event,Initial Visit,Van Experience Days,Initial Interaction
I0000188,C000107,2025-01-15,Dealer Event,Configurator,Van Experience Days,Engaged Prospect
I0000108,C000108,2025-01-30,Website,Initial Visit,Always-on Web,Initial Interaction
I0000190,C000108,2025-02-02,Website,Event Registration,Always-on Web,Engaged Prospect
I0000109,C000109,2024-02-21,Email,Initial Visit,CRM Nurture,Initial Interaction
I0000192,C000109,2024-03-01,Email,Configurator,CRM Nurture,Engaged Prospect
I0000110,C000110,2025-08-24,Paid Search,Initial Visit,Commercial Intent,Initial Interaction
I0000111,C000111,2025-05-31,Website,Initial Visit,Always-on Web,Initial Interaction
I0000195,C000111,2025-06-03,Website,Brochure Download,Always-on Web,Engaged Prospect
I0000112,C000112,2025-08-31,Social Media,Initial Visit,Urban Mobility,Initial Interaction
I0000197,C000112,2025-09-12,Social Media,Configurator,Urban Mobility,Engaged Prospect
I0000113,C000113,2024-03-21,Website,Initial Visit,Always-on Web,Initial Interaction
I0000199,C000113,2024-04-02,Website,Configurator,Always-on Web,Engaged Prospect
I0000114,C000114,2025-07-15,Social Media,Initial Visit,Urban Mobility,Initial Interaction
I0000201,C000114,2025-07-19,Social Media,Configurator,Urban Mobility,Engaged Prospect
I0000115,C000115,2024-09-10,Paid Search,Initial Visit,Commercial Intent,Initial Interaction
I0000203,C000115,2024-09-23,Paid Search,Brochure Download,Commercial Intent,Engaged Prospect
I0000116,C000116,2025-07-26,Email,Initial Visit,CRM Nurture,Initial Interaction
I0000205,C000116,2025-08-02,Email,Callback Request,CRM Nurture,Engaged Prospect
I0000117,C000117,2025-11-26,Referral,Initial Visit,Customer Referral,Initial Interaction
I0000207,C000117,2025-12-05,Referral,Configurator,Customer Referral,Engaged Prospect
I0000118,C000118,2025-09-07,Website,Initial Visit,Always-on Web,Initial Interaction
I0000119,C000119,2025-10-02,Referral,Initial Visit,Customer Referral,Initial Interaction
I0000120,C000120,2024-03-20,Website,Initial Visit,Always-on Web,Initial Interaction
I0000211,C000120,2024-03-31,Website,Configurator,Always-on Web,Engaged Prospect
I0000121,C000121,2024-08-18,Website,Initial Visit,Always-on Web,Initial Interaction
I0000122,C000122,2024-07-23,Website,Initial Visit,Always-on Web,Initial Interaction
I0000214,C000122,2024-08-03,Website,Brochure Download,Always-on Web,Engaged Prospect
I0000123,C000123,2024-12-25,Dealer Event,Initial Visit,Van Experience Days,Initial Interaction
I0000216,C000123,2025-01-07,Dealer Event,Configurator,Van Experience Days,Engaged Prospect
I0000124,C000124,2025-11-14,Email,Initial Visit,CRM Nurture,Initial Interaction
I0000218,C000124,2025-11-20,Email,Configurator,CRM Nurture,Engaged Prospect
I0000125,C000125,2025-04-25,Referral,Initial Visit,Customer Referral,Initial Interaction
I0000220,C000125,2025-04-30,Referral,Callback Request,Customer Referral,Engaged Prospect
I0000126,C000126,2025-01-16,Email,Initial Visit,CRM Nurture,Initial Interaction
I0000127,C000127,2025-07-17,Paid Search,Initial Visit,Commercial Intent,Initial Interaction
I0000223,C000127,2025-07-27,Paid Search,Event Registration,Commercial Intent,Engaged Prospect
I0000128,C000128,2024-05-03,Dealer Event,Initial Visit,Van Experience Days,Initial Interaction
I0000225,C000128,2024-05-12,Dealer Event,Event Registration,Van Experience Days,Engaged Prospect
I0000129,C000129,2025-04-07,Referral,Initial Visit,Customer Referral,Initial Interaction
I0000130,C000130,2024-12-18,Dealer Event,Initial Visit,Van Experience Days,Initial Interaction
I0000228,C000130,2025-01-01,Dealer Event,Brochure Download,Van Experience Days,Engaged Prospect
I0000131,C000131,2024-05-22,Social Media,Initial Visit,Urban Mobility,Initial Interaction
I0000132,C000132,2025-03-28,Dealer Event,Initial Visit,Van Experience Days,Initial Interaction
I0000231,C000132,2025-04-09,Dealer Event,Brochure Download,Van Experience Days,Engaged Prospect
I0000133,C000133,2025-08-11,Website,Initial Visit,Always-on Web,Initial Interaction
I0000134,C000134,2025-08-02,Referral,Initial Visit,Customer Referral,Initial Interaction
I0000135,C000135,2025-08-13,Referral,Initial Visit,Customer Referral,Initial Interaction
I0000235,C000135,2025-08-15,Referral,Brochure Download,Customer Referral,Engaged Prospect
I0000136,C000136,2025-07-22,Email,Initial Visit,CRM Nurture,Initial Interaction
I0000237,C000136,2025-07-31,Email,Configurator,CRM Nurture,Engaged Prospect
I0000137,C000137,2024-11-24,Website,Initial Visit,Always-on Web,Initial Interaction
I0000239,C000137,2024-11-26,Website,Callback Request,Always-on Web,Engaged Prospect
I0000138,C000138,2024-02-04,Website,Initial Visit,Always-on Web,Initial Interaction
I0000139,C000139,2025-11-06,Referral,Initial Visit,Customer Referral,Initial Interaction
I0000242,C000139,2025-11-09,Referral,Configurator,Customer Referral,Engaged Prospect
I0000140,C000140,2024-11-13,Dealer Event,Initial Visit,Van Experience Days,Initial Interaction
I0000244,C000140,2024-11-16,Dealer Event,Brochure Download,Van Experience Days,Engaged Prospect
I0000141,C000141,2025-03-18,Email,Initial Visit,CRM Nurture,Initial Interaction
I0000142,C000142,2024-01-15,Referral,Initial Visit,Customer Referral,Initial Interaction
I0000247,C000142,2024-01-19,Referral,Brochure Download,Customer Referral,Engaged Prospect
I0000143,C000143,2025-09-14,Social Media,Initial Visit,Urban Mobility,Initial Interaction
I0000249,C000143,2025-09-20,Social Media,Event Registration,Urban Mobility,Engaged Prospect
I0000144,C000144,2025-09-13,Dealer Event,Initial Visit,Van Experience Days,Initial Interaction
I0000251,C000144,2025-09-18,Dealer Event,Brochure Download,Van Experience Days,Engaged Prospect
I0000145,C000145,2025-10-11,Website,Initial Visit,Always-on Web,Initial Interaction
I0000146,C000146,2024-05-01,Website,Initial Visit,Always-on Web,Initial Interaction
I0000254,C000146,2024-05-05,Website,Brochure Download,Always-on Web,Engaged Prospect
I0000147,C000147,2025-08-13,Social Media,Initial Visit,Urban Mobility,Initial Interaction
I0000256,C000147,2025-08-27,Social Media,Configurator,Urban Mobility,Engaged Prospect
I0000148,C000148,2025-03-13,Paid Search,Initial Visit,Commercial Intent,Initial Interaction
I0000258,C000148,2025-03-15,Paid Search,Event Registration,Commercial Intent,Engaged Prospect
I0000149,C000149,2024-04-12,Paid Search,Initial Visit,Commercial Intent,Initial Interaction
I0000260,C000149,2024-04-24,Paid Search,Callback Request,Commercial Intent,Engaged Prospect
I0000150,C000150,2025-02-03,Dealer Event,Initial Visit,Van Experience Days,Initial Interaction
I0000262,C000150,2025-02-12,Dealer Event,Event Registration,Van Experience Days,Engaged Prospect
I0000151,C000151,2024-11-29,Website,Initial Visit,Always-on Web,Initial Interaction
I0000264,C000151,2024-12-03,Website,Configurator,Always-on Web,Engaged Prospect
I0000152,C000152,2025-03-13,Email,Initial Visit,CRM Nurture,Initial Interaction
I0000266,C000152,2025-03-25,Email,Event Registration,CRM Nurture,Engaged Prospect
I0000153,C000153,2024-02-28,Website,Initial Visit,Always-on Web,Initial Interaction
I0000268,C000153,2024-03-10,Website,Brochure Download,Always-on Web,Engaged Prospect
I0000154,C000154,2025-01-29,Dealer Event,Initial Visit,Van Experience Days,Initial Interaction
I0000270,C000154,2025-02-10,Dealer Event,Callback Request,Van Experience Days,Engaged Prospect
I0000155,C000155,2025-04-19,Website,Initial Visit,Always-on Web,Initial Interaction
I0000156,C000156,2025-05-15,Email,Initial Visit,CRM Nurture,Initial Interaction
I0000273,C000156,2025-05-20,Email,Configurator,CRM Nurture,Engaged Prospect
I0000157,C000157,2025-06-22,Social Media,Initial Visit,Urban Mobility,Initial Interaction
I0000275,C000157,2025-06-30,Social Media,Brochure Download,Urban Mobility,Engaged Prospect
I0000158,C000158,2025-03-14,Paid Search,Initial Visit,Commercial Intent,Initial Interaction
I0000277,C000158,2025-03-18,Paid Search,Callback Request,Commercial Intent,Engaged Prospect
I0000159,C000159,2025-05-05,Website,Initial Visit,Always-on Web,Initial Interaction
I0000279,C000159,2025-05-14,Website,Configurator,Always-on Web,Engaged Prospect
I0000160,C000160,2024-03-04,Website,Initial Visit,Always-on Web,Initial Interaction
I0000161,C000161,2025-07-12,Paid Search,Initial Visit,Commercial Intent,Initial Interaction
I0000282,C000161,2025-07-24,Paid Search,Configurator,Commercial Intent,Engaged Prospect
I0000162,C000162,2024-09-13,Website,Initial Visit,Always-on Web,Initial Interaction
I0000284,C000162,2024-09-25,Website,Brochure Download,Always-on Web,Engaged Prospect
I0000163,C000163,2025-01-18,Website,Initial Visit,Always-on Web,Initial Interaction
I0000286,C000163,2025-01-20,Website,Event Registration,Always-on Web,Engaged Prospect
I0000164,C000164,2025-01-17,Email,Initial Visit,CRM Nurture,Initial Interaction
I0000288,C000164,2025-01-30,Email,Brochure Download,CRM Nurture,Engaged Prospect
I0000165,C000165,2025-11-14,Website,Initial Visit,Always-on Web,Initial Interaction
I0000166,C000166,2024-08-15,Website,Initial Visit,Always-on Web,Initial Interaction
I0000291,C000166,2024-08-22,Website,Brochure Download,Always-on Web,Engaged Prospect
I0000167,C000167,2024-09-26,Paid Search,Initial Visit,Commercial Intent,Initial Interaction
I0000293,C000167,2024-10-03,Paid Search,Brochure Download,Commercial Intent,Engaged Prospect
I0000168,C000168,2025-06-16,Paid Search,Initial Visit,Commercial Intent,Initial Interaction
I0000295,C000168,2025-06-26,Paid Search,Event Registration,Commercial Intent,Engaged Prospect
I0000169,C000169,2025-03-20,Social Media,Initial Visit,Urban Mobility,Initial Interaction
I0000170,C000170,2024-08-10,Email,Initial Visit,CRM Nurture,Initial Interaction
I0000298,C000170,2024-08-22,Email,Configurator,CRM Nurture,Engaged Prospect
I0000171,C000171,2024-08-29,Social Media,Initial Visit,Urban Mobility,Initial Interaction
I0000300,C000171,2024-09-03,Social Media,Configurator,Urban Mobility,Engaged Prospect
I0000172,C000172,2025-08-03,Paid Search,Initial Visit,Commercial Intent,Initial Interaction
I0000173,C000173,2025-08-08,Paid Search,Initial Visit,Commercial Intent,Initial Interaction
I0000303,C000173,2025-08-18,Paid Search,Configurator,Commercial Intent,Engaged Prospect
I0000174,C000174,2024-04-12,Website,Initial Visit,Always-on Web,Initial Interaction
I0000175,C000175,2024-10-06,Email,Initial Visit,CRM Nurture,Initial Interaction
I0000176,C000176,2025-06-22,Paid Search,Initial Visit,Commercial Intent,Initial Interaction
I0000307,C000176,2025-07-02,Paid Search,Brochure Download,Commercial Intent,Engaged Prospect
I0000177,C000177,2024-03-24,Dealer Event,Initial Visit,Van Experience Days,Initial Interaction
I0000309,C000177,2024-03-29,Dealer Event,Event Registration,Van Experience Days,Engaged Prospect
I0000178,C000178,2024-05-08,Social Media,Initial Visit,Urban Mobility,Initial Interaction
I0000311,C000178,2024-05-20,Social Media,Configurator,Urban Mobility,Engaged Prospect
I0000179,C000179,2024-04-20,Social Media,Initial Visit,Urban Mobility,Initial Interaction
I0000313,C000179,2024-04-28,Social Media,Callback Request,Urban Mobility,Engaged Prospect
I0000180,C000180,2025-01-04,Social Media,Initial Visit,Urban Mobility,Initial Interaction
I0000181,C000181,2024-11-11,Referral,Initial Visit,Customer Referral,Initial Interaction
I0000182,C000182,2024-08-12,Paid Search,Initial Visit,Commercial Intent,Initial Interaction
I0000317,C000182,2024-08-18,Paid Search,Callback Request,Commercial Intent,Engaged Prospect
I0000183,C000183,2024-04-05,Paid Search,Initial Visit,Commercial Intent,Initial Interaction
I0000184,C000184,2025-03-22,Dealer Event,Initial Visit,Van Experience Days,Initial Interaction
I0000320,C000184,2025-03-30,Dealer Event,Brochure Download,Van Experience Days,Engaged Prospect
I0000185,C000185,2025-07-19,Social Media,Initial Visit,Urban Mobility,Initial Interaction
I0000322,C000185,2025-07-29,Social Media,Configurator,Urban Mobility,Engaged Prospect
I0000186,C000186,2024-05-28,Paid Search,Initial Visit,Commercial Intent,Initial Interaction
I0000324,C000186,2024-05-31,Paid Search,Configurator,Commercial Intent,Engaged Prospect
I0000187,C000187,2025-04-11,Website,Initial Visit,Always-on Web,Initial Interaction
I0000326,C000187,2025-04-15,Website,Brochure Download,Always-on Web,Engaged Prospect
I0000188,C000188,2025-07-10,Website,Initial Visit,Always-on Web,Initial Interaction
I0000328,C000188,2025-07-15,Website,Brochure Download,Always-on Web,Engaged Prospect
I0000189,C000189,2025-01-24,Dealer Event,Initial Visit,Van Experience Days,Initial Interaction
I0000190,C000190,2025-02-05,Website,Initial Visit,Always-on Web,Initial Interaction
I0000191,C000191,2024-04-26,Website,Initial Visit,Always-on Web,Initial Interaction
I0000192,C000192,2025-11-01,Website,Initial Visit,Always-on Web,Initial Interaction
I0000333,C000192,2025-11-08,Website,Configurator,Always-on Web,Engaged Prospect
I0000193,C000193,2025-10-31,Referral,Initial Visit,Customer Referral,Initial Interaction
I0000194,C000194,2025-05-13,Social Media,Initial Visit,Urban Mobility,Initial Interaction
I0000336,C000194,2025-05-23,Social Media,Brochure Download,Urban Mobility,Engaged Prospect
I0000195,C000195,2025-09-23,Paid Search,Initial Visit,Commercial Intent,Initial Interaction
I0000338,C000195,2025-09-24,Paid Search,Configurator,Commercial Intent,Engaged Prospect
I0000196,C000196,2025-03-01,Referral,Initial Visit,Customer Referral,Initial Interaction
I0000340,C000196,2025-03-08,Referral,Callback Request,Customer Referral,Engaged Prospect
I0000197,C000197,2025-04-07,Paid Search,Initial Visit,Commercial Intent,Initial Interaction
I0000342,C000197,2025-04-16,Paid Search,Callback Request,Commercial Intent,Engaged Prospect
I0000198,C000198,2025-08-03,Dealer Event,Initial Visit,Van Experience Days,Initial Interaction
I0000344,C000198,2025-08-12,Dealer Event,Configurator,Van Experience Days,Engaged Prospect
I0000199,C000199,2024-01-27,Email,Initial Visit,CRM Nurture,Initial Interaction
I0000346,C000199,2024-02-06,Email,Callback Request,CRM Nurture,Engaged Prospect
I0000200,C000200,2024-06-02,Paid Search,Initial Visit,Commercial Intent,Initial Interaction
I0000348,C000200,2024-06-13,Paid Search,Event Registration,Commercial Intent,Engaged Prospect
I0000201,C000201,2024-05-22,Dealer Event,Initial Visit,Van Experience Days,Initial Interaction
I0000350,C000201,2024-05-27,Dealer Event,Configurator,Van Experience Days,Engaged Prospect
I0000202,C000202,2025-03-18,Referral,Initial Visit,Customer Referral,Initial Interaction
I0000352,C000202,2025-03-29,Referral,Brochure Download,Customer Referral,Engaged Prospect
I0000203,C000203,2024-06-18,Website,Initial Visit,Always-on Web,Initial Interaction
I0000354,C000203,2024-06-25,Website,Configurator,Always-on Web,Engaged Prospect
I0000204,C000204,2024-09-30,Website,Initial Visit,Always-on Web,Initial Interaction
I0000205,C000205,2024-12-11,Dealer Event,Initial Visit,Van Experience Days,Initial Interaction
I0000206,C000206,2025-06-04,Paid Search,Initial Visit,Commercial Intent,Initial Interaction
I0000358,C000206,2025-06-09,Paid Search,Brochure Download,Commercial Intent,Engaged Prospect
I0000207,C000207,2024-12-28,Social Media,Initial Visit,Urban Mobility,Initial Interaction
I0000208,C000208,2024-01-18,Website,Initial Visit,Always-on Web,Initial Interaction
I0000361,C000208,2024-02-01,Website,Event Registration,Always-on Web,Engaged Prospect
I0000209,C000209,2025-04-25,Dealer Event,Initial Visit,Van Experience Days,Initial Interaction
I0000363,C000209,2025-05-01,Dealer Event,Callback Request,Van Experience Days,Engaged Prospect
I0000210,C000210,2024-10-26,Email,Initial Visit,CRM Nurture,Initial Interaction
I0000211,C000211,2024-03-20,Referral,Initial Visit,Customer Referral,Initial Interaction
I0000366,C000211,2024-03-28,Referral,Brochure Download,Customer Referral,Engaged Prospect
I0000212,C000212,2025-04-01,Paid Search,Initial Visit,Commercial Intent,Initial Interaction
I0000368,C000212,2025-04-15,Paid Search,Configurator,Commercial Intent,Engaged Prospect
I0000213,C000213,2024-07-08,Referral,Initial Visit,Customer Referral,Initial Interaction
I0000370,C000213,2024-07-17,Referral,Configurator,Customer Referral,Engaged Prospect
I0000214,C000214,2024-11-18,Social Media,Initial Visit,Urban Mobility,Initial Interaction
I0000372,C000214,2024-11-20,Social Media,Callback Request,Urban Mobility,Engaged Prospect
I0000215,C000215,2025-11-08,Social Media,Initial Visit,Urban Mobility,Initial Interaction
I0000374,C000215,2025-11-18,Social Media,Configurator,Urban Mobility,Engaged Prospect
I0000216,C000216,2024-06-15,Email,Initial Visit,CRM Nurture,Initial Interaction
I0000217,C000217,2025-09-11,Paid Search,Initial Visit,Commercial Intent,Initial Interaction
I0000377,C000217,2025-09-14,Paid Search,Brochure Download,Commercial Intent,Engaged Prospect
I0000218,C000218,2024-11-21,Social Media,Initial Visit,Urban Mobility,Initial Interaction
I0000379,C000218,2024-11-30,Social Media,Event Registration,Urban Mobility,Engaged Prospect
I0000219,C000219,2025-10-14,Website,Initial Visit,Always-on Web,Initial Interaction
I0000381,C000219,2025-10-26,Website,Callback Request,Always-on Web,Engaged Prospect
I0000220,C000220,2025-08-17,Paid Search,Initial Visit,Commercial Intent,Initial Interaction
I0000383,C000220,2025-08-30,Paid Search,Brochure Download,Commercial Intent,Engaged Prospect
I0000221,C000221,2025-08-05,Email,Initial Visit,CRM Nurture,Initial Interaction
I0000385,C000221,2025-08-16,Email,Brochure Download,CRM Nurture,Engaged Prospect
I0000222,C000222,2024-05-24,Website,Initial Visit,Always-on Web,Initial Interaction
I0000387,C000222,2024-06-06,Website,Callback Request,Always-on Web,Engaged Prospect
I0000223,C000223,2025-07-07,Email,Initial Visit,CRM Nurture,Initial Interaction
I0000389,C000223,2025-07-12,Email,Callback Request,CRM Nurture,Engaged Prospect
I0000224,C000224,2024-09-14,Paid Search,Initial Visit,Commercial Intent,Initial Interaction
I0000225,C000225,2025-09-29,Website,Initial Visit,Always-on Web,Initial Interaction
I0000226,C000226,2025-11-24,Email,Initial Visit,CRM Nurture,Initial Interaction
I0000393,C000226,2025-12-06,Email,Configurator,CRM Nurture,Engaged Prospect
I0000227,C000227,2025-03-04,Website,Initial Visit,Always-on Web,Initial Interaction
I0000395,C000227,2025-03-14,Website,Callback Request,Always-on Web,Engaged Prospect
I0000228,C000228,2025-09-30,Referral,Initial Visit,Customer Referral,Initial Interaction
I0000229,C000229,2025-01-08,Referral,Initial Visit,Customer Referral,Initial Interaction
I0000398,C000229,2025-01-11,Referral,Brochure Download,Customer Referral,Engaged Prospect
I0000230,C000230,2024-01-24,Paid Search,Initial Visit,Commercial Intent,Initial Interaction
I0000400,C000230,2024-02-03,Paid Search,Callback Request,Commercial Intent,Engaged Prospect
I0000231,C000231,2025-09-03,Paid Search,Initial Visit,Commercial Intent,Initial Interaction
I0000402,C000231,2025-09-05,Paid Search,Event Registration,Commercial Intent,Engaged Prospect
I0000232,C000232,2025-01-06,Website,Initial Visit,Always-on Web,Initial Interaction
I0000404,C000232,2025-01-20,Website,Configurator,Always-on Web,Engaged Prospect
I0000233,C000233,2024-01-31,Dealer Event,Initial Visit,Van Experience Days,Initial Interaction
I0000234,C000234,2024-02-15,Website,Initial Visit,Always-on Web,Initial Interaction
I0000407,C000234,2024-02-26,Website,Brochure Download,Always-on Web,Engaged Prospect
I0000235,C000235,2025-05-21,Referral,Initial Visit,Customer Referral,Initial Interaction
I0000409,C000235,2025-05-30,Referral,Event Registration,Customer Referral,Engaged Prospect
I0000236,C000236,2025-10-08,Referral,Initial Visit,Customer Referral,Initial Interaction
I0000411,C000236,2025-10-09,Referral,Callback Request,Customer Referral,Engaged Prospect
I0000237,C000237,2025-05-03,Website,Initial Visit,Always-on Web,Initial Interaction
I0000413,C000237,2025-05-12,Website,Callback Request,Always-on Web,Engaged Prospect
I0000238,C000238,2024-11-05,Email,Initial Visit,CRM Nurture,Initial Interaction
I0000415,C000238,2024-11-14,Email,Configurator,CRM Nurture,Engaged Prospect
I0000239,C000239,2024-08-02,Paid Search,Initial Visit,Commercial Intent,Initial Interaction
I0000417,C000239,2024-08-07,Paid Search,Event Registration,Commercial Intent,Engaged Prospect
I0000240,C000240,2024-10-19,Social Media,Initial Visit,Urban Mobility,Initial Interaction
I0000419,C000240,2024-10-31,Social Media,Callback Request,Urban Mobility,Engaged Prospect
I0000241,C000241,2024-08-13,Website,Initial Visit,Always-on Web,Initial Interaction
I0000421,C000241,2024-08-14,Website,Brochure Download,Always-on Web,Engaged Prospect
I0000242,C000242,2024-07-10,Email,Initial Visit,CRM Nurture,Initial Interaction
I0000243,C000243,2024-03-30,Website,Initial Visit,Always-on Web,Initial Interaction
I0000424,C000243,2024-04-04,Website,Brochure Download,Always-on Web,Engaged Prospect
I0000244,C000244,2025-02-02,Dealer Event,Initial Visit,Van Experience Days,Initial Interaction
I0000245,C000245,2024-06-01,Paid Search,Initial Visit,Commercial Intent,Initial Interaction
I0000246,C000246,2024-04-11,Social Media,Initial Visit,Urban Mobility,Initial Interaction
I0000428,C000246,2024-04-19,Social Media,Event Registration,Urban Mobility,Engaged Prospect
I0000247,C000247,2024-07-12,Referral,Initial Visit,Customer Referral,Initial Interaction
I0000430,C000247,2024-07-19,Referral,Configurator,Customer Referral,Engaged Prospect
I0000248,C000248,2025-07-13,Email,Initial Visit,CRM Nurture,Initial Interaction
I0000249,C000249,2025-02-05,Social Media,Initial Visit,Urban Mobility,Initial Interaction
I0000433,C000249,2025-02-14,Social Media,Brochure Download,Urban Mobility,Engaged Prospect
I0000250,C000250,2024-12-09,Paid Search,Initial Visit,Commercial Intent,Initial Interaction
I0000435,C000250,2024-12-23,Paid Search,Callback Request,Commercial Intent,Engaged Prospect
I0000251,C000251,2025-02-18,Paid Search,Initial Visit,Commercial Intent,Initial Interaction
I0000437,C000251,2025-03-04,Paid Search,Event Registration,Commercial Intent,Engaged Prospect
I0000252,C000252,2025-01-31,Paid Search,Initial Visit,Commercial Intent,Initial Interaction
I0000439,C000252,2025-02-03,Paid Search,Callback Request,Commercial Intent,Engaged Prospect
I0000253,C000253,2024-12-14,Referral,Initial Visit,Customer Referral,Initial Interaction
I0000254,C000254,2025-08-11,Website,Initial Visit,Always-on Web,Initial Interaction
I0000442,C000254,2025-08-16,Website,Callback Request,Always-on Web,Engaged Prospect
I0000255,C000255,2025-05-26,Paid Search,Initial Visit,Commercial Intent,Initial Interaction
I0000444,C000255,2025-05-29,Paid Search,Configurator,Commercial Intent,Engaged Prospect
I0000256,C000256,2024-05-09,Dealer Event,Initial Visit,Van Experience Days,Initial Interaction
I0000446,C000256,2024-05-23,Dealer Event,Brochure Download,Van Experience Days,Engaged Prospect
I0000257,C000257,2025-07-26,Paid Search,Initial Visit,Commercial Intent,Initial Interaction
I0000448,C000257,2025-08-05,Paid Search,Callback Request,Commercial Intent,Engaged Prospect
I0000258,C000258,2024-05-02,Dealer Event,Initial Visit,Van Experience Days,Initial Interaction
I0000450,C000258,2024-05-12,Dealer Event,Callback Request,Van Experience Days,Engaged Prospect
I0000259,C000259,2024-02-24,Website,Initial Visit,Always-on Web,Initial Interaction
I0000452,C000259,2024-02-26,Website,Configurator,Always-on Web,Engaged Prospect
I0000260,C000260,2024-10-21,Website,Initial Visit,Always-on Web,Initial Interaction
I0000454,C000260,2024-10-26,Website,Callback Request,Always-on Web,Engaged Prospect
I0000261,C000261,2024-10-01,Social Media,Initial Visit,Urban Mobility,Initial Interaction
I0000456,C000261,2024-10-10,Social Media,Event Registration,Urban Mobility,Engaged Prospect
I0000262,C000262,2025-07-04,Social Media,Initial Visit,Urban Mobility,Initial Interaction
I0000458,C000262,2025-07-09,Social Media,Configurator,Urban Mobility,Engaged Prospect
I0000263,C000263,2025-05-01,Referral,Initial Visit,Customer Referral,Initial Interaction
I0000264,C000264,2024-02-10,Paid Search,Initial Visit,Commercial Intent,Initial Interaction
I0000265,C000265,2024-12-15,Website,Initial Visit,Always-on Web,Initial Interaction
I0000462,C000265,2024-12-21,Website,Callback Request,Always-on Web,Engaged Prospect
I0000266,C000266,2025-07-10,Paid Search,Initial Visit,Commercial Intent,Initial Interaction
I0000464,C000266,2025-07-18,Paid Search,Configurator,Commercial Intent,Engaged Prospect
I0000267,C000267,2025-05-28,Paid Search,Initial Visit,Commercial Intent,Initial Interaction
I0000466,C000267,2025-06-03,Paid Search,Event Registration,Commercial Intent,Engaged Prospect
I0000268,C000268,2024-12-16,Social Media,Initial Visit,Urban Mobility,Initial Interaction
I0000468,C000268,2024-12-18,Social Media,Configurator,Urban Mobility,Engaged Prospect
I0000269,C000269,2025-03-07,Website,Initial Visit,Always-on Web,Initial Interaction
I0000270,C000270,2025-01-28,Social Media,Initial Visit,Urban Mobility,Initial Interaction
I0000471,C000270,2025-01-31,Social Media,Brochure Download,Urban Mobility,Engaged Prospect
I0000271,C000271,2024-06-10,Referral,Initial Visit,Customer Referral,Initial Interaction
I0000272,C000272,2025-01-30,Paid Search,Initial Visit,Commercial Intent,Initial Interaction
I0000474,C000272,2025-02-12,Paid Search,Event Registration,Commercial Intent,Engaged Prospect
I0000273,C000273,2025-04-17,Email,Initial Visit,CRM Nurture,Initial Interaction
I0000476,C000273,2025-04-26,Email,Configurator,CRM Nurture,Engaged Prospect
I0000274,C000274,2024-02-09,Website,Initial Visit,Always-on Web,Initial Interaction
I0000275,C000275,2025-05-01,Dealer Event,Initial Visit,Van Experience Days,Initial Interaction
I0000479,C000275,2025-05-10,Dealer Event,Event Registration,Van Experience Days,Engaged Prospect
I0000276,C000276,2024-06-23,Website,Initial Visit,Always-on Web,Initial Interaction
I0000481,C000276,2024-06-24,Website,Event Registration,Always-on Web,Engaged Prospect
I0000277,C000277,2024-01-06,Social Media,Initial Visit,Urban Mobility,Initial Interaction
I0000483,C000277,2024-01-10,Social Media,Brochure Download,Urban Mobility,Engaged Prospect
I0000278,C000278,2025-06-12,Paid Search,Initial Visit,Commercial Intent,Initial Interaction
I0000279,C000279,2024-09-29,Website,Initial Visit,Always-on Web,Initial Interaction
I0000486,C000279,2024-10-10,Website,Configurator,Always-on Web,Engaged Prospect
I0000280,C000280,2024-10-15,Paid Search,Initial Visit,Commercial Intent,Initial Interaction
I0000488,C000280,2024-10-29,Paid Search,Configurator,Commercial Intent,Engaged Prospect
I0000281,C000281,2025-03-13,Website,Initial Visit,Always-on Web,Initial Interaction
I0000490,C000281,2025-03-14,Website,Brochure Download,Always-on Web,Engaged Prospect
I0000282,C000282,2025-01-27,Dealer Event,Initial Visit,Van Experience Days,Initial Interaction
I0000492,C000282,2025-01-30,Dealer Event,Configurator,Van Experience Days,Engaged Prospect
I0000283,C000283,2025-03-10,Website,Initial Visit,Always-on Web,Initial Interaction
I0000494,C000283,2025-03-21,Website,Callback Request,Always-on Web,Engaged Prospect
I0000284,C000284,2025-10-23,Referral,Initial Visit,Customer Referral,Initial Interaction
I0000496,C000284,2025-10-29,Referral,Callback Request,Customer Referral,Engaged Prospect
I0000285,C000285,2025-03-31,Social Media,Initial Visit,Urban Mobility,Initial Interaction
I0000498,C000285,2025-04-06,Social Media,Configurator,Urban Mobility,Engaged Prospect
I0000286,C000286,2024-02-02,Website,Initial Visit,Always-on Web,Initial Interaction
I0000500,C000286,2024-02-03,Website,Configurator,Always-on Web,Engaged Prospect
I0000287,C000287,2024-06-04,Paid Search,Initial Visit,Commercial Intent,Initial Interaction
I0000502,C000287,2024-06-17,Paid Search,Configurator,Commercial Intent,Engaged Prospect
I0000288,C000288,2024-11-10,Website,Initial Visit,Always-on Web,Initial Interaction
I0000504,C000288,2024-11-11,Website,Event Registration,Always-on Web,Engaged Prospect
I0000289,C000289,2024-11-26,Dealer Event,Initial Visit,Van Experience Days,Initial Interaction
I0000290,C000290,2024-09-09,Website,Initial Visit,Always-on Web,Initial Interaction
I0000291,C000291,2024-05-09,Dealer Event,Initial Visit,Van Experience Days,Initial Interaction
I0000292,C000292,2024-03-15,Website,Initial Visit,Always-on Web,Initial Interaction
I0000293,C000293,2024-04-11,Paid Search,Initial Visit,Commercial Intent,Initial Interaction
I0000510,C000293,2024-04-24,Paid Search,Event Registration,Commercial Intent,Engaged Prospect
I0000294,C000294,2025-10-27,Website,Initial Visit,Always-on Web,Initial Interaction
I0000512,C000294,2025-10-30,Website,Event Registration,Always-on Web,Engaged Prospect
I0000295,C000295,2024-10-03,Email,Initial Visit,CRM Nurture,Initial Interaction
I0000514,C000295,2024-10-10,Email,Brochure Download,CRM Nurture,Engaged Prospect
I0000296,C000296,2025-11-04,Social Media,Initial Visit,Urban Mobility,Initial Interaction
I0000516,C000296,2025-11-11,Social Media,Callback Request,Urban Mobility,Engaged Prospect
I0000297,C000297,2024-08-22,Referral,Initial Visit,Customer Referral,Initial Interaction
I0000518,C000297,2024-09-04,Referral,Brochure Download,Customer Referral,Engaged Prospect
I0000298,C000298,2024-08-06,Paid Search,Initial Visit,Commercial Intent,Initial Interaction
I0000520,C000298,2024-08-10,Paid Search,Brochure Download,Commercial Intent,Engaged Prospect
I0000299,C000299,2024-12-08,Website,Initial Visit,Always-on Web,Initial Interaction
I0000522,C000299,2024-12-13,Website,Configurator,Always-on Web,Engaged Prospect
I0000300,C000300,2025-10-24,Email,Initial Visit,CRM Nurture,Initial Interaction
I0000524,C000300,2025-10-26,Email,Event Registration,CRM Nurture,Engaged Prospect
I0000301,C000301,2025-01-29,Social Media,Initial Visit,Urban Mobility,Initial Interaction
I0000526,C000301,2025-02-04,Social Media,Event Registration,Urban Mobility,Engaged Prospect
I0000302,C000302,2024-01-25,Dealer Event,Initial Visit,Van Experience Days,Initial Interaction
I0000528,C000302,2024-01-31,Dealer Event,Event Registration,Van Experience Days,Engaged Prospect
I0000303,C000303,2024-07-09,Paid Search,Initial Visit,Commercial Intent,Initial Interaction
I0000530,C000303,2024-07-20,Paid Search,Event Registration,Commercial Intent,Engaged Prospect
I0000304,C000304,2025-11-17,Email,Initial Visit,CRM Nurture,Initial Interaction
I0000532,C000304,2025-11-20,Email,Brochure Download,CRM Nurture,Engaged Prospect
I0000305,C000305,2024-04-18,Website,Initial Visit,Always-on Web,Initial Interaction
I0000534,C000305,2024-04-21,Website,Brochure Download,Always-on Web,Engaged Prospect
I0000306,C000306,2025-08-08,Referral,Initial Visit,Customer Referral,Initial Interaction
I0000307,C000307,2025-10-12,Website,Initial Visit,Always-on Web,Initial Interaction
I0000537,C000307,2025-10-20,Website,Event Registration,Always-on Web,Engaged Prospect
I0000308,C000308,2024-05-30,Dealer Event,Initial Visit,Van Experience Days,Initial Interaction
I0000539,C000308,2024-06-01,Dealer Event,Configurator,Van Experience Days,Engaged Prospect
I0000309,C000309,2025-01-26,Website,Initial Visit,Always-on Web,Initial Interaction
I0000541,C000309,2025-02-01,Website,Event Registration,Always-on Web,Engaged Prospect
I0000310,C000310,2025-02-23,Dealer Event,Initial Visit,Van Experience Days,Initial Interaction
I0000311,C000311,2025-07-09,Dealer Event,Initial Visit,Van Experience Days,Initial Interaction
I0000544,C000311,2025-07-16,Dealer Event,Event Registration,Van Experience Days,Engaged Prospect
I0000312,C000312,2025-07-12,Dealer Event,Initial Visit,Van Experience Days,Initial Interaction
I0000546,C000312,2025-07-22,Dealer Event,Event Registration,Van Experience Days,Engaged Prospect
I0000313,C000313,2024-02-12,Paid Search,Initial Visit,Commercial Intent,Initial Interaction
I0000548,C000313,2024-02-21,Paid Search,Configurator,Commercial Intent,Engaged Prospect
I0000314,C000314,2024-08-11,Paid Search,Initial Visit,Commercial Intent,Initial Interaction
I0000315,C000315,2025-10-20,Dealer Event,Initial Visit,Van Experience Days,Initial Interaction
I0000551,C000315,2025-10-29,Dealer Event,Callback Request,Van Experience Days,Engaged Prospect
I0000316,C000316,2024-09-04,Social Media,Initial Visit,Urban Mobility,Initial Interaction
I0000553,C000316,2024-09-09,Social Media,Configurator,Urban Mobility,Engaged Prospect
I0000317,C000317,2024-06-21,Social Media,Initial Visit,Urban Mobility,Initial Interaction
I0000555,C000317,2024-06-28,Social Media,Brochure Download,Urban Mobility,Engaged Prospect
I0000318,C000318,2025-03-16,Website,Initial Visit,Always-on Web,Initial Interaction
I0000557,C000318,2025-03-27,Website,Brochure Download,Always-on Web,Engaged Prospect
I0000319,C000319,2024-05-16,Paid Search,Initial Visit,Commercial Intent,Initial Interaction
I0000559,C000319,2024-05-26,Paid Search,Configurator,Commercial Intent,Engaged Prospect
I0000320,C000320,2024-04-12,Paid Search,Initial Visit,Commercial Intent,Initial Interaction
I0000561,C000320,2024-04-25,Paid Search,Callback Request,Commercial Intent,Engaged Prospect
I0000321,C000321,2025-07-12,Email,Initial Visit,CRM Nurture,Initial Interaction
I0000563,C000321,2025-07-20,Email,Event Registration,CRM Nurture,Engaged Prospect
I0000322,C000322,2024-03-23,Website,Initial Visit,Always-on Web,Initial Interaction
I0000565,C000322,2024-03-30,Website,Event Registration,Always-on Web,Engaged Prospect
I0000323,C000323,2025-09-15,Paid Search,Initial Visit,Commercial Intent,Initial Interaction
I0000567,C000323,2025-09-24,Paid Search,Callback Request,Commercial Intent,Engaged Prospect
I0000324,C000324,2024-06-23,Dealer Event,Initial Visit,Van Experience Days,Initial Interaction
I0000569,C000324,2024-06-26,Dealer Event,Event Registration,Van Experience Days,Engaged Prospect
I0000325,C000325,2024-03-15,Social Media,Initial Visit,Urban Mobility,Initial Interaction
I0000571,C000325,2024-03-26,Social Media,Brochure Download,Urban Mobility,Engaged Prospect
I0000326,C000326,2025-06-02,Dealer Event,Initial Visit,Van Experience Days,Initial Interaction
I0000327,C000327,2024-05-03,Website,Initial Visit,Always-on Web,Initial Interaction
I0000328,C000328,2024-09-13,Paid Search,Initial Visit,Commercial Intent,Initial Interaction
I0000575,C000328,2024-09-19,Paid Search,Brochure Download,Commercial Intent,Engaged Prospect
I0000329,C000329,2024-09-02,Social Media,Initial Visit,Urban Mobility,Initial Interaction
I0000577,C000329,2024-09-11,Social Media,Configurator,Urban Mobility,Engaged Prospect
I0000330,C000330,2024-12-21,Paid Search,Initial Visit,Commercial Intent,Initial Interaction
I0000331,C000331,2024-11-27,Email,Initial Visit,CRM Nurture,Initial Interaction
I0000580,C000331,2024-11-30,Email,Callback Request,CRM Nurture,Engaged Prospect
I0000332,C000332,2024-05-16,Website,Initial Visit,Always-on Web,Initial Interaction
I0000582,C000332,2024-05-18,Website,Brochure Download,Always-on Web,Engaged Prospect
I0000333,C000333,2024-06-13,Social Media,Initial Visit,Urban Mobility,Initial Interaction
I0000584,C000333,2024-06-24,Social Media,Brochure Download,Urban Mobility,Engaged Prospect
I0000334,C000334,2024-05-15,Website,Initial Visit,Always-on Web,Initial Interaction
I0000586,C000334,2024-05-27,Website,Callback Request,Always-on Web,Engaged Prospect
I0000335,C000335,2024-02-08,Social Media,Initial Visit,Urban Mobility,Initial Interaction
I0000588,C000335,2024-02-13,Social Media,Configurator,Urban Mobility,Engaged Prospect
I0000336,C000336,2025-03-31,Dealer Event,Initial Visit,Van Experience Days,Initial Interaction
I0000590,C000336,2025-04-04,Dealer Event,Configurator,Van Experience Days,Engaged Prospect
I0000337,C000337,2024-11-25,Website,Initial Visit,Always-on Web,Initial Interaction
I0000592,C000337,2024-12-08,Website,Brochure Download,Always-on Web,Engaged Prospect
I0000338,C000338,2024-03-16,Paid Search,Initial Visit,Commercial Intent,Initial Interaction
I0000594,C000338,2024-03-17,Paid Search,Event Registration,Commercial Intent,Engaged Prospect
I0000339,C000339,2024-08-19,Social Media,Initial Visit,Urban Mobility,Initial Interaction
I0000596,C000339,2024-09-01,Social Media,Brochure Download,Urban Mobility,Engaged Prospect
I0000340,C000340,2025-04-12,Email,Initial Visit,CRM Nurture,Initial Interaction
I0000598,C000340,2025-04-20,Email,Callback Request,CRM Nurture,Engaged Prospect
I0000341,C000341,2024-07-18,Website,Initial Visit,Always-on Web,Initial Interaction
I0000600,C000341,2024-07-30,Website,Configurator,Always-on Web,Engaged Prospect
I0000342,C000342,2024-10-07,Paid Search,Initial Visit,Commercial Intent,Initial Interaction
I0000602,C000342,2024-10-14,Paid Search,Event Registration,Commercial Intent,Engaged Prospect
I0000343,C000343,2025-06-04,Dealer Event,Initial Visit,Van Experience Days,Initial Interaction
I0000604,C000343,2025-06-06,Dealer Event,Configurator,Van Experience Days,Engaged Prospect
I0000344,C000344,2025-04-14,Social Media,Initial Visit,Urban Mobility,Initial Interaction
I0000606,C000344,2025-04-23,Social Media,Configurator,Urban Mobility,Engaged Prospect
I0000345,C000345,2025-05-05,Email,Initial Visit,CRM Nurture,Initial Interaction
I0000608,C000345,2025-05-08,Email,Brochure Download,CRM Nurture,Engaged Prospect
I0000346,C000346,2024-09-24,Paid Search,Initial Visit,Commercial Intent,Initial Interaction
I0000610,C000346,2024-10-04,Paid Search,Callback Request,Commercial Intent,Engaged Prospect
I0000347,C000347,2024-12-04,Referral,Initial Visit,Customer Referral,Initial Interaction
I0000612,C000347,2024-12-12,Referral,Callback Request,Customer Referral,Engaged Prospect
I0000348,C000348,2025-08-15,Website,Initial Visit,Always-on Web,Initial Interaction
I0000614,C000348,2025-08-16,Website,Callback Request,Always-on Web,Engaged Prospect
I0000349,C000349,2025-09-02,Website,Initial Visit,Always-on Web,Initial Interaction
I0000350,C000350,2024-02-08,Social Media,Initial Visit,Urban Mobility,Initial Interaction
I0000617,C000350,2024-02-15,Social Media,Brochure Download,Urban Mobility,Engaged Prospect
I0000351,C000351,2025-08-09,Paid Search,Initial Visit,Commercial Intent,Initial Interaction
I0000619,C000351,2025-08-11,Paid Search,Event Registration,Commercial Intent,Engaged Prospect
I0000352,C000352,2025-09-17,Social Media,Initial Visit,Urban Mobility,Initial Interaction
I0000621,C000352,2025-09-23,Social Media,Event Registration,Urban Mobility,Engaged Prospect
I0000353,C000353,2025-10-21,Website,Initial Visit,Always-on Web,Initial Interaction
I0000623,C000353,2025-10-22,Website,Callback Request,Always-on Web,Engaged Prospect
I0000354,C000354,2024-07-07,Website,Initial Visit,Always-on Web,Initial Interaction
I0000625,C000354,2024-07-08,Website,Event Registration,Always-on Web,Engaged Prospect
I0000355,C000355,2024-12-16,Email,Initial Visit,CRM Nurture,Initial Interaction
I0000356,C000356,2024-01-30,Paid Search,Initial Visit,Commercial Intent,Initial Interaction
I0000628,C000356,2024-02-05,Paid Search,Event Registration,Commercial Intent,Engaged Prospect
I0000357,C000357,2024-03-17,Email,Initial Visit,CRM Nurture,Initial Interaction
I0000358,C000358,2025-01-28,Social Media,Initial Visit,Urban Mobility,Initial Interaction
I0000631,C000358,2025-02-11,Social Media,Callback Request,Urban Mobility,Engaged Prospect
I0000359,C000359,2024-05-24,Website,Initial Visit,Always-on Web,Initial Interaction
I0000633,C000359,2024-05-25,Website,Brochure Download,Always-on Web,Engaged Prospect
I0000360,C000360,2024-06-06,Email,Initial Visit,CRM Nurture,Initial Interaction
I0000635,C000360,2024-06-16,Email,Configurator,CRM Nurture,Engaged Prospect
I0000361,C000361,2024-07-26,Dealer Event,Initial Visit,Van Experience Days,Initial Interaction
I0000637,C000361,2024-08-03,Dealer Event,Callback Request,Van Experience Days,Engaged Prospect
I0000362,C000362,2024-11-17,Dealer Event,Initial Visit,Van Experience Days,Initial Interaction
I0000639,C000362,2024-11-18,Dealer Event,Configurator,Van Experience Days,Engaged Prospect
I0000363,C000363,2024-04-17,Website,Initial Visit,Always-on Web,Initial Interaction
I0000641,C000363,2024-04-29,Website,Event Registration,Always-on Web,Engaged Prospect
I0000364,C000364,2025-07-15,Social Media,Initial Visit,Urban Mobility,Initial Interaction
I0000365,C000365,2025-04-12,Referral,Initial Visit,Customer Referral,Initial Interaction
I0000366,C000366,2025-07-08,Social Media,Initial Visit,Urban Mobility,Initial Interaction
I0000645,C000366,2025-07-21,Social Media,Configurator,Urban Mobility,Engaged Prospect
I0000367,C000367,2025-10-10,Paid Search,Initial Visit,Commercial Intent,Initial Interaction
I0000647,C000367,2025-10-18,Paid Search,Event Registration,Commercial Intent,Engaged Prospect
I0000368,C000368,2025-02-24,Website,Initial Visit,Always-on Web,Initial Interaction
I0000649,C000368,2025-03-07,Website,Callback Request,Always-on Web,Engaged Prospect
I0000369,C000369,2024-09-10,Email,Initial Visit,CRM Nurture,Initial Interaction
I0000370,C000370,2025-11-15,Dealer Event,Initial Visit,Van Experience Days,Initial Interaction
I0000652,C000370,2025-11-21,Dealer Event,Event Registration,Van Experience Days,Engaged Prospect
I0000371,C000371,2025-01-31,Referral,Initial Visit,Customer Referral,Initial Interaction
I0000372,C000372,2024-11-20,Referral,Initial Visit,Customer Referral,Initial Interaction
I0000655,C000372,2024-11-25,Referral,Event Registration,Customer Referral,Engaged Prospect
I0000373,C000373,2024-10-18,Paid Search,Initial Visit,Commercial Intent,Initial Interaction
I0000657,C000373,2024-10-31,Paid Search,Configurator,Commercial Intent,Engaged Prospect
I0000374,C000374,2024-01-28,Social Media,Initial Visit,Urban Mobility,Initial Interaction
I0000659,C000374,2024-01-29,Social Media,Brochure Download,Urban Mobility,Engaged Prospect
I0000375,C000375,2025-10-31,Website,Initial Visit,Always-on Web,Initial Interaction
I0000376,C000376,2025-07-27,Website,Initial Visit,Always-on Web,Initial Interaction
I0000662,C000376,2025-08-06,Website,Event Registration,Always-on Web,Engaged Prospect
I0000377,C000377,2025-05-04,Website,Initial Visit,Always-on Web,Initial Interaction
I0000664,C000377,2025-05-08,Website,Callback Request,Always-on Web,Engaged Prospect
I0000378,C000378,2024-06-03,Referral,Initial Visit,Customer Referral,Initial Interaction
I0000666,C000378,2024-06-13,Referral,Callback Request,Customer Referral,Engaged Prospect
I0000379,C000379,2025-10-11,Website,Initial Visit,Always-on Web,Initial Interaction
I0000668,C000379,2025-10-15,Website,Configurator,Always-on Web,Engaged Prospect
I0000380,C000380,2024-05-03,Paid Search,Initial Visit,Commercial Intent,Initial Interaction
I0000670,C000380,2024-05-17,Paid Search,Brochure Download,Commercial Intent,Engaged Prospect
I0000381,C000381,2024-06-18,Paid Search,Initial Visit,Commercial Intent,Initial Interaction
I0000672,C000381,2024-06-20,Paid Search,Brochure Download,Commercial Intent,Engaged Prospect
I0000382,C000382,2024-02-19,Paid Search,Initial Visit,Commercial Intent,Initial Interaction
I0000674,C000382,2024-02-25,Paid Search,Callback Request,Commercial Intent,Engaged Prospect
I0000383,C000383,2024-07-20,Social Media,Initial Visit,Urban Mobility,Initial Interaction
I0000676,C000383,2024-08-02,Social Media,Callback Request,Urban Mobility,Engaged Prospect
I0000384,C000384,2024-08-17,Website,Initial Visit,Always-on Web,Initial Interaction
I0000678,C000384,2024-08-29,Website,Brochure Download,Always-on Web,Engaged Prospect
I0000385,C000385,2025-07-10,Paid Search,Initial Visit,Commercial Intent,Initial Interaction
I0000680,C000385,2025-07-11,Paid Search,Callback Request,Commercial Intent,Engaged Prospect
I0000386,C000386,2024-08-16,Paid Search,Initial Visit,Commercial Intent,Initial Interaction
I0000682,C000386,2024-08-28,Paid Search,Brochure Download,Commercial Intent,Engaged Prospect
I0000387,C000387,2025-10-31,Dealer Event,Initial Visit,Van Experience Days,Initial Interaction
I0000388,C000388,2024-07-30,Email,Initial Visit,CRM Nurture,Initial Interaction
I0000685,C000388,2024-08-07,Email,Brochure Download,CRM Nurture,Engaged Prospect
I0000389,C000389,2025-01-02,Dealer Event,Initial Visit,Van Experience Days,Initial Interaction
I0000687,C000389,2025-01-05,Dealer Event,Brochure Download,Van Experience Days,Engaged Prospect
I0000390,C000390,2025-02-19,Paid Search,Initial Visit,Commercial Intent,Initial Interaction
I0000391,C000391,2025-08-03,Website,Initial Visit,Always-on Web,Initial Interaction
I0000690,C000391,2025-08-15,Website,Brochure Download,Always-on Web,Engaged Prospect
I0000392,C000392,2025-06-10,Paid Search,Initial Visit,Commercial Intent,Initial Interaction
I0000692,C000392,2025-06-13,Paid Search,Brochure Download,Commercial Intent,Engaged Prospect
I0000393,C000393,2025-08-30,Referral,Initial Visit,Customer Referral,Initial Interaction
I0000694,C000393,2025-08-31,Referral,Callback Request,Customer Referral,Engaged Prospect
I0000394,C000394,2025-10-18,Website,Initial Visit,Always-on Web,Initial Interaction
I0000696,C000394,2025-10-31,Website,Event Registration,Always-on Web,Engaged Prospect
I0000395,C000395,2024-03-23,Website,Initial Visit,Always-on Web,Initial Interaction
I0000396,C000396,2024-03-06,Referral,Initial Visit,Customer Referral,Initial Interaction
I0000699,C000396,2024-03-08,Referral,Callback Request,Customer Referral,Engaged Prospect
I0000397,C000397,2024-11-10,Referral,Initial Visit,Customer Referral,Initial Interaction
I0000701,C000397,2024-11-24,Referral,Event Registration,Customer Referral,Engaged Prospect
I0000398,C000398,2024-04-15,Website,Initial Visit,Always-on Web,Initial Interaction
I0000703,C000398,2024-04-28,Website,Configurator,Always-on Web,Engaged Prospect
I0000399,C000399,2024-12-11,Email,Initial Visit,CRM Nurture,Initial Interaction
I0000705,C000399,2024-12-19,Email,Callback Request,CRM Nurture,Engaged Prospect
I0000400,C000400,2025-02-16,Paid Search,Initial Visit,Commercial Intent,Initial Interaction
I0000707,C000400,2025-02-27,Paid Search,Event Registration,Commercial Intent,Engaged Prospect
I0000401,C000401,2024-07-12,Social Media,Initial Visit,Urban Mobility,Initial Interaction
I0000709,C000401,2024-07-17,Social Media,Brochure Download,Urban Mobility,Engaged Prospect
I0000402,C000402,2024-03-09,Social Media,Initial Visit,Urban Mobility,Initial Interaction
I0000403,C000403,2025-11-06,Referral,Initial Visit,Customer Referral,Initial Interaction
I0000712,C000403,2025-11-13,Referral,Callback Request,Customer Referral,Engaged Prospect
I0000404,C000404,2024-09-16,Website,Initial Visit,Always-on Web,Initial Interaction
I0000714,C000404,2024-09-21,Website,Event Registration,Always-on Web,Engaged Prospect
I0000405,C000405,2025-08-10,Dealer Event,Initial Visit,Van Experience Days,Initial Interaction
I0000406,C000406,2025-03-13,Website,Initial Visit,Always-on Web,Initial Interaction
I0000717,C000406,2025-03-21,Website,Configurator,Always-on Web,Engaged Prospect
I0000407,C000407,2025-04-08,Social Media,Initial Visit,Urban Mobility,Initial Interaction
I0000719,C000407,2025-04-13,Social Media,Configurator,Urban Mobility,Engaged Prospect
I0000408,C000408,2025-06-30,Email,Initial Visit,CRM Nurture,Initial Interaction
I0000409,C000409,2024-07-04,Email,Initial Visit,CRM Nurture,Initial Interaction
I0000410,C000410,2024-06-01,Referral,Initial Visit,Customer Referral,Initial Interaction
I0000723,C000410,2024-06-02,Referral,Event Registration,Customer Referral,Engaged Prospect
I0000411,C000411,2025-11-28,Email,Initial Visit,CRM Nurture,Initial Interaction
I0000725,C000411,2025-12-10,Email,Brochure Download,CRM Nurture,Engaged Prospect
I0000412,C000412,2025-04-12,Email,Initial Visit,CRM Nurture,Initial Interaction
I0000727,C000412,2025-04-19,Email,Event Registration,CRM Nurture,Engaged Prospect
I0000413,C000413,2024-07-23,Website,Initial Visit,Always-on Web,Initial Interaction
I0000729,C000413,2024-08-02,Website,Callback Request,Always-on Web,Engaged Prospect
I0000414,C000414,2025-03-28,Referral,Initial Visit,Customer Referral,Initial Interaction
I0000415,C000415,2024-10-02,Paid Search,Initial Visit,Commercial Intent,Initial Interaction
I0000732,C000415,2024-10-08,Paid Search,Configurator,Commercial Intent,Engaged Prospect
I0000416,C000416,2025-08-24,Paid Search,Initial Visit,Commercial Intent,Initial Interaction
I0000734,C000416,2025-09-07,Paid Search,Event Registration,Commercial Intent,Engaged Prospect
I0000417,C000417,2024-12-21,Social Media,Initial Visit,Urban Mobility,Initial Interaction
I0000736,C000417,2024-12-24,Social Media,Event Registration,Urban Mobility,Engaged Prospect
I0000418,C000418,2024-08-07,Paid Search,Initial Visit,Commercial Intent,Initial Interaction
I0000738,C000418,2024-08-17,Paid Search,Event Registration,Commercial Intent,Engaged Prospect
I0000419,C000419,2025-04-28,Social Media,Initial Visit,Urban Mobility,Initial Interaction
I0000420,C000420,2025-06-09,Paid Search,Initial Visit,Commercial Intent,Initial Interaction
I0000741,C000420,2025-06-21,Paid Search,Callback Request,Commercial Intent,Engaged Prospect
I0000421,C000421,2024-09-17,Website,Initial Visit,Always-on Web,Initial Interaction
I0000743,C000421,2024-09-22,Website,Callback Request,Always-on Web,Engaged Prospect
I0000422,C000422,2025-06-10,Referral,Initial Visit,Customer Referral,Initial Interaction
I0000745,C000422,2025-06-23,Referral,Configurator,Customer Referral,Engaged Prospect
I0000423,C000423,2024-06-12,Referral,Initial Visit,Customer Referral,Initial Interaction
I0000747,C000423,2024-06-24,Referral,Event Registration,Customer Referral,Engaged Prospect
I0000424,C000424,2024-06-16,Social Media,Initial Visit,Urban Mobility,Initial Interaction
I0000749,C000424,2024-06-18,Social Media,Brochure Download,Urban Mobility,Engaged Prospect
I0000425,C000425,2025-08-01,Referral,Initial Visit,Customer Referral,Initial Interaction
I0000751,C000425,2025-08-15,Referral,Configurator,Customer Referral,Engaged Prospect
I0000426,C000426,2025-03-10,Paid Search,Initial Visit,Commercial Intent,Initial Interaction
I0000753,C000426,2025-03-18,Paid Search,Callback Request,Commercial Intent,Engaged Prospect
I0000427,C000427,2024-01-25,Paid Search,Initial Visit,Commercial Intent,Initial Interaction
I0000755,C000427,2024-01-26,Paid Search,Callback Request,Commercial Intent,Engaged Prospect
I0000428,C000428,2025-04-17,Referral,Initial Visit,Customer Referral,Initial Interaction
I0000757,C000428,2025-04-24,Referral,Brochure Download,Customer Referral,Engaged Prospect
I0000429,C000429,2024-08-02,Social Media,Initial Visit,Urban Mobility,Initial Interaction
I0000430,C000430,2024-07-11,Email,Initial Visit,CRM Nurture,Initial Interaction
I0000760,C000430,2024-07-23,Email,Configurator,CRM Nurture,Engaged Prospect
I0000431,C000431,2024-10-23,Paid Search,Initial Visit,Commercial Intent,Initial Interaction
I0000762,C000431,2024-11-04,Paid Search,Callback Request,Commercial Intent,Engaged Prospect
I0000432,C000432,2024-11-12,Paid Search,Initial Visit,Commercial Intent,Initial Interaction
I0000433,C000433,2025-09-16,Website,Initial Visit,Always-on Web,Initial Interaction
I0000434,C000434,2024-11-01,Referral,Initial Visit,Customer Referral,Initial Interaction
I0000435,C000435,2024-07-26,Website,Initial Visit,Always-on Web,Initial Interaction
I0000767,C000435,2024-08-07,Website,Callback Request,Always-on Web,Engaged Prospect
I0000436,C000436,2025-06-25,Social Media,Initial Visit,Urban Mobility,Initial Interaction
I0000769,C000436,2025-07-01,Social Media,Brochure Download,Urban Mobility,Engaged Prospect
I0000437,C000437,2025-01-14,Website,Initial Visit,Always-on Web,Initial Interaction
I0000771,C000437,2025-01-25,Website,Configurator,Always-on Web,Engaged Prospect
I0000438,C000438,2024-01-01,Social Media,Initial Visit,Urban Mobility,Initial Interaction
I0000773,C000438,2024-01-09,Social Media,Event Registration,Urban Mobility,Engaged Prospect
I0000439,C000439,2025-03-18,Paid Search,Initial Visit,Commercial Intent,Initial Interaction
I0000775,C000439,2025-03-22,Paid Search,Event Registration,Commercial Intent,Engaged Prospect
I0000440,C000440,2024-12-16,Email,Initial Visit,CRM Nurture,Initial Interaction
I0000777,C000440,2024-12-29,Email,Configurator,CRM Nurture,Engaged Prospect
I0000441,C000441,2025-02-06,Social Media,Initial Visit,Urban Mobility,Initial Interaction
I0000779,C000441,2025-02-07,Social Media,Event Registration,Urban Mobility,Engaged Prospect
I0000442,C000442,2024-05-09,Website,Initial Visit,Always-on Web,Initial Interaction
I0000781,C000442,2024-05-10,Website,Configurator,Always-on Web,Engaged Prospect
I0000443,C000443,2024-11-30,Website,Initial Visit,Always-on Web,Initial Interaction
I0000783,C000443,2024-12-01,Website,Callback Request,Always-on Web,Engaged Prospect
I0000444,C000444,2025-03-28,Website,Initial Visit,Always-on Web,Initial Interaction
I0000785,C000444,2025-04-01,Website,Callback Request,Always-on Web,Engaged Prospect
I0000445,C000445,2025-04-18,Email,Initial Visit,CRM Nurture,Initial Interaction
I0000446,C000446,2025-04-21,Dealer Event,Initial Visit,Van Experience Days,Initial Interaction
I0000788,C000446,2025-05-02,Dealer Event,Brochure Download,Van Experience Days,Engaged Prospect
I0000447,C000447,2025-11-29,Paid Search,Initial Visit,Commercial Intent,Initial Interaction
I0000790,C000447,2025-12-11,Paid Search,Brochure Download,Commercial Intent,Engaged Prospect
I0000448,C000448,2024-12-16,Social Media,Initial Visit,Urban Mobility,Initial Interaction
I0000792,C000448,2024-12-20,Social Media,Event Registration,Urban Mobility,Engaged Prospect
I0000449,C000449,2024-10-27,Website,Initial Visit,Always-on Web,Initial Interaction
I0000794,C000449,2024-11-08,Website,Brochure Download,Always-on Web,Engaged Prospect
I0000450,C000450,2025-01-14,Dealer Event,Initial Visit,Van Experience Days,Initial Interaction
I0000796,C000450,2025-01-17,Dealer Event,Event Registration,Van Experience Days,Engaged Prospect
I0000451,C000451,2024-08-18,Referral,Initial Visit,Customer Referral,Initial Interaction
I0000452,C000452,2024-08-08,Email,Initial Visit,CRM Nurture,Initial Interaction
I0000799,C000452,2024-08-10,Email,Configurator,CRM Nurture,Engaged Prospect
I0000453,C000453,2025-04-28,Website,Initial Visit,Always-on Web,Initial Interaction
I0000801,C000453,2025-05-06,Website,Configurator,Always-on Web,Engaged Prospect
I0000454,C000454,2024-08-07,Paid Search,Initial Visit,Commercial Intent,Initial Interaction
I0000803,C000454,2024-08-09,Paid Search,Configurator,Commercial Intent,Engaged Prospect
I0000455,C000455,2025-06-08,Referral,Initial Visit,Customer Referral,Initial Interaction
I0000805,C000455,2025-06-13,Referral,Brochure Download,Customer Referral,Engaged Prospect
I0000456,C000456,2025-06-05,Website,Initial Visit,Always-on Web,Initial Interaction
I0000807,C000456,2025-06-12,Website,Event Registration,Always-on Web,Engaged Prospect
I0000457,C000457,2025-10-29,Email,Initial Visit,CRM Nurture,Initial Interaction
I0000809,C000457,2025-11-08,Email,Event Registration,CRM Nurture,Engaged Prospect
I0000458,C000458,2024-04-02,Referral,Initial Visit,Customer Referral,Initial Interaction
I0000811,C000458,2024-04-16,Referral,Event Registration,Customer Referral,Engaged Prospect
I0000459,C000459,2024-09-11,Dealer Event,Initial Visit,Van Experience Days,Initial Interaction
I0000813,C000459,2024-09-18,Dealer Event,Callback Request,Van Experience Days,Engaged Prospect
I0000460,C000460,2025-06-24,Social Media,Initial Visit,Urban Mobility,Initial Interaction
I0000815,C000460,2025-07-03,Social Media,Configurator,Urban Mobility,Engaged Prospect
I0000461,C000461,2024-10-27,Social Media,Initial Visit,Urban Mobility,Initial Interaction
I0000817,C000461,2024-11-02,Social Media,Event Registration,Urban Mobility,Engaged Prospect
I0000462,C000462,2025-04-03,Referral,Initial Visit,Customer Referral,Initial Interaction
I0000819,C000462,2025-04-07,Referral,Brochure Download,Customer Referral,Engaged Prospect
I0000463,C000463,2025-05-29,Paid Search,Initial Visit,Commercial Intent,Initial Interaction
I0000464,C000464,2025-09-11,Referral,Initial Visit,Customer Referral,Initial Interaction
I0000822,C000464,2025-09-20,Referral,Configurator,Customer Referral,Engaged Prospect
I0000465,C000465,2024-06-07,Paid Search,Initial Visit,Commercial Intent,Initial Interaction
I0000466,C000466,2024-07-01,Email,Initial Visit,CRM Nurture,Initial Interaction
I0000467,C000467,2024-11-25,Referral,Initial Visit,Customer Referral,Initial Interaction
I0000468,C000468,2024-12-20,Social Media,Initial Visit,Urban Mobility,Initial Interaction
I0000827,C000468,2025-01-02,Social Media,Brochure Download,Urban Mobility,Engaged Prospect
I0000469,C000469,2025-09-25,Paid Search,Initial Visit,Commercial Intent,Initial Interaction
I0000470,C000470,2024-01-28,Website,Initial Visit,Always-on Web,Initial Interaction
I0000471,C000471,2024-06-20,Dealer Event,Initial Visit,Van Experience Days,Initial Interaction
I0000472,C000472,2025-09-30,Social Media,Initial Visit,Urban Mobility,Initial Interaction
I0000473,C000473,2025-03-06,Website,Initial Visit,Always-on Web,Initial Interaction
I0000833,C000473,2025-03-19,Website,Configurator,Always-on Web,Engaged Prospect
I0000474,C000474,2025-04-17,Dealer Event,Initial Visit,Van Experience Days,Initial Interaction
I0000835,C000474,2025-04-27,Dealer Event,Callback Request,Van Experience Days,Engaged Prospect
I0000475,C000475,2024-06-23,Referral,Initial Visit,Customer Referral,Initial Interaction
I0000837,C000475,2024-07-04,Referral,Event Registration,Customer Referral,Engaged Prospect
I0000476,C000476,2025-03-12,Dealer Event,Initial Visit,Van Experience Days,Initial Interaction
I0000477,C000477,2024-09-15,Social Media,Initial Visit,Urban Mobility,Initial Interaction
I0000478,C000478,2025-05-27,Referral,Initial Visit,Customer Referral,Initial Interaction
I0000841,C000478,2025-06-09,Referral,Callback Request,Customer Referral,Engaged Prospect
I0000479,C000479,2024-03-04,Dealer Event,Initial Visit,Van Experience Days,Initial Interaction
I0000480,C000480,2024-07-18,Website,Initial Visit,Always-on Web,Initial Interaction
I0000844,C000480,2024-07-30,Website,Event Registration,Always-on Web,Engaged Prospect
I0000481,C000481,2025-03-27,Referral,Initial Visit,Customer Referral,Initial Interaction
I0000482,C000482,2025-02-26,Social Media,Initial Visit,Urban Mobility,Initial Interaction
I0000847,C000482,2025-03-06,Social Media,Brochure Download,Urban Mobility,Engaged Prospect
I0000483,C000483,2025-08-11,Referral,Initial Visit,Customer Referral,Initial Interaction
I0000484,C000484,2025-07-14,Email,Initial Visit,CRM Nurture,Initial Interaction
I0000850,C000484,2025-07-15,Email,Event Registration,CRM Nurture,Engaged Prospect
I0000485,C000485,2024-01-11,Social Media,Initial Visit,Urban Mobility,Initial Interaction
I0000852,C000485,2024-01-19,Social Media,Event Registration,Urban Mobility,Engaged Prospect
I0000486,C000486,2024-03-04,Paid Search,Initial Visit,Commercial Intent,Initial Interaction
I0000854,C000486,2024-03-14,Paid Search,Configurator,Commercial Intent,Engaged Prospect
I0000487,C000487,2024-09-05,Website,Initial Visit,Always-on Web,Initial Interaction
I0000856,C000487,2024-09-11,Website,Callback Request,Always-on Web,Engaged Prospect
I0000488,C000488,2025-11-02,Website,Initial Visit,Always-on Web,Initial Interaction
I0000489,C000489,2024-11-30,Email,Initial Visit,CRM Nurture,Initial Interaction
I0000859,C000489,2024-12-03,Email,Brochure Download,CRM Nurture,Engaged Prospect
I0000490,C000490,2025-09-16,Dealer Event,Initial Visit,Van Experience Days,Initial Interaction
I0000861,C000490,2025-09-25,Dealer Event,Event Registration,Van Experience Days,Engaged Prospect
I0000491,C000491,2024-02-11,Website,Initial Visit,Always-on Web,Initial Interaction
I0000863,C000491,2024-02-15,Website,Brochure Download,Always-on Web,Engaged Prospect
I0000492,C000492,2025-11-05,Website,Initial Visit,Always-on Web,Initial Interaction
I0000493,C000493,2024-02-12,Email,Initial Visit,CRM Nurture,Initial Interaction
I0000494,C000494,2025-07-19,Paid Search,Initial Visit,Commercial Intent,Initial Interaction
I0000867,C000494,2025-07-27,Paid Search,Event Registration,Commercial Intent,Engaged Prospect
I0000495,C000495,2025-09-05,Website,Initial Visit,Always-on Web,Initial Interaction
I0000496,C000496,2024-07-25,Website,Initial Visit,Always-on Web,Initial Interaction
I0000870,C000496,2024-08-03,Website,Brochure Download,Always-on Web,Engaged Prospect
I0000497,C000497,2024-07-29,Social Media,Initial Visit,Urban Mobility,Initial Interaction
I0000498,C000498,2025-02-11,Social Media,Initial Visit,Urban Mobility,Initial Interaction
I0000499,C000499,2025-05-20,Dealer Event,Initial Visit,Van Experience Days,Initial Interaction
I0000500,C000500,2024-03-25,Paid Search,Initial Visit,Commercial Intent,Initial Interaction
I0000501,C000501,2024-06-14,Website,Initial Visit,Always-on Web,Initial Interaction
I0000876,C000501,2024-06-18,Website,Configurator,Always-on Web,Engaged Prospect
I0000502,C000502,2025-06-11,Dealer Event,Initial Visit,Van Experience Days,Initial Interaction
I0000878,C000502,2025-06-20,Dealer Event,Brochure Download,Van Experience Days,Engaged Prospect
I0000503,C000503,2025-07-19,Referral,Initial Visit,Customer Referral,Initial Interaction
I0000880,C000503,2025-07-25,Referral,Event Registration,Customer Referral,Engaged Prospect
I0000504,C000504,2024-04-17,Paid Search,Initial Visit,Commercial Intent,Initial Interaction
I0000882,C000504,2024-04-25,Paid Search,Brochure Download,Commercial Intent,Engaged Prospect
I0000505,C000505,2025-09-14,Dealer Event,Initial Visit,Van Experience Days,Initial Interaction
I0000884,C000505,2025-09-24,Dealer Event,Brochure Download,Van Experience Days,Engaged Prospect
I0000506,C000506,2025-08-29,Email,Initial Visit,CRM Nurture,Initial Interaction
I0000886,C000506,2025-08-31,Email,Configurator,CRM Nurture,Engaged Prospect
I0000507,C000507,2025-08-30,Referral,Initial Visit,Customer Referral,Initial Interaction
I0000888,C000507,2025-09-03,Referral,Brochure Download,Customer Referral,Engaged Prospect
I0000508,C000508,2024-06-17,Paid Search,Initial Visit,Commercial Intent,Initial Interaction
I0000509,C000509,2025-04-13,Website,Initial Visit,Always-on Web,Initial Interaction
I0000891,C000509,2025-04-15,Website,Event Registration,Always-on Web,Engaged Prospect
I0000510,C000510,2024-04-22,Website,Initial Visit,Always-on Web,Initial Interaction
I0000511,C000511,2024-05-17,Email,Initial Visit,CRM Nurture,Initial Interaction
I0000894,C000511,2024-05-25,Email,Callback Request,CRM Nurture,Engaged Prospect
I0000512,C000512,2024-02-19,Dealer Event,Initial Visit,Van Experience Days,Initial Interaction
I0000513,C000513,2024-12-11,Paid Search,Initial Visit,Commercial Intent,Initial Interaction
I0000897,C000513,2024-12-25,Paid Search,Event Registration,Commercial Intent,Engaged Prospect
I0000514,C000514,2025-05-12,Website,Initial Visit,Always-on Web,Initial Interaction
I0000899,C000514,2025-05-13,Website,Event Registration,Always-on Web,Engaged Prospect
I0000515,C000515,2024-05-19,Website,Initial Visit,Always-on Web,Initial Interaction
I0000901,C000515,2024-05-25,Website,Callback Request,Always-on Web,Engaged Prospect
I0000516,C000516,2024-05-10,Social Media,Initial Visit,Urban Mobility,Initial Interaction
I0000517,C000517,2024-07-12,Referral,Initial Visit,Customer Referral,Initial Interaction
I0000904,C000517,2024-07-13,Referral,Event Registration,Customer Referral,Engaged Prospect
I0000518,C000518,2024-05-18,Paid Search,Initial Visit,Commercial Intent,Initial Interaction
I0000906,C000518,2024-05-25,Paid Search,Event Registration,Commercial Intent,Engaged Prospect
I0000519,C000519,2025-08-06,Email,Initial Visit,CRM Nurture,Initial Interaction
I0000908,C000519,2025-08-08,Email,Brochure Download,CRM Nurture,Engaged Prospect
I0000520,C000520,2024-04-28,Social Media,Initial Visit,Urban Mobility,Initial Interaction
I0000521,C000521,2024-07-13,Dealer Event,Initial Visit,Van Experience Days,Initial Interaction
I0000911,C000521,2024-07-22,Dealer Event,Callback Request,Van Experience Days,Engaged Prospect
I0000522,C000522,2024-08-02,Dealer Event,Initial Visit,Van Experience Days,Initial Interaction
I0000913,C000522,2024-08-09,Dealer Event,Configurator,Van Experience Days,Engaged Prospect
I0000523,C000523,2024-05-21,Website,Initial Visit,Always-on Web,Initial Interaction
I0000915,C000523,2024-05-30,Website,Callback Request,Always-on Web,Engaged Prospect
I0000524,C000524,2025-10-20,Email,Initial Visit,CRM Nurture,Initial Interaction
I0000917,C000524,2025-10-22,Email,Configurator,CRM Nurture,Engaged Prospect
I0000525,C000525,2024-05-26,Dealer Event,Initial Visit,Van Experience Days,Initial Interaction
I0000919,C000525,2024-06-09,Dealer Event,Configurator,Van Experience Days,Engaged Prospect
I0000526,C000526,2024-12-06,Referral,Initial Visit,Customer Referral,Initial Interaction
I0000527,C000527,2025-01-31,Social Media,Initial Visit,Urban Mobility,Initial Interaction
I0000528,C000528,2024-07-01,Website,Initial Visit,Always-on Web,Initial Interaction
I0000529,C000529,2024-11-25,Social Media,Initial Visit,Urban Mobility,Initial Interaction
I0000924,C000529,2024-12-02,Social Media,Callback Request,Urban Mobility,Engaged Prospect
I0000530,C000530,2024-04-29,Email,Initial Visit,CRM Nurture,Initial Interaction
I0000531,C000531,2024-12-03,Website,Initial Visit,Always-on Web,Initial Interaction
I0000532,C000532,2024-01-14,Referral,Initial Visit,Customer Referral,Initial Interaction
I0000533,C000533,2024-11-03,Website,Initial Visit,Always-on Web,Initial Interaction
I0000929,C000533,2024-11-11,Website,Event Registration,Always-on Web,Engaged Prospect
I0000534,C000534,2024-09-12,Referral,Initial Visit,Customer Referral,Initial Interaction
I0000931,C000534,2024-09-17,Referral,Event Registration,Customer Referral,Engaged Prospect
I0000535,C000535,2024-09-02,Paid Search,Initial Visit,Commercial Intent,Initial Interaction
I0000933,C000535,2024-09-12,Paid Search,Event Registration,Commercial Intent,Engaged Prospect
I0000536,C000536,2024-03-18,Website,Initial Visit,Always-on Web,Initial Interaction
I0000537,C000537,2025-11-30,Social Media,Initial Visit,Urban Mobility,Initial Interaction
I0000936,C000537,2025-12-03,Social Media,Event Registration,Urban Mobility,Engaged Prospect
I0000538,C000538,2024-01-19,Social Media,Initial Visit,Urban Mobility,Initial Interaction
I0000938,C000538,2024-01-21,Social Media,Brochure Download,Urban Mobility,Engaged Prospect
I0000539,C000539,2024-04-12,Dealer Event,Initial Visit,Van Experience Days,Initial Interaction
I0000940,C000539,2024-04-20,Dealer Event,Event Registration,Van Experience Days,Engaged Prospect
I0000540,C000540,2024-03-13,Social Media,Initial Visit,Urban Mobility,Initial Interaction
I0000942,C000540,2024-03-14,Social Media,Callback Request,Urban Mobility,Engaged Prospect
I0000541,C000541,2025-11-15,Website,Initial Visit,Always-on Web,Initial Interaction
I0000944,C000541,2025-11-22,Website,Callback Request,Always-on Web,Engaged Prospect
I0000542,C000542,2024-08-10,Referral,Initial Visit,Customer Referral,Initial Interaction
I0000946,C000542,2024-08-11,Referral,Brochure Download,Customer Referral,Engaged Prospect
I0000543,C000543,2024-10-28,Social Media,Initial Visit,Urban Mobility,Initial Interaction
I0000948,C000543,2024-11-06,Social Media,Configurator,Urban Mobility,Engaged Prospect
I0000544,C000544,2025-06-09,Website,Initial Visit,Always-on Web,Initial Interaction
I0000950,C000544,2025-06-15,Website,Configurator,Always-on Web,Engaged Prospect
I0000545,C000545,2024-02-05,Dealer Event,Initial Visit,Van Experience Days,Initial Interaction
I0000952,C000545,2024-02-12,Dealer Event,Event Registration,Van Experience Days,Engaged Prospect
I0000546,C000546,2024-02-16,Website,Initial Visit,Always-on Web,Initial Interaction
I0000954,C000546,2024-02-23,Website,Event Registration,Always-on Web,Engaged Prospect
I0000547,C000547,2024-05-07,Website,Initial Visit,Always-on Web,Initial Interaction
I0000548,C000548,2025-04-20,Social Media,Initial Visit,Urban Mobility,Initial Interaction
I0000957,C000548,2025-04-25,Social Media,Callback Request,Urban Mobility,Engaged Prospect
I0000549,C000549,2025-11-15,Social Media,Initial Visit,Urban Mobility,Initial Interaction
I0000550,C000550,2025-03-10,Social Media,Initial Visit,Urban Mobility,Initial Interaction
I0000960,C000550,2025-03-20,Social Media,Configurator,Urban Mobility,Engaged Prospect
I0000551,C000551,2025-09-02,Referral,Initial Visit,Customer Referral,Initial Interaction
I0000962,C000551,2025-09-16,Referral,Event Registration,Customer Referral,Engaged Prospect
I0000552,C000552,2025-09-09,Website,Initial Visit,Always-on Web,Initial Interaction
I0000553,C000553,2024-07-12,Referral,Initial Visit,Customer Referral,Initial Interaction
I0000965,C000553,2024-07-19,Referral,Event Registration,Customer Referral,Engaged Prospect
I0000554,C000554,2024-05-08,Website,Initial Visit,Always-on Web,Initial Interaction
I0000967,C000554,2024-05-18,Website,Event Registration,Always-on Web,Engaged Prospect
I0000555,C000555,2024-04-22,Website,Initial Visit,Always-on Web,Initial Interaction
I0000556,C000556,2025-07-09,Website,Initial Visit,Always-on Web,Initial Interaction
I0000557,C000557,2025-04-13,Website,Initial Visit,Always-on Web,Initial Interaction
I0000971,C000557,2025-04-27,Website,Event Registration,Always-on Web,Engaged Prospect
I0000558,C000558,2025-08-28,Paid Search,Initial Visit,Commercial Intent,Initial Interaction
I0000973,C000558,2025-09-04,Paid Search,Event Registration,Commercial Intent,Engaged Prospect
I0000559,C000559,2024-12-21,Dealer Event,Initial Visit,Van Experience Days,Initial Interaction
I0000975,C000559,2025-01-04,Dealer Event,Brochure Download,Van Experience Days,Engaged Prospect
I0000560,C000560,2025-11-14,Dealer Event,Initial Visit,Van Experience Days,Initial Interaction
I0000977,C000560,2025-11-20,Dealer Event,Callback Request,Van Experience Days,Engaged Prospect
I0000561,C000561,2025-09-17,Email,Initial Visit,CRM Nurture,Initial Interaction
I0000979,C000561,2025-09-21,Email,Callback Request,CRM Nurture,Engaged Prospect
I0000562,C000562,2025-07-19,Website,Initial Visit,Always-on Web,Initial Interaction
I0000981,C000562,2025-07-24,Website,Callback Request,Always-on Web,Engaged Prospect
I0000563,C000563,2025-07-16,Dealer Event,Initial Visit,Van Experience Days,Initial Interaction
I0000983,C000563,2025-07-24,Dealer Event,Brochure Download,Van Experience Days,Engaged Prospect
I0000564,C000564,2024-03-27,Paid Search,Initial Visit,Commercial Intent,Initial Interaction
I0000985,C000564,2024-04-02,Paid Search,Event Registration,Commercial Intent,Engaged Prospect
I0000565,C000565,2025-06-05,Email,Initial Visit,CRM Nurture,Initial Interaction
I0000987,C000565,2025-06-19,Email,Configurator,CRM Nurture,Engaged Prospect
I0000566,C000566,2025-10-24,Email,Initial Visit,CRM Nurture,Initial Interaction
I0000989,C000566,2025-11-03,Email,Callback Request,CRM Nurture,Engaged Prospect
I0000567,C000567,2024-07-23,Website,Initial Visit,Always-on Web,Initial Interaction
I0000991,C000567,2024-08-02,Website,Event Registration,Always-on Web,Engaged Prospect
I0000568,C000568,2025-07-24,Social Media,Initial Visit,Urban Mobility,Initial Interaction
I0000993,C000568,2025-07-30,Social Media,Brochure Download,Urban Mobility,Engaged Prospect
I0000569,C000569,2024-09-02,Referral,Initial Visit,Customer Referral,Initial Interaction
I0000995,C000569,2024-09-06,Referral,Event Registration,Customer Referral,Engaged Prospect
I0000570,C000570,2024-05-28,Website,Initial Visit,Always-on Web,Initial Interaction
I0000997,C000570,2024-06-09,Website,Event Registration,Always-on Web,Engaged Prospect
I0000571,C000571,2025-05-26,Email,Initial Visit,CRM Nurture,Initial Interaction
I0000572,C000572,2024-04-25,Referral,Initial Visit,Customer Referral,Initial Interaction
I0001000,C000572,2024-04-29,Referral,Brochure Download,Customer Referral,Engaged Prospect
I0000573,C000573,2024-12-02,Paid Search,Initial Visit,Commercial Intent,Initial Interaction
I0001002,C000573,2024-12-12,Paid Search,Event Registration,Commercial Intent,Engaged Prospect
I0000574,C000574,2025-10-17,Paid Search,Initial Visit,Commercial Intent,Initial Interaction
I0001004,C000574,2025-10-18,Paid Search,Callback Request,Commercial Intent,Engaged Prospect
I0000575,C000575,2024-04-19,Paid Search,Initial Visit,Commercial Intent,Initial Interaction
I0001006,C000575,2024-04-24,Paid Search,Brochure Download,Commercial Intent,Engaged Prospect
I0000576,C000576,2024-04-18,Dealer Event,Initial Visit,Van Experience Days,Initial Interaction
I0001008,C000576,2024-04-22,Dealer Event,Brochure Download,Van Experience Days,Engaged Prospect
I0000577,C000577,2025-10-22,Paid Search,Initial Visit,Commercial Intent,Initial Interaction
I0001010,C000577,2025-10-29,Paid Search,Brochure Download,Commercial Intent,Engaged Prospect
I0000578,C000578,2025-06-27,Paid Search,Initial Visit,Commercial Intent,Initial Interaction
I0001012,C000578,2025-07-02,Paid Search,Callback Request,Commercial Intent,Engaged Prospect
I0000579,C000579,2024-11-19,Website,Initial Visit,Always-on Web,Initial Interaction
I0000580,C000580,2024-10-10,Referral,Initial Visit,Customer Referral,Initial Interaction
I0000581,C000581,2025-11-05,Dealer Event,Initial Visit,Van Experience Days,Initial Interaction
I0001016,C000581,2025-11-16,Dealer Event,Callback Request,Van Experience Days,Engaged Prospect
I0000582,C000582,2025-05-21,Social Media,Initial Visit,Urban Mobility,Initial Interaction
I0001018,C000582,2025-05-28,Social Media,Configurator,Urban Mobility,Engaged Prospect
I0000583,C000583,2025-09-27,Referral,Initial Visit,Customer Referral,Initial Interaction
I0001020,C000583,2025-10-03,Referral,Event Registration,Customer Referral,Engaged Prospect
I0000584,C000584,2024-03-05,Email,Initial Visit,CRM Nurture,Initial Interaction
I0000585,C000585,2025-01-06,Referral,Initial Visit,Customer Referral,Initial Interaction
I0001023,C000585,2025-01-12,Referral,Brochure Download,Customer Referral,Engaged Prospect
I0000586,C000586,2025-05-22,Website,Initial Visit,Always-on Web,Initial Interaction
I0000587,C000587,2024-01-26,Website,Initial Visit,Always-on Web,Initial Interaction
I0001026,C000587,2024-02-09,Website,Brochure Download,Always-on Web,Engaged Prospect
I0000588,C000588,2024-12-24,Dealer Event,Initial Visit,Van Experience Days,Initial Interaction
I0001028,C000588,2025-01-07,Dealer Event,Configurator,Van Experience Days,Engaged Prospect
I0000589,C000589,2024-02-08,Paid Search,Initial Visit,Commercial Intent,Initial Interaction
I0000590,C000590,2025-09-22,Paid Search,Initial Visit,Commercial Intent,Initial Interaction
I0001031,C000590,2025-09-27,Paid Search,Brochure Download,Commercial Intent,Engaged Prospect
I0000591,C000591,2025-04-21,Email,Initial Visit,CRM Nurture,Initial Interaction
I0000592,C000592,2024-05-11,Social Media,Initial Visit,Urban Mobility,Initial Interaction
I0001034,C000592,2024-05-23,Social Media,Brochure Download,Urban Mobility,Engaged Prospect
I0000593,C000593,2024-12-31,Paid Search,Initial Visit,Commercial Intent,Initial Interaction
I0001036,C000593,2025-01-10,Paid Search,Event Registration,Commercial Intent,Engaged Prospect
I0000594,C000594,2024-03-17,Paid Search,Initial Visit,Commercial Intent,Initial Interaction
I0000595,C000595,2025-07-16,Paid Search,Initial Visit,Commercial Intent,Initial Interaction
I0000596,C000596,2024-05-17,Website,Initial Visit,Always-on Web,Initial Interaction
I0001040,C000596,2024-05-19,Website,Configurator,Always-on Web,Engaged Prospect
I0000597,C000597,2025-03-01,Website,Initial Visit,Always-on Web,Initial Interaction
I0001042,C000597,2025-03-12,Website,Configurator,Always-on Web,Engaged Prospect
I0000598,C000598,2024-02-25,Social Media,Initial Visit,Urban Mobility,Initial Interaction
I0000599,C000599,2024-04-20,Dealer Event,Initial Visit,Van Experience Days,Initial Interaction
I0001045,C000599,2024-05-03,Dealer Event,Configurator,Van Experience Days,Engaged Prospect
I0000600,C000600,2025-11-17,Paid Search,Initial Visit,Commercial Intent,Initial Interaction
I0001047,C000600,2025-11-24,Paid Search,Brochure Download,Commercial Intent,Engaged Prospect
I0000601,C000601,2024-09-27,Paid Search,Initial Visit,Commercial Intent,Initial Interaction
I0000602,C000602,2024-03-26,Email,Initial Visit,CRM Nurture,Initial Interaction
I0001050,C000602,2024-03-27,Email,Brochure Download,CRM Nurture,Engaged Prospect
I0000603,C000603,2025-05-04,Website,Initial Visit,Always-on Web,Initial Interaction
I0001052,C000603,2025-05-15,Website,Configurator,Always-on Web,Engaged Prospect
I0000604,C000604,2024-05-20,Paid Search,Initial Visit,Commercial Intent,Initial Interaction
I0001054,C000604,2024-06-02,Paid Search,Configurator,Commercial Intent,Engaged Prospect
I0000605,C000605,2025-02-16,Website,Initial Visit,Always-on Web,Initial Interaction
I0001056,C000605,2025-02-26,Website,Configurator,Always-on Web,Engaged Prospect
I0000606,C000606,2025-07-20,Email,Initial Visit,CRM Nurture,Initial Interaction
I0000607,C000607,2025-04-23,Website,Initial Visit,Always-on Web,Initial Interaction
I0001059,C000607,2025-04-27,Website,Event Registration,Always-on Web,Engaged Prospect
I0000608,C000608,2024-06-21,Paid Search,Initial Visit,Commercial Intent,Initial Interaction
I0001061,C000608,2024-06-23,Paid Search,Configurator,Commercial Intent,Engaged Prospect
I0000609,C000609,2024-06-14,Social Media,Initial Visit,Urban Mobility,Initial Interaction
I0001063,C000609,2024-06-24,Social Media,Callback Request,Urban Mobility,Engaged Prospect
I0000610,C000610,2024-06-04,Dealer Event,Initial Visit,Van Experience Days,Initial Interaction
I0000611,C000611,2025-03-18,Email,Initial Visit,CRM Nurture,Initial Interaction
I0001066,C000611,2025-03-25,Email,Configurator,CRM Nurture,Engaged Prospect
I0000612,C000612,2025-04-15,Referral,Initial Visit,Customer Referral,Initial Interaction
I0001068,C000612,2025-04-17,Referral,Callback Request,Customer Referral,Engaged Prospect
I0000613,C000613,2024-12-30,Email,Initial Visit,CRM Nurture,Initial Interaction
I0001070,C000613,2025-01-10,Email,Callback Request,CRM Nurture,Engaged Prospect
I0000614,C000614,2024-10-06,Paid Search,Initial Visit,Commercial Intent,Initial Interaction
I0001072,C000614,2024-10-10,Paid Search,Callback Request,Commercial Intent,Engaged Prospect
I0000615,C000615,2024-02-13,Website,Initial Visit,Always-on Web,Initial Interaction
I0001074,C000615,2024-02-14,Website,Brochure Download,Always-on Web,Engaged Prospect
I0000616,C000616,2025-08-07,Website,Initial Visit,Always-on Web,Initial Interaction
I0001076,C000616,2025-08-21,Website,Callback Request,Always-on Web,Engaged Prospect
I0000617,C000617,2025-04-07,Website,Initial Visit,Always-on Web,Initial Interaction
I0001078,C000617,2025-04-12,Website,Callback Request,Always-on Web,Engaged Prospect
I0000618,C000618,2025-03-22,Website,Initial Visit,Always-on Web,Initial Interaction
I0001080,C000618,2025-03-24,Website,Event Registration,Always-on Web,Engaged Prospect
I0000619,C000619,2024-03-13,Paid Search,Initial Visit,Commercial Intent,Initial Interaction
I0001082,C000619,2024-03-18,Paid Search,Callback Request,Commercial Intent,Engaged Prospect
I0000620,C000620,2024-07-20,Email,Initial Visit,CRM Nurture,Initial Interaction
I0001084,C000620,2024-07-26,Email,Event Registration,CRM Nurture,Engaged Prospect
I0000621,C000621,2024-07-31,Email,Initial Visit,CRM Nurture,Initial Interaction
I0000622,C000622,2025-02-22,Paid Search,Initial Visit,Commercial Intent,Initial Interaction
I0001087,C000622,2025-03-03,Paid Search,Brochure Download,Commercial Intent,Engaged Prospect
I0000623,C000623,2025-07-05,Social Media,Initial Visit,Urban Mobility,Initial Interaction
I0001089,C000623,2025-07-10,Social Media,Brochure Download,Urban Mobility,Engaged Prospect
I0000624,C000624,2025-08-29,Website,Initial Visit,Always-on Web,Initial Interaction
I0001091,C000624,2025-09-10,Website,Configurator,Always-on Web,Engaged Prospect
I0000625,C000625,2024-12-31,Social Media,Initial Visit,Urban Mobility,Initial Interaction
I0001093,C000625,2025-01-06,Social Media,Configurator,Urban Mobility,Engaged Prospect
I0000626,C000626,2024-09-12,Social Media,Initial Visit,Urban Mobility,Initial Interaction
I0001095,C000626,2024-09-25,Social Media,Callback Request,Urban Mobility,Engaged Prospect
I0000627,C000627,2024-10-12,Paid Search,Initial Visit,Commercial Intent,Initial Interaction
I0001097,C000627,2024-10-24,Paid Search,Callback Request,Commercial Intent,Engaged Prospect
I0000628,C000628,2025-05-30,Website,Initial Visit,Always-on Web,Initial Interaction
I0001099,C000628,2025-06-02,Website,Event Registration,Always-on Web,Engaged Prospect
I0000629,C000629,2024-08-10,Referral,Initial Visit,Customer Referral,Initial Interaction
I0000630,C000630,2024-10-18,Social Media,Initial Visit,Urban Mobility,Initial Interaction
I0001102,C000630,2024-10-21,Social Media,Callback Request,Urban Mobility,Engaged Prospect
I0000631,C000631,2025-07-04,Social Media,Initial Visit,Urban Mobility,Initial Interaction
I0001104,C000631,2025-07-12,Social Media,Callback Request,Urban Mobility,Engaged Prospect
I0000632,C000632,2025-01-15,Website,Initial Visit,Always-on Web,Initial Interaction
I0001106,C000632,2025-01-28,Website,Event Registration,Always-on Web,Engaged Prospect
I0000633,C000633,2024-11-23,Website,Initial Visit,Always-on Web,Initial Interaction
I0001108,C000633,2024-11-25,Website,Configurator,Always-on Web,Engaged Prospect
I0000634,C000634,2025-05-28,Paid Search,Initial Visit,Commercial Intent,Initial Interaction
I0000635,C000635,2024-07-21,Referral,Initial Visit,Customer Referral,Initial Interaction
I0001111,C000635,2024-07-27,Referral,Brochure Download,Customer Referral,Engaged Prospect
I0000636,C000636,2024-02-12,Website,Initial Visit,Always-on Web,Initial Interaction
I0001113,C000636,2024-02-24,Website,Configurator,Always-on Web,Engaged Prospect
I0000637,C000637,2025-07-05,Paid Search,Initial Visit,Commercial Intent,Initial Interaction
I0001115,C000637,2025-07-06,Paid Search,Event Registration,Commercial Intent,Engaged Prospect
I0000638,C000638,2024-11-14,Referral,Initial Visit,Customer Referral,Initial Interaction
I0001117,C000638,2024-11-28,Referral,Configurator,Customer Referral,Engaged Prospect
I0000639,C000639,2024-08-15,Paid Search,Initial Visit,Commercial Intent,Initial Interaction
I0000640,C000640,2024-03-07,Paid Search,Initial Visit,Commercial Intent,Initial Interaction
I0001120,C000640,2024-03-20,Paid Search,Callback Request,Commercial Intent,Engaged Prospect
I0000641,C000641,2025-10-10,Social Media,Initial Visit,Urban Mobility,Initial Interaction
I0001122,C000641,2025-10-23,Social Media,Configurator,Urban Mobility,Engaged Prospect
I0000642,C000642,2025-05-22,Social Media,Initial Visit,Urban Mobility,Initial Interaction
I0000643,C000643,2024-07-10,Referral,Initial Visit,Customer Referral,Initial Interaction
I0000644,C000644,2025-03-01,Website,Initial Visit,Always-on Web,Initial Interaction
I0001126,C000644,2025-03-06,Website,Brochure Download,Always-on Web,Engaged Prospect
I0000645,C000645,2024-11-21,Dealer Event,Initial Visit,Van Experience Days,Initial Interaction
I0001128,C000645,2024-11-23,Dealer Event,Callback Request,Van Experience Days,Engaged Prospect
I0000646,C000646,2024-08-16,Website,Initial Visit,Always-on Web,Initial Interaction
I0001130,C000646,2024-08-30,Website,Callback Request,Always-on Web,Engaged Prospect
I0000647,C000647,2024-08-06,Dealer Event,Initial Visit,Van Experience Days,Initial Interaction
I0000648,C000648,2024-02-23,Dealer Event,Initial Visit,Van Experience Days,Initial Interaction
I0000649,C000649,2025-11-13,Dealer Event,Initial Visit,Van Experience Days,Initial Interaction
I0001134,C000649,2025-11-20,Dealer Event,Callback Request,Van Experience Days,Engaged Prospect
I0000650,C000650,2025-10-10,Dealer Event,Initial Visit,Van Experience Days,Initial Interaction
I0001136,C000650,2025-10-14,Dealer Event,Configurator,Van Experience Days,Engaged Prospect
I0000651,C000651,2025-09-01,Email,Initial Visit,CRM Nurture,Initial Interaction
I0000652,C000652,2024-08-08,Website,Initial Visit,Always-on Web,Initial Interaction
I0000653,C000653,2025-11-28,Website,Initial Visit,Always-on Web,Initial Interaction
I0001140,C000653,2025-12-12,Website,Event Registration,Always-on Web,Engaged Prospect
I0000654,C000654,2024-07-11,Paid Search,Initial Visit,Commercial Intent,Initial Interaction
I0001142,C000654,2024-07-16,Paid Search,Event Registration,Commercial Intent,Engaged Prospect
I0000655,C000655,2025-07-31,Social Media,Initial Visit,Urban Mobility,Initial Interaction
I0000656,C000656,2024-03-11,Paid Search,Initial Visit,Commercial Intent,Initial Interaction
I0001145,C000656,2024-03-16,Paid Search,Event Registration,Commercial Intent,Engaged Prospect
I0000657,C000657,2024-08-05,Email,Initial Visit,CRM Nurture,Initial Interaction
I0001147,C000657,2024-08-13,Email,Event Registration,CRM Nurture,Engaged Prospect
I0000658,C000658,2025-02-08,Email,Initial Visit,CRM Nurture,Initial Interaction
I0001149,C000658,2025-02-11,Email,Brochure Download,CRM Nurture,Engaged Prospect
I0000659,C000659,2025-11-08,Referral,Initial Visit,Customer Referral,Initial Interaction
I0001151,C000659,2025-11-21,Referral,Callback Request,Customer Referral,Engaged Prospect
I0000660,C000660,2024-07-04,Paid Search,Initial Visit,Commercial Intent,Initial Interaction
I0000661,C000661,2024-10-29,Dealer Event,Initial Visit,Van Experience Days,Initial Interaction
I0000662,C000662,2025-08-12,Email,Initial Visit,CRM Nurture,Initial Interaction
I0001155,C000662,2025-08-15,Email,Brochure Download,CRM Nurture,Engaged Prospect
I0000663,C000663,2024-11-26,Referral,Initial Visit,Customer Referral,Initial Interaction
I0001157,C000663,2024-11-28,Referral,Callback Request,Customer Referral,Engaged Prospect
I0000664,C000664,2025-04-22,Dealer Event,Initial Visit,Van Experience Days,Initial Interaction
I0000665,C000665,2024-10-19,Paid Search,Initial Visit,Commercial Intent,Initial Interaction
I0000666,C000666,2024-01-03,Website,Initial Visit,Always-on Web,Initial Interaction
I0000667,C000667,2024-07-17,Referral,Initial Visit,Customer Referral,Initial Interaction
I0000668,C000668,2025-01-30,Email,Initial Visit,CRM Nurture,Initial Interaction
I0001163,C000668,2025-02-02,Email,Event Registration,CRM Nurture,Engaged Prospect
I0000669,C000669,2024-01-14,Dealer Event,Initial Visit,Van Experience Days,Initial Interaction
I0001165,C000669,2024-01-18,Dealer Event,Configurator,Van Experience Days,Engaged Prospect
I0000670,C000670,2024-06-11,Dealer Event,Initial Visit,Van Experience Days,Initial Interaction
I0001167,C000670,2024-06-22,Dealer Event,Brochure Download,Van Experience Days,Engaged Prospect
I0000671,C000671,2025-10-29,Email,Initial Visit,CRM Nurture,Initial Interaction
I0001169,C000671,2025-11-02,Email,Callback Request,CRM Nurture,Engaged Prospect
I0000672,C000672,2024-01-11,Email,Initial Visit,CRM Nurture,Initial Interaction
I0001171,C000672,2024-01-17,Email,Callback Request,CRM Nurture,Engaged Prospect
I0000673,C000673,2024-06-22,Referral,Initial Visit,Customer Referral,Initial Interaction
I0001173,C000673,2024-06-29,Referral,Configurator,Customer Referral,Engaged Prospect
I0000674,C000674,2025-03-09,Referral,Initial Visit,Customer Referral,Initial Interaction
I0000675,C000675,2025-01-29,Paid Search,Initial Visit,Commercial Intent,Initial Interaction
I0000676,C000676,2024-05-23,Website,Initial Visit,Always-on Web,Initial Interaction
I0000677,C000677,2024-02-11,Website,Initial Visit,Always-on Web,Initial Interaction
I0001178,C000677,2024-02-13,Website,Event Registration,Always-on Web,Engaged Prospect
I0000678,C000678,2025-09-21,Paid Search,Initial Visit,Commercial Intent,Initial Interaction
I0001180,C000678,2025-09-28,Paid Search,Brochure Download,Commercial Intent,Engaged Prospect
I0000679,C000679,2025-01-20,Dealer Event,Initial Visit,Van Experience Days,Initial Interaction
I0000680,C000680,2025-02-05,Dealer Event,Initial Visit,Van Experience Days,Initial Interaction
I0001183,C000680,2025-02-19,Dealer Event,Callback Request,Van Experience Days,Engaged Prospect
I0000681,C000681,2024-02-10,Paid Search,Initial Visit,Commercial Intent,Initial Interaction
I0001185,C000681,2024-02-24,Paid Search,Brochure Download,Commercial Intent,Engaged Prospect
I0000682,C000682,2024-05-26,Paid Search,Initial Visit,Commercial Intent,Initial Interaction
I0001187,C000682,2024-05-31,Paid Search,Configurator,Commercial Intent,Engaged Prospect
I0000683,C000683,2024-02-21,Social Media,Initial Visit,Urban Mobility,Initial Interaction
I0001189,C000683,2024-02-26,Social Media,Event Registration,Urban Mobility,Engaged Prospect
I0000684,C000684,2025-11-16,Dealer Event,Initial Visit,Van Experience Days,Initial Interaction
I0000685,C000685,2025-06-22,Social Media,Initial Visit,Urban Mobility,Initial Interaction
I0001192,C000685,2025-06-24,Social Media,Brochure Download,Urban Mobility,Engaged Prospect
I0000686,C000686,2025-01-17,Website,Initial Visit,Always-on Web,Initial Interaction
I0001194,C000686,2025-01-26,Website,Callback Request,Always-on Web,Engaged Prospect
I0000687,C000687,2025-04-21,Paid Search,Initial Visit,Commercial Intent,Initial Interaction
I0001196,C000687,2025-04-26,Paid Search,Callback Request,Commercial Intent,Engaged Prospect
I0000688,C000688,2024-04-25,Social Media,Initial Visit,Urban Mobility,Initial Interaction
I0000689,C000689,2025-11-22,Social Media,Initial Visit,Urban Mobility,Initial Interaction
I0001199,C000689,2025-11-29,Social Media,Configurator,Urban Mobility,Engaged Prospect
I0000690,C000690,2024-12-28,Dealer Event,Initial Visit,Van Experience Days,Initial Interaction
I0001201,C000690,2025-01-02,Dealer Event,Event Registration,Van Experience Days,Engaged Prospect
I0000691,C000691,2024-12-27,Referral,Initial Visit,Customer Referral,Initial Interaction
I0001203,C000691,2025-01-08,Referral,Brochure Download,Customer Referral,Engaged Prospect
I0000692,C000692,2025-11-02,Website,Initial Visit,Always-on Web,Initial Interaction
I0000693,C000693,2024-03-08,Website,Initial Visit,Always-on Web,Initial Interaction
I0001206,C000693,2024-03-17,Website,Brochure Download,Always-on Web,Engaged Prospect
I0000694,C000694,2024-10-23,Paid Search,Initial Visit,Commercial Intent,Initial Interaction
I0001208,C000694,2024-11-03,Paid Search,Configurator,Commercial Intent,Engaged Prospect
I0000695,C000695,2024-03-02,Paid Search,Initial Visit,Commercial Intent,Initial Interaction
I0001210,C000695,2024-03-04,Paid Search,Event Registration,Commercial Intent,Engaged Prospect
I0000696,C000696,2024-10-24,Paid Search,Initial Visit,Commercial Intent,Initial Interaction
I0001212,C000696,2024-11-07,Paid Search,Callback Request,Commercial Intent,Engaged Prospect
I0000697,C000697,2024-07-06,Website,Initial Visit,Always-on Web,Initial Interaction
I0000698,C000698,2024-11-18,Website,Initial Visit,Always-on Web,Initial Interaction
I0001215,C000698,2024-11-24,Website,Event Registration,Always-on Web,Engaged Prospect
I0000699,C000699,2025-05-06,Dealer Event,Initial Visit,Van Experience Days,Initial Interaction
I0001217,C000699,2025-05-13,Dealer Event,Callback Request,Van Experience Days,Engaged Prospect
I0000700,C000700,2024-07-15,Website,Initial Visit,Always-on Web,Initial Interaction
I0001219,C000700,2024-07-23,Website,Brochure Download,Always-on Web,Engaged Prospect
I0000701,C000701,2024-02-05,Dealer Event,Initial Visit,Van Experience Days,Initial Interaction
I0001221,C000701,2024-02-07,Dealer Event,Configurator,Van Experience Days,Engaged Prospect
I0000702,C000702,2024-04-23,Paid Search,Initial Visit,Commercial Intent,Initial Interaction
I0001223,C000702,2024-05-07,Paid Search,Event Registration,Commercial Intent,Engaged Prospect
I0000703,C000703,2025-05-16,Paid Search,Initial Visit,Commercial Intent,Initial Interaction
I0001225,C000703,2025-05-24,Paid Search,Event Registration,Commercial Intent,Engaged Prospect
I0000704,C000704,2025-02-09,Website,Initial Visit,Always-on Web,Initial Interaction
I0001227,C000704,2025-02-16,Website,Callback Request,Always-on Web,Engaged Prospect
I0000705,C000705,2025-11-16,Website,Initial Visit,Always-on Web,Initial Interaction
I0001229,C000705,2025-11-25,Website,Event Registration,Always-on Web,Engaged Prospect
I0000706,C000706,2025-09-17,Paid Search,Initial Visit,Commercial Intent,Initial Interaction
I0001231,C000706,2025-09-25,Paid Search,Brochure Download,Commercial Intent,Engaged Prospect
I0000707,C000707,2024-04-22,Dealer Event,Initial Visit,Van Experience Days,Initial Interaction
I0001233,C000707,2024-05-03,Dealer Event,Callback Request,Van Experience Days,Engaged Prospect
I0000708,C000708,2025-05-30,Referral,Initial Visit,Customer Referral,Initial Interaction
I0001235,C000708,2025-06-10,Referral,Callback Request,Customer Referral,Engaged Prospect
I0000709,C000709,2024-03-04,Website,Initial Visit,Always-on Web,Initial Interaction
I0001237,C000709,2024-03-13,Website,Event Registration,Always-on Web,Engaged Prospect
I0000710,C000710,2024-03-08,Website,Initial Visit,Always-on Web,Initial Interaction
I0000711,C000711,2025-07-09,Website,Initial Visit,Always-on Web,Initial Interaction
I0001240,C000711,2025-07-10,Website,Brochure Download,Always-on Web,Engaged Prospect
I0000712,C000712,2024-10-07,Email,Initial Visit,CRM Nurture,Initial Interaction
I0001242,C000712,2024-10-18,Email,Event Registration,CRM Nurture,Engaged Prospect
I0000713,C000713,2025-11-29,Website,Initial Visit,Always-on Web,Initial Interaction
I0000714,C000714,2024-01-04,Website,Initial Visit,Always-on Web,Initial Interaction
I0001245,C000714,2024-01-10,Website,Brochure Download,Always-on Web,Engaged Prospect
I0000715,C000715,2024-12-17,Dealer Event,Initial Visit,Van Experience Days,Initial Interaction
I0001247,C000715,2024-12-21,Dealer Event,Callback Request,Van Experience Days,Engaged Prospect
I0000716,C000716,2024-08-03,Dealer Event,Initial Visit,Van Experience Days,Initial Interaction
I0001249,C000716,2024-08-09,Dealer Event,Brochure Download,Van Experience Days,Engaged Prospect
I0000717,C000717,2025-11-20,Email,Initial Visit,CRM Nurture,Initial Interaction
I0001251,C000717,2025-11-27,Email,Callback Request,CRM Nurture,Engaged Prospect
I0000718,C000718,2025-04-13,Website,Initial Visit,Always-on Web,Initial Interaction
I0000719,C000719,2025-06-24,Paid Search,Initial Visit,Commercial Intent,Initial Interaction
I0000720,C000720,2024-07-22,Website,Initial Visit,Always-on Web,Initial Interaction
I0001255,C000720,2024-07-28,Website,Callback Request,Always-on Web,Engaged Prospect
I0000721,C000721,2025-09-18,Email,Initial Visit,CRM Nurture,Initial Interaction
I0001257,C000721,2025-10-02,Email,Brochure Download,CRM Nurture,Engaged Prospect
I0000722,C000722,2025-08-11,Dealer Event,Initial Visit,Van Experience Days,Initial Interaction
I0001259,C000722,2025-08-12,Dealer Event,Callback Request,Van Experience Days,Engaged Prospect
I0000723,C000723,2025-07-02,Website,Initial Visit,Always-on Web,Initial Interaction
I0001261,C000723,2025-07-12,Website,Configurator,Always-on Web,Engaged Prospect
I0000724,C000724,2024-11-30,Dealer Event,Initial Visit,Van Experience Days,Initial Interaction
I0001263,C000724,2024-12-07,Dealer Event,Configurator,Van Experience Days,Engaged Prospect
I0000725,C000725,2025-10-07,Paid Search,Initial Visit,Commercial Intent,Initial Interaction
I0001265,C000725,2025-10-14,Paid Search,Event Registration,Commercial Intent,Engaged Prospect
I0000726,C000726,2025-04-13,Dealer Event,Initial Visit,Van Experience Days,Initial Interaction
I0001267,C000726,2025-04-14,Dealer Event,Brochure Download,Van Experience Days,Engaged Prospect
I0000727,C000727,2024-02-15,Website,Initial Visit,Always-on Web,Initial Interaction
I0001269,C000727,2024-02-25,Website,Configurator,Always-on Web,Engaged Prospect
I0000728,C000728,2025-09-10,Paid Search,Initial Visit,Commercial Intent,Initial Interaction
I0000729,C000729,2024-01-15,Website,Initial Visit,Always-on Web,Initial Interaction
I0001272,C000729,2024-01-24,Website,Callback Request,Always-on Web,Engaged Prospect
I0000730,C000730,2025-04-22,Email,Initial Visit,CRM Nurture,Initial Interaction
I0001274,C000730,2025-04-27,Email,Brochure Download,CRM Nurture,Engaged Prospect
I0000731,C000731,2024-06-23,Website,Initial Visit,Always-on Web,Initial Interaction
I0000732,C000732,2025-09-20,Paid Search,Initial Visit,Commercial Intent,Initial Interaction
I0000733,C000733,2025-05-25,Dealer Event,Initial Visit,Van Experience Days,Initial Interaction
I0000734,C000734,2025-07-19,Email,Initial Visit,CRM Nurture,Initial Interaction
I0000735,C000735,2025-05-04,Social Media,Initial Visit,Urban Mobility,Initial Interaction
I0000736,C000736,2025-01-31,Email,Initial Visit,CRM Nurture,Initial Interaction
I0001281,C000736,2025-02-10,Email,Configurator,CRM Nurture,Engaged Prospect
I0000737,C000737,2025-08-27,Email,Initial Visit,CRM Nurture,Initial Interaction
I0001283,C000737,2025-08-31,Email,Event Registration,CRM Nurture,Engaged Prospect
I0000738,C000738,2024-07-27,Social Media,Initial Visit,Urban Mobility,Initial Interaction
I0001285,C000738,2024-08-05,Social Media,Brochure Download,Urban Mobility,Engaged Prospect
I0000739,C000739,2025-01-04,Paid Search,Initial Visit,Commercial Intent,Initial Interaction
I0001287,C000739,2025-01-15,Paid Search,Event Registration,Commercial Intent,Engaged Prospect
I0000740,C000740,2024-07-27,Website,Initial Visit,Always-on Web,Initial Interaction
I0000741,C000741,2024-03-20,Paid Search,Initial Visit,Commercial Intent,Initial Interaction
I0001290,C000741,2024-03-22,Paid Search,Event Registration,Commercial Intent,Engaged Prospect
I0000742,C000742,2025-09-04,Website,Initial Visit,Always-on Web,Initial Interaction
I0001292,C000742,2025-09-13,Website,Event Registration,Always-on Web,Engaged Prospect
I0000743,C000743,2024-12-13,Paid Search,Initial Visit,Commercial Intent,Initial Interaction
I0001294,C000743,2024-12-24,Paid Search,Event Registration,Commercial Intent,Engaged Prospect
I0000744,C000744,2024-02-07,Paid Search,Initial Visit,Commercial Intent,Initial Interaction
I0000745,C000745,2025-07-31,Website,Initial Visit,Always-on Web,Initial Interaction
I0000746,C000746,2025-10-21,Dealer Event,Initial Visit,Van Experience Days,Initial Interaction
I0001298,C000746,2025-10-23,Dealer Event,Configurator,Van Experience Days,Engaged Prospect
I0000747,C000747,2025-04-08,Email,Initial Visit,CRM Nurture,Initial Interaction
I0001300,C000747,2025-04-17,Email,Brochure Download,CRM Nurture,Engaged Prospect
I0000748,C000748,2024-08-16,Social Media,Initial Visit,Urban Mobility,Initial Interaction
I0001302,C000748,2024-08-29,Social Media,Event Registration,Urban Mobility,Engaged Prospect
I0000749,C000749,2025-08-24,Referral,Initial Visit,Customer Referral,Initial Interaction
I0000750,C000750,2025-06-01,Paid Search,Initial Visit,Commercial Intent,Initial Interaction
I0001305,C000750,2025-06-05,Paid Search,Configurator,Commercial Intent,Engaged Prospect
I0000751,C000751,2024-07-18,Website,Initial Visit,Always-on Web,Initial Interaction
I0001307,C000751,2024-07-24,Website,Callback Request,Always-on Web,Engaged Prospect
I0000752,C000752,2024-08-19,Website,Initial Visit,Always-on Web,Initial Interaction
I0001309,C000752,2024-08-29,Website,Event Registration,Always-on Web,Engaged Prospect
I0000753,C000753,2025-11-22,Social Media,Initial Visit,Urban Mobility,Initial Interaction
I0001311,C000753,2025-12-01,Social Media,Brochure Download,Urban Mobility,Engaged Prospect
I0000754,C000754,2025-10-29,Website,Initial Visit,Always-on Web,Initial Interaction
I0001313,C000754,2025-11-06,Website,Configurator,Always-on Web,Engaged Prospect
I0000755,C000755,2025-04-18,Dealer Event,Initial Visit,Van Experience Days,Initial Interaction
I0001315,C000755,2025-04-29,Dealer Event,Callback Request,Van Experience Days,Engaged Prospect
I0000756,C000756,2024-01-26,Paid Search,Initial Visit,Commercial Intent,Initial Interaction
I0000757,C000757,2024-06-09,Social Media,Initial Visit,Urban Mobility,Initial Interaction
I0000758,C000758,2024-09-04,Social Media,Initial Visit,Urban Mobility,Initial Interaction
I0001319,C000758,2024-09-10,Social Media,Configurator,Urban Mobility,Engaged Prospect
I0000759,C000759,2025-01-10,Paid Search,Initial Visit,Commercial Intent,Initial Interaction
I0000760,C000760,2025-08-30,Email,Initial Visit,CRM Nurture,Initial Interaction
I0001322,C000760,2025-09-04,Email,Configurator,CRM Nurture,Engaged Prospect
I0000761,C000761,2025-08-16,Email,Initial Visit,CRM Nurture,Initial Interaction
I0001324,C000761,2025-08-24,Email,Event Registration,CRM Nurture,Engaged Prospect
I0000762,C000762,2024-07-10,Email,Initial Visit,CRM Nurture,Initial Interaction
I0001326,C000762,2024-07-17,Email,Configurator,CRM Nurture,Engaged Prospect
I0000763,C000763,2024-03-17,Social Media,Initial Visit,Urban Mobility,Initial Interaction
I0000764,C000764,2024-07-11,Paid Search,Initial Visit,Commercial Intent,Initial Interaction
I0001329,C000764,2024-07-23,Paid Search,Event Registration,Commercial Intent,Engaged Prospect
I0000765,C000765,2024-06-13,Paid Search,Initial Visit,Commercial Intent,Initial Interaction
I0000766,C000766,2025-09-21,Email,Initial Visit,CRM Nurture,Initial Interaction
I0001332,C000766,2025-10-04,Email,Event Registration,CRM Nurture,Engaged Prospect
I0000767,C000767,2024-01-10,Paid Search,Initial Visit,Commercial Intent,Initial Interaction
I0000768,C000768,2025-08-04,Paid Search,Initial Visit,Commercial Intent,Initial Interaction
I0001335,C000768,2025-08-16,Paid Search,Callback Request,Commercial Intent,Engaged Prospect
I0000769,C000769,2025-04-04,Website,Initial Visit,Always-on Web,Initial Interaction
I0000770,C000770,2024-03-15,Email,Initial Visit,CRM Nurture,Initial Interaction
I0000771,C000771,2025-04-24,Website,Initial Visit,Always-on Web,Initial Interaction
I0001339,C000771,2025-05-02,Website,Event Registration,Always-on Web,Engaged Prospect
I0000772,C000772,2025-02-10,Referral,Initial Visit,Customer Referral,Initial Interaction
I0000773,C000773,2024-01-03,Website,Initial Visit,Always-on Web,Initial Interaction
I0001342,C000773,2024-01-17,Website,Event Registration,Always-on Web,Engaged Prospect
I0000774,C000774,2024-06-05,Paid Search,Initial Visit,Commercial Intent,Initial Interaction
I0000775,C000775,2024-08-31,Website,Initial Visit,Always-on Web,Initial Interaction
I0001345,C000775,2024-09-14,Website,Event Registration,Always-on Web,Engaged Prospect
I0000776,C000776,2024-05-30,Paid Search,Initial Visit,Commercial Intent,Initial Interaction
I0001347,C000776,2024-06-06,Paid Search,Brochure Download,Commercial Intent,Engaged Prospect
I0000777,C000777,2025-02-09,Paid Search,Initial Visit,Commercial Intent,Initial Interaction
I0001349,C000777,2025-02-18,Paid Search,Configurator,Commercial Intent,Engaged Prospect
I0000778,C000778,2025-03-06,Email,Initial Visit,CRM Nurture,Initial Interaction
I0000779,C000779,2024-04-28,Website,Initial Visit,Always-on Web,Initial Interaction
I0001352,C000779,2024-05-04,Website,Event Registration,Always-on Web,Engaged Prospect
I0000780,C000780,2024-03-27,Website,Initial Visit,Always-on Web,Initial Interaction
I0001354,C000780,2024-04-08,Website,Brochure Download,Always-on Web,Engaged Prospect
I0000781,C000781,2025-04-03,Website,Initial Visit,Always-on Web,Initial Interaction
I0001356,C000781,2025-04-12,Website,Configurator,Always-on Web,Engaged Prospect
I0000782,C000782,2024-11-24,Paid Search,Initial Visit,Commercial Intent,Initial Interaction
I0000783,C000783,2024-07-04,Referral,Initial Visit,Customer Referral,Initial Interaction
I0001359,C000783,2024-07-17,Referral,Brochure Download,Customer Referral,Engaged Prospect
I0000784,C000784,2024-06-28,Paid Search,Initial Visit,Commercial Intent,Initial Interaction
I0001361,C000784,2024-07-11,Paid Search,Configurator,Commercial Intent,Engaged Prospect
I0000785,C000785,2024-01-28,Dealer Event,Initial Visit,Van Experience Days,Initial Interaction
I0001363,C000785,2024-02-06,Dealer Event,Configurator,Van Experience Days,Engaged Prospect
I0000786,C000786,2025-08-20,Paid Search,Initial Visit,Commercial Intent,Initial Interaction
I0001365,C000786,2025-08-31,Paid Search,Event Registration,Commercial Intent,Engaged Prospect
I0000787,C000787,2025-08-12,Paid Search,Initial Visit,Commercial Intent,Initial Interaction
I0000788,C000788,2025-01-23,Dealer Event,Initial Visit,Van Experience Days,Initial Interaction
I0001368,C000788,2025-01-27,Dealer Event,Callback Request,Van Experience Days,Engaged Prospect
I0000789,C000789,2024-09-01,Website,Initial Visit,Always-on Web,Initial Interaction
I0001370,C000789,2024-09-04,Website,Callback Request,Always-on Web,Engaged Prospect
I0000790,C000790,2024-05-30,Dealer Event,Initial Visit,Van Experience Days,Initial Interaction
I0001372,C000790,2024-06-10,Dealer Event,Configurator,Van Experience Days,Engaged Prospect
I0000791,C000791,2024-08-03,Paid Search,Initial Visit,Commercial Intent,Initial Interaction
I0001374,C000791,2024-08-16,Paid Search,Brochure Download,Commercial Intent,Engaged Prospect
I0000792,C000792,2025-10-10,Paid Search,Initial Visit,Commercial Intent,Initial Interaction
I0000793,C000793,2024-03-03,Referral,Initial Visit,Customer Referral,Initial Interaction
I0001377,C000793,2024-03-10,Referral,Brochure Download,Customer Referral,Engaged Prospect
I0000794,C000794,2025-07-30,Paid Search,Initial Visit,Commercial Intent,Initial Interaction
I0001379,C000794,2025-08-03,Paid Search,Callback Request,Commercial Intent,Engaged Prospect
I0000795,C000795,2024-08-01,Referral,Initial Visit,Customer Referral,Initial Interaction
I0001381,C000795,2024-08-11,Referral,Event Registration,Customer Referral,Engaged Prospect
I0000796,C000796,2024-07-04,Referral,Initial Visit,Customer Referral,Initial Interaction
I0000797,C000797,2025-07-20,Website,Initial Visit,Always-on Web,Initial Interaction
I0001384,C000797,2025-07-30,Website,Brochure Download,Always-on Web,Engaged Prospect
I0000798,C000798,2025-11-03,Paid Search,Initial Visit,Commercial Intent,Initial Interaction
I0001386,C000798,2025-11-09,Paid Search,Callback Request,Commercial Intent,Engaged Prospect
I0000799,C000799,2025-11-25,Dealer Event,Initial Visit,Van Experience Days,Initial Interaction
I0001388,C000799,2025-12-09,Dealer Event,Configurator,Van Experience Days,Engaged Prospect
I0000800,C000800,2024-07-06,Website,Initial Visit,Always-on Web,Initial Interaction
I0001390,C000800,2024-07-20,Website,Event Registration,Always-on Web,Engaged Prospect
I0000801,C000801,2025-02-17,Email,Initial Visit,CRM Nurture,Initial Interaction
I0001392,C000801,2025-03-02,Email,Brochure Download,CRM Nurture,Engaged Prospect
I0000802,C000802,2024-07-23,Website,Initial Visit,Always-on Web,Initial Interaction
I0000803,C000803,2024-05-15,Website,Initial Visit,Always-on Web,Initial Interaction
I0001395,C000803,2024-05-20,Website,Event Registration,Always-on Web,Engaged Prospect
I0000804,C000804,2024-09-27,Social Media,Initial Visit,Urban Mobility,Initial Interaction
I0001397,C000804,2024-09-28,Social Media,Callback Request,Urban Mobility,Engaged Prospect
I0000805,C000805,2024-02-13,Email,Initial Visit,CRM Nurture,Initial Interaction
I0001399,C000805,2024-02-16,Email,Event Registration,CRM Nurture,Engaged Prospect
I0000806,C000806,2024-04-25,Email,Initial Visit,CRM Nurture,Initial Interaction
I0001401,C000806,2024-05-06,Email,Configurator,CRM Nurture,Engaged Prospect
I0000807,C000807,2025-02-20,Social Media,Initial Visit,Urban Mobility,Initial Interaction
I0000808,C000808,2025-04-25,Website,Initial Visit,Always-on Web,Initial Interaction
I0000809,C000809,2024-07-08,Paid Search,Initial Visit,Commercial Intent,Initial Interaction
I0001405,C000809,2024-07-16,Paid Search,Configurator,Commercial Intent,Engaged Prospect
I0000810,C000810,2025-01-25,Website,Initial Visit,Always-on Web,Initial Interaction
I0001407,C000810,2025-01-29,Website,Configurator,Always-on Web,Engaged Prospect
I0000811,C000811,2025-06-19,Website,Initial Visit,Always-on Web,Initial Interaction
I0001409,C000811,2025-07-03,Website,Callback Request,Always-on Web,Engaged Prospect
I0000812,C000812,2025-09-18,Paid Search,Initial Visit,Commercial Intent,Initial Interaction
I0001411,C000812,2025-10-02,Paid Search,Callback Request,Commercial Intent,Engaged Prospect
I0000813,C000813,2025-02-01,Social Media,Initial Visit,Urban Mobility,Initial Interaction
I0001413,C000813,2025-02-09,Social Media,Configurator,Urban Mobility,Engaged Prospect
I0000814,C000814,2024-06-17,Website,Initial Visit,Always-on Web,Initial Interaction
I0001415,C000814,2024-06-19,Website,Brochure Download,Always-on Web,Engaged Prospect
I0000815,C000815,2025-05-13,Website,Initial Visit,Always-on Web,Initial Interaction
I0000816,C000816,2024-04-29,Email,Initial Visit,CRM Nurture,Initial Interaction
I0000817,C000817,2024-04-07,Website,Initial Visit,Always-on Web,Initial Interaction
I0001419,C000817,2024-04-20,Website,Configurator,Always-on Web,Engaged Prospect
I0000818,C000818,2024-09-08,Referral,Initial Visit,Customer Referral,Initial Interaction
I0001421,C000818,2024-09-16,Referral,Brochure Download,Customer Referral,Engaged Prospect
I0000819,C000819,2024-08-18,Paid Search,Initial Visit,Commercial Intent,Initial Interaction
I0001423,C000819,2024-08-23,Paid Search,Event Registration,Commercial Intent,Engaged Prospect
I0000820,C000820,2024-04-12,Website,Initial Visit,Always-on Web,Initial Interaction
I0001425,C000820,2024-04-24,Website,Callback Request,Always-on Web,Engaged Prospect
I0000821,C000821,2024-02-06,Dealer Event,Initial Visit,Van Experience Days,Initial Interaction
I0001427,C000821,2024-02-13,Dealer Event,Brochure Download,Van Experience Days,Engaged Prospect
I0000822,C000822,2025-10-24,Social Media,Initial Visit,Urban Mobility,Initial Interaction
I0000823,C000823,2025-04-19,Dealer Event,Initial Visit,Van Experience Days,Initial Interaction
I0001430,C000823,2025-04-20,Dealer Event,Brochure Download,Van Experience Days,Engaged Prospect
I0000824,C000824,2025-05-17,Paid Search,Initial Visit,Commercial Intent,Initial Interaction
I0001432,C000824,2025-05-22,Paid Search,Event Registration,Commercial Intent,Engaged Prospect
I0000825,C000825,2024-02-16,Paid Search,Initial Visit,Commercial Intent,Initial Interaction
I0001434,C000825,2024-02-28,Paid Search,Configurator,Commercial Intent,Engaged Prospect
I0000826,C000826,2025-07-11,Email,Initial Visit,CRM Nurture,Initial Interaction
I0001436,C000826,2025-07-15,Email,Brochure Download,CRM Nurture,Engaged Prospect
I0000827,C000827,2024-09-12,Paid Search,Initial Visit,Commercial Intent,Initial Interaction
I0001438,C000827,2024-09-18,Paid Search,Callback Request,Commercial Intent,Engaged Prospect
I0000828,C000828,2025-06-07,Social Media,Initial Visit,Urban Mobility,Initial Interaction
I0001440,C000828,2025-06-17,Social Media,Callback Request,Urban Mobility,Engaged Prospect
I0000829,C000829,2024-12-09,Website,Initial Visit,Always-on Web,Initial Interaction
I0001442,C000829,2024-12-18,Website,Brochure Download,Always-on Web,Engaged Prospect
I0000830,C000830,2024-06-18,Paid Search,Initial Visit,Commercial Intent,Initial Interaction
I0000831,C000831,2024-07-02,Website,Initial Visit,Always-on Web,Initial Interaction
I0001445,C000831,2024-07-10,Website,Callback Request,Always-on Web,Engaged Prospect
I0000832,C000832,2024-04-08,Dealer Event,Initial Visit,Van Experience Days,Initial Interaction
I0000833,C000833,2025-08-03,Paid Search,Initial Visit,Commercial Intent,Initial Interaction
I0001448,C000833,2025-08-15,Paid Search,Configurator,Commercial Intent,Engaged Prospect
I0000834,C000834,2024-10-27,Referral,Initial Visit,Customer Referral,Initial Interaction
I0000835,C000835,2025-06-30,Website,Initial Visit,Always-on Web,Initial Interaction
I0001451,C000835,2025-07-07,Website,Callback Request,Always-on Web,Engaged Prospect
I0000836,C000836,2025-08-03,Paid Search,Initial Visit,Commercial Intent,Initial Interaction
I0001453,C000836,2025-08-15,Paid Search,Brochure Download,Commercial Intent,Engaged Prospect
I0000837,C000837,2024-04-26,Paid Search,Initial Visit,Commercial Intent,Initial Interaction
I0001455,C000837,2024-05-08,Paid Search,Brochure Download,Commercial Intent,Engaged Prospect
I0000838,C000838,2024-08-19,Email,Initial Visit,CRM Nurture,Initial Interaction
I0000839,C000839,2024-03-27,Dealer Event,Initial Visit,Van Experience Days,Initial Interaction
I0000840,C000840,2024-01-07,Paid Search,Initial Visit,Commercial Intent,Initial Interaction
I0001459,C000840,2024-01-14,Paid Search,Configurator,Commercial Intent,Engaged Prospect
I0000841,C000841,2025-11-21,Paid Search,Initial Visit,Commercial Intent,Initial Interaction
I0000842,C000842,2025-04-07,Email,Initial Visit,CRM Nurture,Initial Interaction
I0000843,C000843,2024-11-12,Website,Initial Visit,Always-on Web,Initial Interaction
I0000844,C000844,2024-05-20,Social Media,Initial Visit,Urban Mobility,Initial Interaction
I0000845,C000845,2025-02-17,Email,Initial Visit,CRM Nurture,Initial Interaction
I0001465,C000845,2025-02-24,Email,Brochure Download,CRM Nurture,Engaged Prospect
I0000846,C000846,2025-01-14,Website,Initial Visit,Always-on Web,Initial Interaction
I0001467,C000846,2025-01-26,Website,Callback Request,Always-on Web,Engaged Prospect
I0000847,C000847,2024-06-05,Email,Initial Visit,CRM Nurture,Initial Interaction
I0001469,C000847,2024-06-14,Email,Event Registration,CRM Nurture,Engaged Prospect
I0000848,C000848,2024-01-11,Email,Initial Visit,CRM Nurture,Initial Interaction
I0000849,C000849,2024-11-24,Website,Initial Visit,Always-on Web,Initial Interaction
I0001472,C000849,2024-12-05,Website,Event Registration,Always-on Web,Engaged Prospect
I0000850,C000850,2024-12-22,Paid Search,Initial Visit,Commercial Intent,Initial Interaction
I0000851,C000851,2025-07-12,Paid Search,Initial Visit,Commercial Intent,Initial Interaction
I0001475,C000851,2025-07-25,Paid Search,Event Registration,Commercial Intent,Engaged Prospect
I0000852,C000852,2024-10-02,Dealer Event,Initial Visit,Van Experience Days,Initial Interaction
I0001477,C000852,2024-10-16,Dealer Event,Brochure Download,Van Experience Days,Engaged Prospect
I0000853,C000853,2024-03-08,Social Media,Initial Visit,Urban Mobility,Initial Interaction
I0001479,C000853,2024-03-10,Social Media,Configurator,Urban Mobility,Engaged Prospect
I0000854,C000854,2025-09-08,Paid Search,Initial Visit,Commercial Intent,Initial Interaction
I0001481,C000854,2025-09-10,Paid Search,Event Registration,Commercial Intent,Engaged Prospect
I0000855,C000855,2024-10-16,Paid Search,Initial Visit,Commercial Intent,Initial Interaction
I0001483,C000855,2024-10-23,Paid Search,Callback Request,Commercial Intent,Engaged Prospect
I0000856,C000856,2025-05-20,Website,Initial Visit,Always-on Web,Initial Interaction
I0001485,C000856,2025-05-24,Website,Callback Request,Always-on Web,Engaged Prospect
I0000857,C000857,2024-01-31,Website,Initial Visit,Always-on Web,Initial Interaction
I0000858,C000858,2024-01-26,Website,Initial Visit,Always-on Web,Initial Interaction
I0000859,C000859,2024-01-17,Website,Initial Visit,Always-on Web,Initial Interaction
I0001489,C000859,2024-01-21,Website,Configurator,Always-on Web,Engaged Prospect
I0000860,C000860,2025-07-06,Website,Initial Visit,Always-on Web,Initial Interaction
I0001491,C000860,2025-07-12,Website,Event Registration,Always-on Web,Engaged Prospect
I0000861,C000861,2024-06-17,Social Media,Initial Visit,Urban Mobility,Initial Interaction
I0001493,C000861,2024-06-25,Social Media,Callback Request,Urban Mobility,Engaged Prospect
I0000862,C000862,2025-07-07,Social Media,Initial Visit,Urban Mobility,Initial Interaction
I0001495,C000862,2025-07-21,Social Media,Brochure Download,Urban Mobility,Engaged Prospect
I0000863,C000863,2025-10-23,Website,Initial Visit,Always-on Web,Initial Interaction
I0000864,C000864,2025-04-09,Social Media,Initial Visit,Urban Mobility,Initial Interaction
I0001498,C000864,2025-04-15,Social Media,Callback Request,Urban Mobility,Engaged Prospect
I0000865,C000865,2025-11-21,Website,Initial Visit,Always-on Web,Initial Interaction
I0001500,C000865,2025-11-22,Website,Callback Request,Always-on Web,Engaged Prospect
I0000866,C000866,2025-10-12,Paid Search,Initial Visit,Commercial Intent,Initial Interaction
I0001502,C000866,2025-10-26,Paid Search,Configurator,Commercial Intent,Engaged Prospect
I0000867,C000867,2025-05-20,Referral,Initial Visit,Customer Referral,Initial Interaction
I0001504,C000867,2025-05-27,Referral,Configurator,Customer Referral,Engaged Prospect
I0000868,C000868,2025-07-16,Social Media,Initial Visit,Urban Mobility,Initial Interaction
I0001506,C000868,2025-07-26,Social Media,Callback Request,Urban Mobility,Engaged Prospect
I0000869,C000869,2025-02-26,Website,Initial Visit,Always-on Web,Initial Interaction
I0001508,C000869,2025-03-03,Website,Configurator,Always-on Web,Engaged Prospect
I0000870,C000870,2024-06-02,Paid Search,Initial Visit,Commercial Intent,Initial Interaction
I0001510,C000870,2024-06-12,Paid Search,Event Registration,Commercial Intent,Engaged Prospect
I0000871,C000871,2024-03-12,Email,Initial Visit,CRM Nurture,Initial Interaction
I0000872,C000872,2024-09-24,Website,Initial Visit,Always-on Web,Initial Interaction
I0000873,C000873,2024-11-28,Referral,Initial Visit,Customer Referral,Initial Interaction
I0001514,C000873,2024-12-11,Referral,Event Registration,Customer Referral,Engaged Prospect
I0000874,C000874,2024-09-01,Paid Search,Initial Visit,Commercial Intent,Initial Interaction
I0001516,C000874,2024-09-06,Paid Search,Event Registration,Commercial Intent,Engaged Prospect
I0000875,C000875,2024-03-12,Website,Initial Visit,Always-on Web,Initial Interaction
I0001518,C000875,2024-03-21,Website,Configurator,Always-on Web,Engaged Prospect
I0000876,C000876,2024-12-19,Social Media,Initial Visit,Urban Mobility,Initial Interaction
I0001520,C000876,2024-12-22,Social Media,Event Registration,Urban Mobility,Engaged Prospect
I0000877,C000877,2024-12-15,Email,Initial Visit,CRM Nurture,Initial Interaction
I0001522,C000877,2024-12-27,Email,Event Registration,CRM Nurture,Engaged Prospect
I0000878,C000878,2025-10-29,Paid Search,Initial Visit,Commercial Intent,Initial Interaction
I0001524,C000878,2025-10-31,Paid Search,Event Registration,Commercial Intent,Engaged Prospect
I0000879,C000879,2025-10-30,Referral,Initial Visit,Customer Referral,Initial Interaction
I0001526,C000879,2025-11-07,Referral,Event Registration,Customer Referral,Engaged Prospect
I0000880,C000880,2025-03-06,Referral,Initial Visit,Customer Referral,Initial Interaction
I0000881,C000881,2025-08-18,Website,Initial Visit,Always-on Web,Initial Interaction
I0001529,C000881,2025-08-20,Website,Callback Request,Always-on Web,Engaged Prospect
I0000882,C000882,2024-08-07,Website,Initial Visit,Always-on Web,Initial Interaction
I0001531,C000882,2024-08-16,Website,Callback Request,Always-on Web,Engaged Prospect
I0000883,C000883,2025-11-09,Paid Search,Initial Visit,Commercial Intent,Initial Interaction
I0000884,C000884,2025-10-21,Social Media,Initial Visit,Urban Mobility,Initial Interaction
I0000885,C000885,2024-03-28,Social Media,Initial Visit,Urban Mobility,Initial Interaction
I0001535,C000885,2024-03-29,Social Media,Callback Request,Urban Mobility,Engaged Prospect
I0000886,C000886,2025-05-05,Website,Initial Visit,Always-on Web,Initial Interaction
I0001537,C000886,2025-05-17,Website,Brochure Download,Always-on Web,Engaged Prospect
I0000887,C000887,2024-11-16,Referral,Initial Visit,Customer Referral,Initial Interaction
I0001539,C000887,2024-11-25,Referral,Brochure Download,Customer Referral,Engaged Prospect
I0000888,C000888,2024-07-05,Paid Search,Initial Visit,Commercial Intent,Initial Interaction
I0001541,C000888,2024-07-17,Paid Search,Callback Request,Commercial Intent,Engaged Prospect
I0000889,C000889,2024-10-15,Dealer Event,Initial Visit,Van Experience Days,Initial Interaction
I0001543,C000889,2024-10-19,Dealer Event,Brochure Download,Van Experience Days,Engaged Prospect
I0000890,C000890,2025-09-26,Dealer Event,Initial Visit,Van Experience Days,Initial Interaction
I0000891,C000891,2025-10-08,Website,Initial Visit,Always-on Web,Initial Interaction
I0000892,C000892,2024-08-28,Website,Initial Visit,Always-on Web,Initial Interaction
I0000893,C000893,2024-11-19,Website,Initial Visit,Always-on Web,Initial Interaction
I0000894,C000894,2024-12-27,Referral,Initial Visit,Customer Referral,Initial Interaction
I0001549,C000894,2025-01-07,Referral,Brochure Download,Customer Referral,Engaged Prospect
I0000895,C000895,2025-05-28,Paid Search,Initial Visit,Commercial Intent,Initial Interaction
I0000896,C000896,2024-12-01,Dealer Event,Initial Visit,Van Experience Days,Initial Interaction
I0001552,C000896,2024-12-13,Dealer Event,Event Registration,Van Experience Days,Engaged Prospect
I0000897,C000897,2024-10-04,Paid Search,Initial Visit,Commercial Intent,Initial Interaction
I0001554,C000897,2024-10-07,Paid Search,Configurator,Commercial Intent,Engaged Prospect
I0000898,C000898,2025-10-08,Paid Search,Initial Visit,Commercial Intent,Initial Interaction
I0001556,C000898,2025-10-20,Paid Search,Configurator,Commercial Intent,Engaged Prospect
I0000899,C000899,2024-09-17,Referral,Initial Visit,Customer Referral,Initial Interaction
I0000900,C000900,2024-07-04,Paid Search,Initial Visit,Commercial Intent,Initial Interaction
I0001559,C000900,2024-07-08,Paid Search,Brochure Download,Commercial Intent,Engaged Prospect
I0000901,C000901,2024-08-16,Email,Initial Visit,CRM Nurture,Initial Interaction
I0001561,C000901,2024-08-23,Email,Callback Request,CRM Nurture,Engaged Prospect
I0000902,C000902,2024-08-21,Paid Search,Initial Visit,Commercial Intent,Initial Interaction
I0001563,C000902,2024-08-25,Paid Search,Configurator,Commercial Intent,Engaged Prospect
I0000903,C000903,2025-01-23,Website,Initial Visit,Always-on Web,Initial Interaction
I0001565,C000903,2025-01-28,Website,Event Registration,Always-on Web,Engaged Prospect
I0000904,C000904,2025-04-07,Website,Initial Visit,Always-on Web,Initial Interaction
I0001567,C000904,2025-04-13,Website,Callback Request,Always-on Web,Engaged Prospect
I0000905,C000905,2024-04-04,Website,Initial Visit,Always-on Web,Initial Interaction
I0000906,C000906,2025-09-12,Email,Initial Visit,CRM Nurture,Initial Interaction
I0000907,C000907,2024-06-26,Paid Search,Initial Visit,Commercial Intent,Initial Interaction
I0001571,C000907,2024-07-06,Paid Search,Event Registration,Commercial Intent,Engaged Prospect
I0000908,C000908,2024-03-21,Paid Search,Initial Visit,Commercial Intent,Initial Interaction
I0000909,C000909,2025-04-12,Website,Initial Visit,Always-on Web,Initial Interaction
I0001574,C000909,2025-04-13,Website,Configurator,Always-on Web,Engaged Prospect
I0000910,C000910,2024-05-26,Social Media,Initial Visit,Urban Mobility,Initial Interaction
I0001576,C000910,2024-06-02,Social Media,Brochure Download,Urban Mobility,Engaged Prospect
I0000911,C000911,2025-06-09,Dealer Event,Initial Visit,Van Experience Days,Initial Interaction
I0001578,C000911,2025-06-20,Dealer Event,Callback Request,Van Experience Days,Engaged Prospect
I0000912,C000912,2025-10-25,Social Media,Initial Visit,Urban Mobility,Initial Interaction
I0001580,C000912,2025-11-07,Social Media,Configurator,Urban Mobility,Engaged Prospect
I0000913,C000913,2025-04-29,Referral,Initial Visit,Customer Referral,Initial Interaction
I0001582,C000913,2025-05-09,Referral,Brochure Download,Customer Referral,Engaged Prospect
I0000914,C000914,2025-06-28,Website,Initial Visit,Always-on Web,Initial Interaction
I0001584,C000914,2025-07-09,Website,Event Registration,Always-on Web,Engaged Prospect
I0000915,C000915,2024-12-12,Website,Initial Visit,Always-on Web,Initial Interaction
I0001586,C000915,2024-12-22,Website,Configurator,Always-on Web,Engaged Prospect
I0000916,C000916,2024-08-30,Social Media,Initial Visit,Urban Mobility,Initial Interaction
I0001588,C000916,2024-08-31,Social Media,Configurator,Urban Mobility,Engaged Prospect
I0000917,C000917,2025-03-05,Website,Initial Visit,Always-on Web,Initial Interaction
I0001590,C000917,2025-03-11,Website,Event Registration,Always-on Web,Engaged Prospect
I0000918,C000918,2024-09-07,Email,Initial Visit,CRM Nurture,Initial Interaction
I0001592,C000918,2024-09-10,Email,Configurator,CRM Nurture,Engaged Prospect
I0000919,C000919,2025-09-05,Dealer Event,Initial Visit,Van Experience Days,Initial Interaction
I0001594,C000919,2025-09-08,Dealer Event,Event Registration,Van Experience Days,Engaged Prospect
I0000920,C000920,2024-11-24,Website,Initial Visit,Always-on Web,Initial Interaction
I0001596,C000920,2024-12-03,Website,Brochure Download,Always-on Web,Engaged Prospect
I0000921,C000921,2024-12-15,Referral,Initial Visit,Customer Referral,Initial Interaction
I0000922,C000922,2025-04-16,Website,Initial Visit,Always-on Web,Initial Interaction
I0000923,C000923,2024-05-12,Email,Initial Visit,CRM Nurture,Initial Interaction
I0000924,C000924,2025-01-27,Paid Search,Initial Visit,Commercial Intent,Initial Interaction
I0001601,C000924,2025-02-04,Paid Search,Brochure Download,Commercial Intent,Engaged Prospect
I0000925,C000925,2025-06-11,Email,Initial Visit,CRM Nurture,Initial Interaction
I0001603,C000925,2025-06-12,Email,Event Registration,CRM Nurture,Engaged Prospect
I0000926,C000926,2025-06-27,Website,Initial Visit,Always-on Web,Initial Interaction
I0001605,C000926,2025-07-07,Website,Callback Request,Always-on Web,Engaged Prospect
I0000927,C000927,2024-06-06,Referral,Initial Visit,Customer Referral,Initial Interaction
I0001607,C000927,2024-06-13,Referral,Configurator,Customer Referral,Engaged Prospect
I0000928,C000928,2024-02-07,Referral,Initial Visit,Customer Referral,Initial Interaction
I0001609,C000928,2024-02-18,Referral,Callback Request,Customer Referral,Engaged Prospect
I0000929,C000929,2024-05-15,Social Media,Initial Visit,Urban Mobility,Initial Interaction
I0001611,C000929,2024-05-19,Social Media,Callback Request,Urban Mobility,Engaged Prospect
I0000930,C000930,2025-07-27,Social Media,Initial Visit,Urban Mobility,Initial Interaction
I0001613,C000930,2025-07-28,Social Media,Brochure Download,Urban Mobility,Engaged Prospect
I0000931,C000931,2024-07-04,Social Media,Initial Visit,Urban Mobility,Initial Interaction
I0001615,C000931,2024-07-10,Social Media,Event Registration,Urban Mobility,Engaged Prospect
I0000932,C000932,2024-02-10,Social Media,Initial Visit,Urban Mobility,Initial Interaction
I0001617,C000932,2024-02-21,Social Media,Event Registration,Urban Mobility,Engaged Prospect
I0000933,C000933,2025-02-22,Social Media,Initial Visit,Urban Mobility,Initial Interaction
I0000934,C000934,2025-09-08,Social Media,Initial Visit,Urban Mobility,Initial Interaction
I0001620,C000934,2025-09-11,Social Media,Callback Request,Urban Mobility,Engaged Prospect
I0000935,C000935,2024-06-06,Dealer Event,Initial Visit,Van Experience Days,Initial Interaction
I0001622,C000935,2024-06-16,Dealer Event,Configurator,Van Experience Days,Engaged Prospect
I0000936,C000936,2024-01-31,Social Media,Initial Visit,Urban Mobility,Initial Interaction
I0001624,C000936,2024-02-06,Social Media,Callback Request,Urban Mobility,Engaged Prospect
I0000937,C000937,2024-04-08,Website,Initial Visit,Always-on Web,Initial Interaction
I0001626,C000937,2024-04-21,Website,Configurator,Always-on Web,Engaged Prospect
I0000938,C000938,2024-03-30,Referral,Initial Visit,Customer Referral,Initial Interaction
I0001628,C000938,2024-04-11,Referral,Brochure Download,Customer Referral,Engaged Prospect
I0000939,C000939,2024-05-23,Website,Initial Visit,Always-on Web,Initial Interaction
I0001630,C000939,2024-05-27,Website,Event Registration,Always-on Web,Engaged Prospect
I0000940,C000940,2024-05-06,Website,Initial Visit,Always-on Web,Initial Interaction
I0001632,C000940,2024-05-12,Website,Event Registration,Always-on Web,Engaged Prospect
I0000941,C000941,2025-03-21,Referral,Initial Visit,Customer Referral,Initial Interaction
I0001634,C000941,2025-03-24,Referral,Callback Request,Customer Referral,Engaged Prospect
I0000942,C000942,2024-06-05,Website,Initial Visit,Always-on Web,Initial Interaction
I0001636,C000942,2024-06-14,Website,Brochure Download,Always-on Web,Engaged Prospect
I0000943,C000943,2025-01-18,Website,Initial Visit,Always-on Web,Initial Interaction
I0001638,C000943,2025-01-27,Website,Configurator,Always-on Web,Engaged Prospect
I0000944,C000944,2024-10-08,Social Media,Initial Visit,Urban Mobility,Initial Interaction
I0001640,C000944,2024-10-18,Social Media,Event Registration,Urban Mobility,Engaged Prospect
I0000945,C000945,2025-04-03,Dealer Event,Initial Visit,Van Experience Days,Initial Interaction
I0000946,C000946,2025-04-03,Website,Initial Visit,Always-on Web,Initial Interaction
I0001643,C000946,2025-04-06,Website,Callback Request,Always-on Web,Engaged Prospect
I0000947,C000947,2025-02-19,Social Media,Initial Visit,Urban Mobility,Initial Interaction
I0001645,C000947,2025-03-01,Social Media,Configurator,Urban Mobility,Engaged Prospect
I0000948,C000948,2025-09-16,Website,Initial Visit,Always-on Web,Initial Interaction
I0000949,C000949,2024-05-17,Paid Search,Initial Visit,Commercial Intent,Initial Interaction
I0001648,C000949,2024-05-29,Paid Search,Configurator,Commercial Intent,Engaged Prospect
I0000950,C000950,2025-01-02,Paid Search,Initial Visit,Commercial Intent,Initial Interaction
I0000951,C000951,2024-10-02,Website,Initial Visit,Always-on Web,Initial Interaction
I0001651,C000951,2024-10-12,Website,Callback Request,Always-on Web,Engaged Prospect
I0000952,C000952,2025-01-07,Referral,Initial Visit,Customer Referral,Initial Interaction
I0001653,C000952,2025-01-15,Referral,Event Registration,Customer Referral,Engaged Prospect
I0000953,C000953,2024-04-07,Social Media,Initial Visit,Urban Mobility,Initial Interaction
I0001655,C000953,2024-04-11,Social Media,Callback Request,Urban Mobility,Engaged Prospect
I0000954,C000954,2024-08-11,Dealer Event,Initial Visit,Van Experience Days,Initial Interaction
I0001657,C000954,2024-08-13,Dealer Event,Callback Request,Van Experience Days,Engaged Prospect
I0000955,C000955,2025-10-20,Referral,Initial Visit,Customer Referral,Initial Interaction
I0000956,C000956,2025-07-14,Referral,Initial Visit,Customer Referral,Initial Interaction
I0001660,C000956,2025-07-16,Referral,Event Registration,Customer Referral,Engaged Prospect
I0000957,C000957,2024-10-25,Email,Initial Visit,CRM Nurture,Initial Interaction
I0000958,C000958,2024-03-18,Paid Search,Initial Visit,Commercial Intent,Initial Interaction
I0000959,C000959,2025-03-29,Dealer Event,Initial Visit,Van Experience Days,Initial Interaction
I0001664,C000959,2025-04-11,Dealer Event,Event Registration,Van Experience Days,Engaged Prospect
I0000960,C000960,2024-07-29,Social Media,Initial Visit,Urban Mobility,Initial Interaction
I0000961,C000961,2024-08-18,Website,Initial Visit,Always-on Web,Initial Interaction
I0001667,C000961,2024-08-24,Website,Configurator,Always-on Web,Engaged Prospect
I0000962,C000962,2024-03-08,Paid Search,Initial Visit,Commercial Intent,Initial Interaction
I0001669,C000962,2024-03-18,Paid Search,Configurator,Commercial Intent,Engaged Prospect
I0000963,C000963,2024-07-21,Paid Search,Initial Visit,Commercial Intent,Initial Interaction
I0001671,C000963,2024-07-22,Paid Search,Callback Request,Commercial Intent,Engaged Prospect
I0000964,C000964,2024-05-29,Paid Search,Initial Visit,Commercial Intent,Initial Interaction
I0001673,C000964,2024-06-08,Paid Search,Configurator,Commercial Intent,Engaged Prospect
I0000965,C000965,2024-01-24,Dealer Event,Initial Visit,Van Experience Days,Initial Interaction
I0000966,C000966,2025-02-14,Paid Search,Initial Visit,Commercial Intent,Initial Interaction
I0001676,C000966,2025-02-23,Paid Search,Event Registration,Commercial Intent,Engaged Prospect
I0000967,C000967,2025-11-09,Website,Initial Visit,Always-on Web,Initial Interaction
I0001678,C000967,2025-11-21,Website,Callback Request,Always-on Web,Engaged Prospect
I0000968,C000968,2024-03-29,Website,Initial Visit,Always-on Web,Initial Interaction
I0001680,C000968,2024-04-09,Website,Configurator,Always-on Web,Engaged Prospect
I0000969,C000969,2024-02-06,Dealer Event,Initial Visit,Van Experience Days,Initial Interaction
I0000970,C000970,2024-03-11,Paid Search,Initial Visit,Commercial Intent,Initial Interaction
I0000971,C000971,2025-01-17,Paid Search,Initial Visit,Commercial Intent,Initial Interaction
I0001684,C000971,2025-01-28,Paid Search,Event Registration,Commercial Intent,Engaged Prospect
I0000972,C000972,2025-08-01,Email,Initial Visit,CRM Nurture,Initial Interaction
I0001686,C000972,2025-08-04,Email,Event Registration,CRM Nurture,Engaged Prospect
I0000973,C000973,2024-08-04,Dealer Event,Initial Visit,Van Experience Days,Initial Interaction
I0000974,C000974,2024-03-23,Social Media,Initial Visit,Urban Mobility,Initial Interaction
I0001689,C000974,2024-03-29,Social Media,Event Registration,Urban Mobility,Engaged Prospect
I0000975,C000975,2024-03-08,Social Media,Initial Visit,Urban Mobility,Initial Interaction
I0000976,C000976,2025-03-01,Website,Initial Visit,Always-on Web,Initial Interaction
I0001692,C000976,2025-03-06,Website,Event Registration,Always-on Web,Engaged Prospect
I0000977,C000977,2024-09-06,Referral,Initial Visit,Customer Referral,Initial Interaction
I0001694,C000977,2024-09-07,Referral,Event Registration,Customer Referral,Engaged Prospect
I0000978,C000978,2024-09-03,Social Media,Initial Visit,Urban Mobility,Initial Interaction
I0001696,C000978,2024-09-07,Social Media,Configurator,Urban Mobility,Engaged Prospect
I0000979,C000979,2024-06-16,Email,Initial Visit,CRM Nurture,Initial Interaction
I0001698,C000979,2024-06-30,Email,Configurator,CRM Nurture,Engaged Prospect
I0000980,C000980,2025-09-19,Website,Initial Visit,Always-on Web,Initial Interaction
I0000981,C000981,2024-09-19,Social Media,Initial Visit,Urban Mobility,Initial Interaction
I0001701,C000981,2024-09-22,Social Media,Callback Request,Urban Mobility,Engaged Prospect
I0000982,C000982,2025-05-10,Paid Search,Initial Visit,Commercial Intent,Initial Interaction
I0000983,C000983,2025-06-03,Paid Search,Initial Visit,Commercial Intent,Initial Interaction
I0000984,C000984,2024-02-11,Email,Initial Visit,CRM Nurture,Initial Interaction
I0001705,C000984,2024-02-25,Email,Callback Request,CRM Nurture,Engaged Prospect
I0000985,C000985,2024-06-22,Dealer Event,Initial Visit,Van Experience Days,Initial Interaction
I0001707,C000985,2024-06-30,Dealer Event,Event Registration,Van Experience Days,Engaged Prospect
I0000986,C000986,2025-09-18,Paid Search,Initial Visit,Commercial Intent,Initial Interaction
I0001709,C000986,2025-09-24,Paid Search,Configurator,Commercial Intent,Engaged Prospect
I0000987,C000987,2025-09-09,Dealer Event,Initial Visit,Van Experience Days,Initial Interaction
I0000988,C000988,2024-10-16,Website,Initial Visit,Always-on Web,Initial Interaction
I0001712,C000988,2024-10-21,Website,Callback Request,Always-on Web,Engaged Prospect
I0000989,C000989,2024-04-19,Social Media,Initial Visit,Urban Mobility,Initial Interaction
I0001714,C000989,2024-04-25,Social Media,Callback Request,Urban Mobility,Engaged Prospect
I0000990,C000990,2024-07-27,Website,Initial Visit,Always-on Web,Initial Interaction
I0000991,C000991,2025-10-26,Paid Search,Initial Visit,Commercial Intent,Initial Interaction
I0000992,C000992,2025-04-15,Dealer Event,Initial Visit,Van Experience Days,Initial Interaction
I0000993,C000993,2024-02-22,Website,Initial Visit,Always-on Web,Initial Interaction
I0001719,C000993,2024-03-06,Website,Event Registration,Always-on Web,Engaged Prospect
I0000994,C000994,2025-05-17,Referral,Initial Visit,Customer Referral,Initial Interaction
I0001721,C000994,2025-05-23,Referral,Event Registration,Customer Referral,Engaged Prospect
I0000995,C000995,2024-04-12,Paid Search,Initial Visit,Commercial Intent,Initial Interaction
I0001723,C000995,2024-04-21,Paid Search,Callback Request,Commercial Intent,Engaged Prospect
I0000996,C000996,2024-07-31,Email,Initial Visit,CRM Nurture,Initial Interaction
I0000997,C000997,2024-12-03,Website,Initial Visit,Always-on Web,Initial Interaction
I0001726,C000997,2024-12-17,Website,Brochure Download,Always-on Web,Engaged Prospect
I0000998,C000998,2024-09-03,Social Media,Initial Visit,Urban Mobility,Initial Interaction
I0001728,C000998,2024-09-10,Social Media,Brochure Download,Urban Mobility,Engaged Prospect
I0000999,C000999,2025-05-03,Referral,Initial Visit,Customer Referral,Initial Interaction
I0001000,C001000,2024-04-19,Social Media,Initial Visit,Urban Mobility,Initial Interaction
I0001001,C001001,2025-09-05,Paid Search,Initial Visit,Commercial Intent,Initial Interaction
I0001732,C001001,2025-09-16,Paid Search,Event Registration,Commercial Intent,Engaged Prospect
I0001002,C001002,2025-02-19,Dealer Event,Initial Visit,Van Experience Days,Initial Interaction
I0001003,C001003,2024-08-01,Email,Initial Visit,CRM Nurture,Initial Interaction
I0001735,C001003,2024-08-06,Email,Configurator,CRM Nurture,Engaged Prospect
I0001004,C001004,2025-10-31,Website,Initial Visit,Always-on Web,Initial Interaction
I0001005,C001005,2024-11-30,Email,Initial Visit,CRM Nurture,Initial Interaction
I0001738,C001005,2024-12-14,Email,Callback Request,CRM Nurture,Engaged Prospect
I0001006,C001006,2024-10-18,Email,Initial Visit,CRM Nurture,Initial Interaction
I0001740,C001006,2024-10-22,Email,Event Registration,CRM Nurture,Engaged Prospect
I0001007,C001007,2024-01-15,Email,Initial Visit,CRM Nurture,Initial Interaction
I0001742,C001007,2024-01-28,Email,Callback Request,CRM Nurture,Engaged Prospect
I0001008,C001008,2025-11-28,Paid Search,Initial Visit,Commercial Intent,Initial Interaction
I0001744,C001008,2025-12-07,Paid Search,Event Registration,Commercial Intent,Engaged Prospect
I0001009,C001009,2025-08-15,Paid Search,Initial Visit,Commercial Intent,Initial Interaction
I0001746,C001009,2025-08-16,Paid Search,Configurator,Commercial Intent,Engaged Prospect
I0001010,C001010,2024-05-03,Referral,Initial Visit,Customer Referral,Initial Interaction
I0001748,C001010,2024-05-06,Referral,Callback Request,Customer Referral,Engaged Prospect
I0001011,C001011,2025-10-25,Social Media,Initial Visit,Urban Mobility,Initial Interaction
I0001750,C001011,2025-10-28,Social Media,Event Registration,Urban Mobility,Engaged Prospect
I0001012,C001012,2025-07-11,Social Media,Initial Visit,Urban Mobility,Initial Interaction
I0001752,C001012,2025-07-18,Social Media,Brochure Download,Urban Mobility,Engaged Prospect
I0001013,C001013,2024-10-21,Referral,Initial Visit,Customer Referral,Initial Interaction
I0001014,C001014,2025-10-11,Website,Initial Visit,Always-on Web,Initial Interaction
I0001755,C001014,2025-10-16,Website,Callback Request,Always-on Web,Engaged Prospect
I0001015,C001015,2025-01-26,Paid Search,Initial Visit,Commercial Intent,Initial Interaction
I0001757,C001015,2025-01-27,Paid Search,Event Registration,Commercial Intent,Engaged Prospect
I0001016,C001016,2025-04-26,Email,Initial Visit,CRM Nurture,Initial Interaction
I0001759,C001016,2025-05-03,Email,Callback Request,CRM Nurture,Engaged Prospect
I0001017,C001017,2024-05-08,Email,Initial Visit,CRM Nurture,Initial Interaction
I0001018,C001018,2024-03-17,Referral,Initial Visit,Customer Referral,Initial Interaction
I0001762,C001018,2024-03-23,Referral,Event Registration,Customer Referral,Engaged Prospect
I0001019,C001019,2025-01-04,Email,Initial Visit,CRM Nurture,Initial Interaction
I0001764,C001019,2025-01-07,Email,Brochure Download,CRM Nurture,Engaged Prospect
I0001020,C001020,2024-08-16,Paid Search,Initial Visit,Commercial Intent,Initial Interaction
I0001766,C001020,2024-08-25,Paid Search,Brochure Download,Commercial Intent,Engaged Prospect
I0001021,C001021,2025-11-18,Paid Search,Initial Visit,Commercial Intent,Initial Interaction
I0001768,C001021,2025-11-27,Paid Search,Brochure Download,Commercial Intent,Engaged Prospect
I0001022,C001022,2024-02-29,Website,Initial Visit,Always-on Web,Initial Interaction
I0001770,C001022,2024-03-12,Website,Brochure Download,Always-on Web,Engaged Prospect
I0001023,C001023,2025-06-17,Referral,Initial Visit,Customer Referral,Initial Interaction
I0001772,C001023,2025-06-30,Referral,Event Registration,Customer Referral,Engaged Prospect
I0001024,C001024,2025-02-25,Website,Initial Visit,Always-on Web,Initial Interaction
I0001774,C001024,2025-02-28,Website,Event Registration,Always-on Web,Engaged Prospect
I0001025,C001025,2025-09-07,Social Media,Initial Visit,Urban Mobility,Initial Interaction
I0001776,C001025,2025-09-16,Social Media,Brochure Download,Urban Mobility,Engaged Prospect
I0001026,C001026,2025-11-29,Paid Search,Initial Visit,Commercial Intent,Initial Interaction
I0001778,C001026,2025-12-01,Paid Search,Callback Request,Commercial Intent,Engaged Prospect
I0001027,C001027,2025-09-01,Website,Initial Visit,Always-on Web,Initial Interaction
I0001028,C001028,2024-09-19,Paid Search,Initial Visit,Commercial Intent,Initial Interaction
I0001781,C001028,2024-09-21,Paid Search,Callback Request,Commercial Intent,Engaged Prospect
I0001029,C001029,2025-05-01,Social Media,Initial Visit,Urban Mobility,Initial Interaction
I0001783,C001029,2025-05-02,Social Media,Brochure Download,Urban Mobility,Engaged Prospect
I0001030,C001030,2024-04-24,Website,Initial Visit,Always-on Web,Initial Interaction
I0001785,C001030,2024-04-29,Website,Brochure Download,Always-on Web,Engaged Prospect
I0001031,C001031,2024-12-06,Referral,Initial Visit,Customer Referral,Initial Interaction
I0001787,C001031,2024-12-09,Referral,Configurator,Customer Referral,Engaged Prospect
I0001032,C001032,2024-07-07,Referral,Initial Visit,Customer Referral,Initial Interaction
I0001789,C001032,2024-07-15,Referral,Callback Request,Customer Referral,Engaged Prospect
I0001033,C001033,2024-06-24,Website,Initial Visit,Always-on Web,Initial Interaction
I0001791,C001033,2024-07-07,Website,Brochure Download,Always-on Web,Engaged Prospect
I0001034,C001034,2025-02-03,Dealer Event,Initial Visit,Van Experience Days,Initial Interaction
I0001793,C001034,2025-02-17,Dealer Event,Callback Request,Van Experience Days,Engaged Prospect
I0001035,C001035,2024-03-29,Paid Search,Initial Visit,Commercial Intent,Initial Interaction
I0001036,C001036,2025-02-02,Website,Initial Visit,Always-on Web,Initial Interaction
I0001796,C001036,2025-02-06,Website,Brochure Download,Always-on Web,Engaged Prospect
I0001037,C001037,2024-10-07,Paid Search,Initial Visit,Commercial Intent,Initial Interaction
I0001798,C001037,2024-10-19,Paid Search,Configurator,Commercial Intent,Engaged Prospect
I0001038,C001038,2024-06-09,Dealer Event,Initial Visit,Van Experience Days,Initial Interaction
I0001800,C001038,2024-06-11,Dealer Event,Brochure Download,Van Experience Days,Engaged Prospect
I0001039,C001039,2025-01-28,Email,Initial Visit,CRM Nurture,Initial Interaction
I0001040,C001040,2025-06-09,Website,Initial Visit,Always-on Web,Initial Interaction
I0001041,C001041,2025-03-03,Email,Initial Visit,CRM Nurture,Initial Interaction
I0001042,C001042,2024-03-02,Email,Initial Visit,CRM Nurture,Initial Interaction
I0001805,C001042,2024-03-07,Email,Event Registration,CRM Nurture,Engaged Prospect
I0001043,C001043,2025-01-28,Email,Initial Visit,CRM Nurture,Initial Interaction
I0001807,C001043,2025-01-31,Email,Event Registration,CRM Nurture,Engaged Prospect
I0001044,C001044,2025-03-12,Social Media,Initial Visit,Urban Mobility,Initial Interaction
I0001809,C001044,2025-03-21,Social Media,Configurator,Urban Mobility,Engaged Prospect
I0001045,C001045,2025-04-23,Dealer Event,Initial Visit,Van Experience Days,Initial Interaction
I0001811,C001045,2025-04-24,Dealer Event,Brochure Download,Van Experience Days,Engaged Prospect
I0001046,C001046,2024-10-24,Social Media,Initial Visit,Urban Mobility,Initial Interaction
I0001047,C001047,2024-03-07,Website,Initial Visit,Always-on Web,Initial Interaction
I0001814,C001047,2024-03-08,Website,Event Registration,Always-on Web,Engaged Prospect
I0001048,C001048,2024-03-30,Dealer Event,Initial Visit,Van Experience Days,Initial Interaction
I0001816,C001048,2024-04-03,Dealer Event,Configurator,Van Experience Days,Engaged Prospect
I0001049,C001049,2024-08-20,Paid Search,Initial Visit,Commercial Intent,Initial Interaction
I0001818,C001049,2024-08-24,Paid Search,Event Registration,Commercial Intent,Engaged Prospect
I0001050,C001050,2025-03-20,Email,Initial Visit,CRM Nurture,Initial Interaction
I0001820,C001050,2025-03-29,Email,Event Registration,CRM Nurture,Engaged Prospect
I0001051,C001051,2025-06-01,Email,Initial Visit,CRM Nurture,Initial Interaction
I0001822,C001051,2025-06-15,Email,Callback Request,CRM Nurture,Engaged Prospect
I0001052,C001052,2025-04-16,Paid Search,Initial Visit,Commercial Intent,Initial Interaction
I0001824,C001052,2025-04-20,Paid Search,Callback Request,Commercial Intent,Engaged Prospect
I0001053,C001053,2024-08-06,Website,Initial Visit,Always-on Web,Initial Interaction
I0001826,C001053,2024-08-16,Website,Callback Request,Always-on Web,Engaged Prospect
I0001054,C001054,2024-11-04,Email,Initial Visit,CRM Nurture,Initial Interaction
I0001828,C001054,2024-11-10,Email,Configurator,CRM Nurture,Engaged Prospect
I0001055,C001055,2024-02-02,Dealer Event,Initial Visit,Van Experience Days,Initial Interaction
I0001056,C001056,2025-07-12,Dealer Event,Initial Visit,Van Experience Days,Initial Interaction
I0001831,C001056,2025-07-20,Dealer Event,Event Registration,Van Experience Days,Engaged Prospect
I0001057,C001057,2024-09-04,Social Media,Initial Visit,Urban Mobility,Initial Interaction
I0001833,C001057,2024-09-05,Social Media,Callback Request,Urban Mobility,Engaged Prospect
I0001058,C001058,2024-12-22,Website,Initial Visit,Always-on Web,Initial Interaction
I0001835,C001058,2025-01-05,Website,Brochure Download,Always-on Web,Engaged Prospect
I0001059,C001059,2024-11-10,Paid Search,Initial Visit,Commercial Intent,Initial Interaction
I0001837,C001059,2024-11-12,Paid Search,Event Registration,Commercial Intent,Engaged Prospect
I0001060,C001060,2024-07-19,Email,Initial Visit,CRM Nurture,Initial Interaction
I0001061,C001061,2024-04-27,Paid Search,Initial Visit,Commercial Intent,Initial Interaction
I0001840,C001061,2024-05-08,Paid Search,Callback Request,Commercial Intent,Engaged Prospect
I0001062,C001062,2025-10-29,Email,Initial Visit,CRM Nurture,Initial Interaction
I0001063,C001063,2024-03-24,Paid Search,Initial Visit,Commercial Intent,Initial Interaction
I0001843,C001063,2024-04-04,Paid Search,Event Registration,Commercial Intent,Engaged Prospect
I0001064,C001064,2025-10-22,Website,Initial Visit,Always-on Web,Initial Interaction
I0001845,C001064,2025-10-30,Website,Callback Request,Always-on Web,Engaged Prospect
I0001065,C001065,2024-03-20,Social Media,Initial Visit,Urban Mobility,Initial Interaction
I0001847,C001065,2024-03-21,Social Media,Configurator,Urban Mobility,Engaged Prospect
I0001066,C001066,2024-03-07,Social Media,Initial Visit,Urban Mobility,Initial Interaction
I0001849,C001066,2024-03-17,Social Media,Callback Request,Urban Mobility,Engaged Prospect
I0001067,C001067,2025-09-24,Social Media,Initial Visit,Urban Mobility,Initial Interaction
I0001851,C001067,2025-10-03,Social Media,Brochure Download,Urban Mobility,Engaged Prospect
I0001068,C001068,2025-10-24,Website,Initial Visit,Always-on Web,Initial Interaction
I0001853,C001068,2025-10-29,Website,Configurator,Always-on Web,Engaged Prospect
I0001069,C001069,2025-09-18,Dealer Event,Initial Visit,Van Experience Days,Initial Interaction
I0001855,C001069,2025-09-21,Dealer Event,Configurator,Van Experience Days,Engaged Prospect
I0001070,C001070,2025-06-26,Paid Search,Initial Visit,Commercial Intent,Initial Interaction
I0001857,C001070,2025-07-05,Paid Search,Configurator,Commercial Intent,Engaged Prospect
I0001071,C001071,2024-12-10,Email,Initial Visit,CRM Nurture,Initial Interaction
I0001072,C001072,2024-03-15,Social Media,Initial Visit,Urban Mobility,Initial Interaction
I0001073,C001073,2025-02-18,Paid Search,Initial Visit,Commercial Intent,Initial Interaction
I0001861,C001073,2025-02-24,Paid Search,Brochure Download,Commercial Intent,Engaged Prospect
I0001074,C001074,2024-12-29,Email,Initial Visit,CRM Nurture,Initial Interaction
I0001863,C001074,2025-01-10,Email,Brochure Download,CRM Nurture,Engaged Prospect
I0001075,C001075,2025-05-29,Social Media,Initial Visit,Urban Mobility,Initial Interaction
I0001865,C001075,2025-06-03,Social Media,Configurator,Urban Mobility,Engaged Prospect
I0001076,C001076,2024-01-25,Social Media,Initial Visit,Urban Mobility,Initial Interaction
I0001867,C001076,2024-01-30,Social Media,Brochure Download,Urban Mobility,Engaged Prospect
I0001077,C001077,2024-02-24,Social Media,Initial Visit,Urban Mobility,Initial Interaction
I0001078,C001078,2025-02-16,Website,Initial Visit,Always-on Web,Initial Interaction
I0001079,C001079,2025-08-21,Referral,Initial Visit,Customer Referral,Initial Interaction
I0001871,C001079,2025-09-01,Referral,Event Registration,Customer Referral,Engaged Prospect
I0001080,C001080,2025-10-15,Paid Search,Initial Visit,Commercial Intent,Initial Interaction
I0001873,C001080,2025-10-20,Paid Search,Brochure Download,Commercial Intent,Engaged Prospect
I0001081,C001081,2025-02-02,Website,Initial Visit,Always-on Web,Initial Interaction
I0001082,C001082,2024-09-14,Dealer Event,Initial Visit,Van Experience Days,Initial Interaction
I0001876,C001082,2024-09-19,Dealer Event,Event Registration,Van Experience Days,Engaged Prospect
I0001083,C001083,2024-11-26,Website,Initial Visit,Always-on Web,Initial Interaction
I0001084,C001084,2024-12-22,Referral,Initial Visit,Customer Referral,Initial Interaction
I0001879,C001084,2024-12-29,Referral,Configurator,Customer Referral,Engaged Prospect
I0001085,C001085,2025-03-09,Paid Search,Initial Visit,Commercial Intent,Initial Interaction
I0001881,C001085,2025-03-11,Paid Search,Configurator,Commercial Intent,Engaged Prospect
I0001086,C001086,2024-06-08,Paid Search,Initial Visit,Commercial Intent,Initial Interaction
I0001087,C001087,2024-09-29,Website,Initial Visit,Always-on Web,Initial Interaction
I0001884,C001087,2024-10-01,Website,Event Registration,Always-on Web,Engaged Prospect
I0001088,C001088,2025-01-13,Website,Initial Visit,Always-on Web,Initial Interaction
I0001886,C001088,2025-01-14,Website,Callback Request,Always-on Web,Engaged Prospect
I0001089,C001089,2025-08-18,Website,Initial Visit,Always-on Web,Initial Interaction
I0001888,C001089,2025-08-30,Website,Brochure Download,Always-on Web,Engaged Prospect
I0001090,C001090,2025-07-15,Website,Initial Visit,Always-on Web,Initial Interaction
I0001890,C001090,2025-07-19,Website,Event Registration,Always-on Web,Engaged Prospect
I0001091,C001091,2025-06-11,Paid Search,Initial Visit,Commercial Intent,Initial Interaction
I0001892,C001091,2025-06-12,Paid Search,Callback Request,Commercial Intent,Engaged Prospect
I0001092,C001092,2024-05-30,Paid Search,Initial Visit,Commercial Intent,Initial Interaction
I0001093,C001093,2024-10-11,Paid Search,Initial Visit,Commercial Intent,Initial Interaction
I0001895,C001093,2024-10-22,Paid Search,Event Registration,Commercial Intent,Engaged Prospect
I0001094,C001094,2025-01-22,Website,Initial Visit,Always-on Web,Initial Interaction
I0001095,C001095,2025-11-08,Website,Initial Visit,Always-on Web,Initial Interaction
I0001898,C001095,2025-11-16,Website,Brochure Download,Always-on Web,Engaged Prospect
I0001096,C001096,2024-09-05,Website,Initial Visit,Always-on Web,Initial Interaction
I0001900,C001096,2024-09-06,Website,Event Registration,Always-on Web,Engaged Prospect
I0001097,C001097,2025-10-04,Website,Initial Visit,Always-on Web,Initial Interaction
I0001902,C001097,2025-10-11,Website,Event Registration,Always-on Web,Engaged Prospect
I0001098,C001098,2025-06-07,Paid Search,Initial Visit,Commercial Intent,Initial Interaction
I0001099,C001099,2025-03-19,Website,Initial Visit,Always-on Web,Initial Interaction
I0001905,C001099,2025-03-27,Website,Event Registration,Always-on Web,Engaged Prospect
I0001100,C001100,2025-05-06,Paid Search,Initial Visit,Commercial Intent,Initial Interaction
I0001907,C001100,2025-05-16,Paid Search,Brochure Download,Commercial Intent,Engaged Prospect
I0001101,C001101,2025-07-09,Referral,Initial Visit,Customer Referral,Initial Interaction
I0001102,C001102,2025-05-04,Website,Initial Visit,Always-on Web,Initial Interaction
I0001910,C001102,2025-05-15,Website,Callback Request,Always-on Web,Engaged Prospect
I0001103,C001103,2025-04-15,Website,Initial Visit,Always-on Web,Initial Interaction
I0001104,C001104,2024-09-21,Email,Initial Visit,CRM Nurture,Initial Interaction
I0001913,C001104,2024-09-25,Email,Brochure Download,CRM Nurture,Engaged Prospect
I0001105,C001105,2024-10-26,Social Media,Initial Visit,Urban Mobility,Initial Interaction
I0001915,C001105,2024-11-05,Social Media,Callback Request,Urban Mobility,Engaged Prospect
I0001106,C001106,2025-02-23,Website,Initial Visit,Always-on Web,Initial Interaction
I0001917,C001106,2025-03-05,Website,Callback Request,Always-on Web,Engaged Prospect
I0001107,C001107,2025-08-13,Dealer Event,Initial Visit,Van Experience Days,Initial Interaction
I0001108,C001108,2025-03-31,Email,Initial Visit,CRM Nurture,Initial Interaction
I0001920,C001108,2025-04-08,Email,Event Registration,CRM Nurture,Engaged Prospect
I0001109,C001109,2025-11-22,Referral,Initial Visit,Customer Referral,Initial Interaction
I0001922,C001109,2025-11-27,Referral,Brochure Download,Customer Referral,Engaged Prospect
I0001110,C001110,2025-04-21,Referral,Initial Visit,Customer Referral,Initial Interaction
I0001924,C001110,2025-04-24,Referral,Event Registration,Customer Referral,Engaged Prospect
I0001111,C001111,2024-10-12,Social Media,Initial Visit,Urban Mobility,Initial Interaction
I0001926,C001111,2024-10-14,Social Media,Configurator,Urban Mobility,Engaged Prospect
I0001112,C001112,2025-02-06,Email,Initial Visit,CRM Nurture,Initial Interaction
I0001928,C001112,2025-02-09,Email,Configurator,CRM Nurture,Engaged Prospect
I0001113,C001113,2025-03-12,Paid Search,Initial Visit,Commercial Intent,Initial Interaction
I0001114,C001114,2025-08-29,Dealer Event,Initial Visit,Van Experience Days,Initial Interaction
I0001115,C001115,2024-06-28,Social Media,Initial Visit,Urban Mobility,Initial Interaction
I0001116,C001116,2024-06-23,Paid Search,Initial Visit,Commercial Intent,Initial Interaction
I0001117,C001117,2024-05-21,Website,Initial Visit,Always-on Web,Initial Interaction
I0001118,C001118,2024-02-09,Social Media,Initial Visit,Urban Mobility,Initial Interaction
I0001935,C001118,2024-02-16,Social Media,Brochure Download,Urban Mobility,Engaged Prospect
I0001119,C001119,2025-04-17,Social Media,Initial Visit,Urban Mobility,Initial Interaction
I0001937,C001119,2025-04-21,Social Media,Configurator,Urban Mobility,Engaged Prospect
I0001120,C001120,2025-11-04,Dealer Event,Initial Visit,Van Experience Days,Initial Interaction
I0001939,C001120,2025-11-11,Dealer Event,Event Registration,Van Experience Days,Engaged Prospect
I0001121,C001121,2025-03-05,Website,Initial Visit,Always-on Web,Initial Interaction
I0001941,C001121,2025-03-19,Website,Callback Request,Always-on Web,Engaged Prospect
I0001122,C001122,2024-02-12,Dealer Event,Initial Visit,Van Experience Days,Initial Interaction
I0001123,C001123,2024-09-12,Website,Initial Visit,Always-on Web,Initial Interaction
I0001124,C001124,2025-09-24,Social Media,Initial Visit,Urban Mobility,Initial Interaction
I0001945,C001124,2025-09-28,Social Media,Brochure Download,Urban Mobility,Engaged Prospect
I0001125,C001125,2024-02-06,Paid Search,Initial Visit,Commercial Intent,Initial Interaction
I0001126,C001126,2025-03-04,Paid Search,Initial Visit,Commercial Intent,Initial Interaction
I0001948,C001126,2025-03-07,Paid Search,Configurator,Commercial Intent,Engaged Prospect
I0001127,C001127,2024-11-04,Paid Search,Initial Visit,Commercial Intent,Initial Interaction
I0001950,C001127,2024-11-12,Paid Search,Configurator,Commercial Intent,Engaged Prospect
I0001128,C001128,2025-10-05,Website,Initial Visit,Always-on Web,Initial Interaction
I0001952,C001128,2025-10-14,Website,Configurator,Always-on Web,Engaged Prospect
I0001129,C001129,2024-12-25,Website,Initial Visit,Always-on Web,Initial Interaction
I0001954,C001129,2024-12-30,Website,Brochure Download,Always-on Web,Engaged Prospect
I0001130,C001130,2025-01-30,Dealer Event,Initial Visit,Van Experience Days,Initial Interaction
I0001956,C001130,2025-02-02,Dealer Event,Callback Request,Van Experience Days,Engaged Prospect
I0001131,C001131,2025-05-20,Website,Initial Visit,Always-on Web,Initial Interaction
I0001958,C001131,2025-05-22,Website,Configurator,Always-on Web,Engaged Prospect
I0001132,C001132,2025-07-28,Email,Initial Visit,CRM Nurture,Initial Interaction
I0001960,C001132,2025-08-03,Email,Callback Request,CRM Nurture,Engaged Prospect
I0001133,C001133,2024-12-26,Email,Initial Visit,CRM Nurture,Initial Interaction
I0001962,C001133,2025-01-07,Email,Brochure Download,CRM Nurture,Engaged Prospect
I0001134,C001134,2025-05-19,Website,Initial Visit,Always-on Web,Initial Interaction
I0001964,C001134,2025-05-21,Website,Brochure Download,Always-on Web,Engaged Prospect
I0001135,C001135,2025-07-17,Dealer Event,Initial Visit,Van Experience Days,Initial Interaction
I0001136,C001136,2025-01-02,Dealer Event,Initial Visit,Van Experience Days,Initial Interaction
I0001137,C001137,2025-05-16,Dealer Event,Initial Visit,Van Experience Days,Initial Interaction
I0001968,C001137,2025-05-26,Dealer Event,Configurator,Van Experience Days,Engaged Prospect
I0001138,C001138,2024-09-11,Dealer Event,Initial Visit,Van Experience Days,Initial Interaction
I0001970,C001138,2024-09-19,Dealer Event,Event Registration,Van Experience Days,Engaged Prospect
I0001139,C001139,2024-09-05,Social Media,Initial Visit,Urban Mobility,Initial Interaction
I0001972,C001139,2024-09-14,Social Media,Callback Request,Urban Mobility,Engaged Prospect
I0001140,C001140,2024-01-03,Referral,Initial Visit,Customer Referral,Initial Interaction
I0001974,C001140,2024-01-06,Referral,Configurator,Customer Referral,Engaged Prospect
I0001141,C001141,2025-04-13,Website,Initial Visit,Always-on Web,Initial Interaction
I0001976,C001141,2025-04-25,Website,Callback Request,Always-on Web,Engaged Prospect
I0001142,C001142,2024-06-24,Website,Initial Visit,Always-on Web,Initial Interaction
I0001143,C001143,2025-07-23,Email,Initial Visit,CRM Nurture,Initial Interaction
I0001979,C001143,2025-07-24,Email,Configurator,CRM Nurture,Engaged Prospect
I0001144,C001144,2025-10-28,Paid Search,Initial Visit,Commercial Intent,Initial Interaction
I0001145,C001145,2025-09-05,Social Media,Initial Visit,Urban Mobility,Initial Interaction
I0001146,C001146,2024-07-11,Paid Search,Initial Visit,Commercial Intent,Initial Interaction
I0001147,C001147,2025-04-01,Paid Search,Initial Visit,Commercial Intent,Initial Interaction
I0001984,C001147,2025-04-05,Paid Search,Configurator,Commercial Intent,Engaged Prospect
I0001148,C001148,2025-06-10,Dealer Event,Initial Visit,Van Experience Days,Initial Interaction
I0001986,C001148,2025-06-11,Dealer Event,Brochure Download,Van Experience Days,Engaged Prospect
I0001149,C001149,2024-12-20,Website,Initial Visit,Always-on Web,Initial Interaction
I0001988,C001149,2025-01-02,Website,Event Registration,Always-on Web,Engaged Prospect
I0001150,C001150,2024-12-21,Website,Initial Visit,Always-on Web,Initial Interaction
I0001151,C001151,2024-11-02,Email,Initial Visit,CRM Nurture,Initial Interaction
I0001991,C001151,2024-11-15,Email,Event Registration,CRM Nurture,Engaged Prospect
I0001152,C001152,2024-08-03,Dealer Event,Initial Visit,Van Experience Days,Initial Interaction
I0001993,C001152,2024-08-09,Dealer Event,Event Registration,Van Experience Days,Engaged Prospect
I0001153,C001153,2025-02-05,Dealer Event,Initial Visit,Van Experience Days,Initial Interaction
I0001995,C001153,2025-02-06,Dealer Event,Brochure Download,Van Experience Days,Engaged Prospect
I0001154,C001154,2025-11-24,Website,Initial Visit,Always-on Web,Initial Interaction
I0001155,C001155,2024-06-02,Dealer Event,Initial Visit,Van Experience Days,Initial Interaction
I0001998,C001155,2024-06-15,Dealer Event,Event Registration,Van Experience Days,Engaged Prospect
I0001156,C001156,2024-02-02,Social Media,Initial Visit,Urban Mobility,Initial Interaction
I0002000,C001156,2024-02-09,Social Media,Callback Request,Urban Mobility,Engaged Prospect
I0001157,C001157,2024-02-09,Dealer Event,Initial Visit,Van Experience Days,Initial Interaction
I0002002,C001157,2024-02-11,Dealer Event,Brochure Download,Van Experience Days,Engaged Prospect
I0001158,C001158,2025-02-11,Website,Initial Visit,Always-on Web,Initial Interaction
I0001159,C001159,2024-07-07,Paid Search,Initial Visit,Commercial Intent,Initial Interaction
I0002005,C001159,2024-07-14,Paid Search,Brochure Download,Commercial Intent,Engaged Prospect
I0001160,C001160,2024-11-19,Social Media,Initial Visit,Urban Mobility,Initial Interaction
I0002007,C001160,2024-11-21,Social Media,Configurator,Urban Mobility,Engaged Prospect
I0001161,C001161,2025-10-27,Social Media,Initial Visit,Urban Mobility,Initial Interaction
I0002009,C001161,2025-11-07,Social Media,Callback Request,Urban Mobility,Engaged Prospect
I0001162,C001162,2024-02-23,Website,Initial Visit,Always-on Web,Initial Interaction
I0001163,C001163,2024-05-02,Social Media,Initial Visit,Urban Mobility,Initial Interaction
I0002012,C001163,2024-05-05,Social Media,Brochure Download,Urban Mobility,Engaged Prospect
I0001164,C001164,2024-05-29,Email,Initial Visit,CRM Nurture,Initial Interaction
I0001165,C001165,2024-11-15,Paid Search,Initial Visit,Commercial Intent,Initial Interaction
I0002015,C001165,2024-11-23,Paid Search,Brochure Download,Commercial Intent,Engaged Prospect
I0001166,C001166,2025-04-30,Social Media,Initial Visit,Urban Mobility,Initial Interaction
I0002017,C001166,2025-05-09,Social Media,Event Registration,Urban Mobility,Engaged Prospect
I0001167,C001167,2024-05-08,Paid Search,Initial Visit,Commercial Intent,Initial Interaction
I0002019,C001167,2024-05-17,Paid Search,Configurator,Commercial Intent,Engaged Prospect
I0001168,C001168,2024-03-16,Dealer Event,Initial Visit,Van Experience Days,Initial Interaction
I0002021,C001168,2024-03-20,Dealer Event,Configurator,Van Experience Days,Engaged Prospect
I0001169,C001169,2024-03-01,Social Media,Initial Visit,Urban Mobility,Initial Interaction
I0001170,C001170,2025-07-14,Social Media,Initial Visit,Urban Mobility,Initial Interaction
I0002024,C001170,2025-07-16,Social Media,Brochure Download,Urban Mobility,Engaged Prospect
I0001171,C001171,2024-01-21,Referral,Initial Visit,Customer Referral,Initial Interaction
I0002026,C001171,2024-02-03,Referral,Brochure Download,Customer Referral,Engaged Prospect
I0001172,C001172,2025-03-13,Email,Initial Visit,CRM Nurture,Initial Interaction
I0002028,C001172,2025-03-14,Email,Brochure Download,CRM Nurture,Engaged Prospect
I0001173,C001173,2025-02-08,Website,Initial Visit,Always-on Web,Initial Interaction
I0002030,C001173,2025-02-20,Website,Configurator,Always-on Web,Engaged Prospect
I0001174,C001174,2024-03-11,Social Media,Initial Visit,Urban Mobility,Initial Interaction
I0001175,C001175,2025-01-21,Referral,Initial Visit,Customer Referral,Initial Interaction
I0001176,C001176,2024-07-19,Website,Initial Visit,Always-on Web,Initial Interaction
I0001177,C001177,2024-12-26,Social Media,Initial Visit,Urban Mobility,Initial Interaction
I0002035,C001177,2025-01-03,Social Media,Callback Request,Urban Mobility,Engaged Prospect
I0001178,C001178,2024-04-06,Website,Initial Visit,Always-on Web,Initial Interaction
I0002037,C001178,2024-04-17,Website,Configurator,Always-on Web,Engaged Prospect
I0001179,C001179,2025-04-12,Dealer Event,Initial Visit,Van Experience Days,Initial Interaction
I0001180,C001180,2025-07-12,Social Media,Initial Visit,Urban Mobility,Initial Interaction
I0002040,C001180,2025-07-22,Social Media,Event Registration,Urban Mobility,Engaged Prospect
I0001181,C001181,2024-01-03,Referral,Initial Visit,Customer Referral,Initial Interaction
I0002042,C001181,2024-01-11,Referral,Callback Request,Customer Referral,Engaged Prospect
I0001182,C001182,2025-01-08,Email,Initial Visit,CRM Nurture,Initial Interaction
I0001183,C001183,2025-03-29,Website,Initial Visit,Always-on Web,Initial Interaction
I0001184,C001184,2024-01-02,Social Media,Initial Visit,Urban Mobility,Initial Interaction
I0002046,C001184,2024-01-10,Social Media,Event Registration,Urban Mobility,Engaged Prospect
I0001185,C001185,2025-05-21,Referral,Initial Visit,Customer Referral,Initial Interaction
I0002048,C001185,2025-05-31,Referral,Brochure Download,Customer Referral,Engaged Prospect
I0001186,C001186,2025-01-15,Website,Initial Visit,Always-on Web,Initial Interaction
I0002050,C001186,2025-01-26,Website,Callback Request,Always-on Web,Engaged Prospect
I0001187,C001187,2024-08-02,Website,Initial Visit,Always-on Web,Initial Interaction
I0002052,C001187,2024-08-06,Website,Event Registration,Always-on Web,Engaged Prospect
I0001188,C001188,2024-12-03,Email,Initial Visit,CRM Nurture,Initial Interaction
I0002054,C001188,2024-12-17,Email,Event Registration,CRM Nurture,Engaged Prospect
I0001189,C001189,2025-04-22,Social Media,Initial Visit,Urban Mobility,Initial Interaction
I0002056,C001189,2025-04-26,Social Media,Configurator,Urban Mobility,Engaged Prospect
I0001190,C001190,2025-03-26,Website,Initial Visit,Always-on Web,Initial Interaction
I0001191,C001191,2025-06-27,Website,Initial Visit,Always-on Web,Initial Interaction
I0002059,C001191,2025-07-09,Website,Callback Request,Always-on Web,Engaged Prospect
I0001192,C001192,2024-01-25,Paid Search,Initial Visit,Commercial Intent,Initial Interaction
I0001193,C001193,2025-07-05,Email,Initial Visit,CRM Nurture,Initial Interaction
I0001194,C001194,2024-01-25,Paid Search,Initial Visit,Commercial Intent,Initial Interaction
I0002063,C001194,2024-01-28,Paid Search,Callback Request,Commercial Intent,Engaged Prospect
I0001195,C001195,2025-03-31,Paid Search,Initial Visit,Commercial Intent,Initial Interaction
I0001196,C001196,2024-09-01,Dealer Event,Initial Visit,Van Experience Days,Initial Interaction
I0002066,C001196,2024-09-02,Dealer Event,Brochure Download,Van Experience Days,Engaged Prospect
I0001197,C001197,2024-02-14,Website,Initial Visit,Always-on Web,Initial Interaction
I0002068,C001197,2024-02-21,Website,Callback Request,Always-on Web,Engaged Prospect
I0001198,C001198,2025-04-26,Email,Initial Visit,CRM Nurture,Initial Interaction
I0002070,C001198,2025-05-02,Email,Configurator,CRM Nurture,Engaged Prospect
I0001199,C001199,2025-01-21,Paid Search,Initial Visit,Commercial Intent,Initial Interaction
I0002072,C001199,2025-02-04,Paid Search,Brochure Download,Commercial Intent,Engaged Prospect
I0001200,C001200,2025-04-11,Paid Search,Initial Visit,Commercial Intent,Initial Interaction
I0002074,C001200,2025-04-19,Paid Search,Event Registration,Commercial Intent,Engaged Prospect
I0001201,C001201,2024-09-20,Social Media,Initial Visit,Urban Mobility,Initial Interaction
I0002076,C001201,2024-10-03,Social Media,Event Registration,Urban Mobility,Engaged Prospect
I0001202,C001202,2024-07-13,Email,Initial Visit,CRM Nurture,Initial Interaction
I0002078,C001202,2024-07-14,Email,Event Registration,CRM Nurture,Engaged Prospect
I0001203,C001203,2025-03-13,Referral,Initial Visit,Customer Referral,Initial Interaction
I0001204,C001204,2024-05-31,Website,Initial Visit,Always-on Web,Initial Interaction
I0002081,C001204,2024-06-05,Website,Callback Request,Always-on Web,Engaged Prospect
I0001205,C001205,2025-07-22,Website,Initial Visit,Always-on Web,Initial Interaction
I0001206,C001206,2025-04-23,Paid Search,Initial Visit,Commercial Intent,Initial Interaction
I0002084,C001206,2025-04-27,Paid Search,Brochure Download,Commercial Intent,Engaged Prospect
I0001207,C001207,2025-11-30,Social Media,Initial Visit,Urban Mobility,Initial Interaction
I0002086,C001207,2025-12-07,Social Media,Callback Request,Urban Mobility,Engaged Prospect
I0001208,C001208,2024-01-19,Website,Initial Visit,Always-on Web,Initial Interaction
I0001209,C001209,2025-02-13,Dealer Event,Initial Visit,Van Experience Days,Initial Interaction
I0002089,C001209,2025-02-27,Dealer Event,Configurator,Van Experience Days,Engaged Prospect
I0001210,C001210,2025-01-24,Dealer Event,Initial Visit,Van Experience Days,Initial Interaction
I0001211,C001211,2025-08-23,Social Media,Initial Visit,Urban Mobility,Initial Interaction
I0001212,C001212,2024-10-23,Paid Search,Initial Visit,Commercial Intent,Initial Interaction
I0002093,C001212,2024-10-28,Paid Search,Configurator,Commercial Intent,Engaged Prospect
I0001213,C001213,2025-10-17,Website,Initial Visit,Always-on Web,Initial Interaction
I0002095,C001213,2025-10-19,Website,Brochure Download,Always-on Web,Engaged Prospect
I0001214,C001214,2024-06-16,Social Media,Initial Visit,Urban Mobility,Initial Interaction
I0002097,C001214,2024-06-25,Social Media,Configurator,Urban Mobility,Engaged Prospect
I0001215,C001215,2025-08-20,Social Media,Initial Visit,Urban Mobility,Initial Interaction
I0001216,C001216,2024-12-30,Dealer Event,Initial Visit,Van Experience Days,Initial Interaction
I0001217,C001217,2025-10-22,Social Media,Initial Visit,Urban Mobility,Initial Interaction
I0002101,C001217,2025-11-03,Social Media,Brochure Download,Urban Mobility,Engaged Prospect
I0001218,C001218,2024-06-01,Website,Initial Visit,Always-on Web,Initial Interaction
I0002103,C001218,2024-06-11,Website,Configurator,Always-on Web,Engaged Prospect
I0001219,C001219,2024-07-01,Website,Initial Visit,Always-on Web,Initial Interaction
I0002105,C001219,2024-07-08,Website,Callback Request,Always-on Web,Engaged Prospect
I0001220,C001220,2025-01-30,Website,Initial Visit,Always-on Web,Initial Interaction
I0001221,C001221,2025-01-21,Referral,Initial Visit,Customer Referral,Initial Interaction
I0002108,C001221,2025-01-29,Referral,Brochure Download,Customer Referral,Engaged Prospect
I0001222,C001222,2024-04-14,Dealer Event,Initial Visit,Van Experience Days,Initial Interaction
I0002110,C001222,2024-04-20,Dealer Event,Event Registration,Van Experience Days,Engaged Prospect
I0001223,C001223,2025-03-31,Dealer Event,Initial Visit,Van Experience Days,Initial Interaction
I0002112,C001223,2025-04-08,Dealer Event,Callback Request,Van Experience Days,Engaged Prospect
I0001224,C001224,2024-10-10,Dealer Event,Initial Visit,Van Experience Days,Initial Interaction
I0001225,C001225,2024-04-15,Website,Initial Visit,Always-on Web,Initial Interaction
I0001226,C001226,2024-12-23,Email,Initial Visit,CRM Nurture,Initial Interaction
I0002116,C001226,2025-01-06,Email,Event Registration,CRM Nurture,Engaged Prospect
I0001227,C001227,2025-05-03,Email,Initial Visit,CRM Nurture,Initial Interaction
I0001228,C001228,2024-01-23,Website,Initial Visit,Always-on Web,Initial Interaction
I0002119,C001228,2024-01-24,Website,Callback Request,Always-on Web,Engaged Prospect
I0001229,C001229,2025-10-06,Social Media,Initial Visit,Urban Mobility,Initial Interaction
I0001230,C001230,2025-03-03,Email,Initial Visit,CRM Nurture,Initial Interaction
I0001231,C001231,2024-07-01,Dealer Event,Initial Visit,Van Experience Days,Initial Interaction
I0002123,C001231,2024-07-08,Dealer Event,Brochure Download,Van Experience Days,Engaged Prospect
I0001232,C001232,2025-06-09,Website,Initial Visit,Always-on Web,Initial Interaction
I0002125,C001232,2025-06-13,Website,Event Registration,Always-on Web,Engaged Prospect
I0001233,C001233,2025-08-13,Dealer Event,Initial Visit,Van Experience Days,Initial Interaction
I0002127,C001233,2025-08-22,Dealer Event,Configurator,Van Experience Days,Engaged Prospect
I0001234,C001234,2025-10-31,Referral,Initial Visit,Customer Referral,Initial Interaction
I0001235,C001235,2025-07-07,Referral,Initial Visit,Customer Referral,Initial Interaction
I0001236,C001236,2024-05-22,Website,Initial Visit,Always-on Web,Initial Interaction
I0001237,C001237,2024-04-24,Website,Initial Visit,Always-on Web,Initial Interaction
I0001238,C001238,2024-05-26,Email,Initial Visit,CRM Nurture,Initial Interaction
I0002133,C001238,2024-06-07,Email,Configurator,CRM Nurture,Engaged Prospect
I0001239,C001239,2025-09-04,Paid Search,Initial Visit,Commercial Intent,Initial Interaction
I0002135,C001239,2025-09-16,Paid Search,Event Registration,Commercial Intent,Engaged Prospect
I0001240,C001240,2024-08-01,Website,Initial Visit,Always-on Web,Initial Interaction
I0001241,C001241,2024-08-19,Email,Initial Visit,CRM Nurture,Initial Interaction
I0002138,C001241,2024-08-24,Email,Callback Request,CRM Nurture,Engaged Prospect
I0001242,C001242,2025-09-15,Website,Initial Visit,Always-on Web,Initial Interaction
I0001243,C001243,2024-05-22,Paid Search,Initial Visit,Commercial Intent,Initial Interaction
I0002141,C001243,2024-05-28,Paid Search,Event Registration,Commercial Intent,Engaged Prospect
I0001244,C001244,2024-10-11,Referral,Initial Visit,Customer Referral,Initial Interaction
I0001245,C001245,2024-07-26,Paid Search,Initial Visit,Commercial Intent,Initial Interaction
I0001246,C001246,2024-07-30,Referral,Initial Visit,Customer Referral,Initial Interaction
I0002145,C001246,2024-08-13,Referral,Callback Request,Customer Referral,Engaged Prospect
I0001247,C001247,2025-02-20,Paid Search,Initial Visit,Commercial Intent,Initial Interaction
I0002147,C001247,2025-03-06,Paid Search,Event Registration,Commercial Intent,Engaged Prospect
I0001248,C001248,2025-06-02,Paid Search,Initial Visit,Commercial Intent,Initial Interaction
I0002149,C001248,2025-06-06,Paid Search,Configurator,Commercial Intent,Engaged Prospect
I0001249,C001249,2024-07-04,Website,Initial Visit,Always-on Web,Initial Interaction
I0002151,C001249,2024-07-18,Website,Callback Request,Always-on Web,Engaged Prospect
I0001250,C001250,2024-01-27,Paid Search,Initial Visit,Commercial Intent,Initial Interaction
I0002153,C001250,2024-01-30,Paid Search,Configurator,Commercial Intent,Engaged Prospect
I0001251,C001251,2025-03-23,Paid Search,Initial Visit,Commercial Intent,Initial Interaction
I0002155,C001251,2025-03-27,Paid Search,Event Registration,Commercial Intent,Engaged Prospect
I0001252,C001252,2025-01-19,Dealer Event,Initial Visit,Van Experience Days,Initial Interaction
I0002157,C001252,2025-01-22,Dealer Event,Brochure Download,Van Experience Days,Engaged Prospect
I0001253,C001253,2025-04-06,Referral,Initial Visit,Customer Referral,Initial Interaction
I0002159,C001253,2025-04-18,Referral,Callback Request,Customer Referral,Engaged Prospect
I0001254,C001254,2024-11-11,Website,Initial Visit,Always-on Web,Initial Interaction
I0002161,C001254,2024-11-14,Website,Callback Request,Always-on Web,Engaged Prospect
I0001255,C001255,2025-06-27,Website,Initial Visit,Always-on Web,Initial Interaction
I0002163,C001255,2025-07-07,Website,Brochure Download,Always-on Web,Engaged Prospect
I0001256,C001256,2025-03-13,Social Media,Initial Visit,Urban Mobility,Initial Interaction
I0002165,C001256,2025-03-16,Social Media,Brochure Download,Urban Mobility,Engaged Prospect
I0001257,C001257,2025-06-14,Paid Search,Initial Visit,Commercial Intent,Initial Interaction
I0002167,C001257,2025-06-20,Paid Search,Brochure Download,Commercial Intent,Engaged Prospect
I0001258,C001258,2025-05-26,Paid Search,Initial Visit,Commercial Intent,Initial Interaction
I0001259,C001259,2024-12-13,Website,Initial Visit,Always-on Web,Initial Interaction
I0002170,C001259,2024-12-24,Website,Event Registration,Always-on Web,Engaged Prospect
I0001260,C001260,2024-08-15,Website,Initial Visit,Always-on Web,Initial Interaction
I0002172,C001260,2024-08-20,Website,Brochure Download,Always-on Web,Engaged Prospect
I0001261,C001261,2025-02-11,Social Media,Initial Visit,Urban Mobility,Initial Interaction
I0002174,C001261,2025-02-17,Social Media,Callback Request,Urban Mobility,Engaged Prospect
I0001262,C001262,2025-03-21,Website,Initial Visit,Always-on Web,Initial Interaction
I0002176,C001262,2025-03-26,Website,Event Registration,Always-on Web,Engaged Prospect
I0001263,C001263,2025-02-04,Email,Initial Visit,CRM Nurture,Initial Interaction
I0002178,C001263,2025-02-09,Email,Brochure Download,CRM Nurture,Engaged Prospect
I0001264,C001264,2025-01-02,Paid Search,Initial Visit,Commercial Intent,Initial Interaction
I0002180,C001264,2025-01-07,Paid Search,Callback Request,Commercial Intent,Engaged Prospect
I0001265,C001265,2024-08-28,Paid Search,Initial Visit,Commercial Intent,Initial Interaction
I0001266,C001266,2024-04-03,Social Media,Initial Visit,Urban Mobility,Initial Interaction
I0001267,C001267,2024-10-26,Website,Initial Visit,Always-on Web,Initial Interaction
I0002184,C001267,2024-11-08,Website,Callback Request,Always-on Web,Engaged Prospect
I0001268,C001268,2025-09-09,Dealer Event,Initial Visit,Van Experience Days,Initial Interaction
I0002186,C001268,2025-09-13,Dealer Event,Configurator,Van Experience Days,Engaged Prospect
I0001269,C001269,2025-05-16,Email,Initial Visit,CRM Nurture,Initial Interaction
I0002188,C001269,2025-05-22,Email,Event Registration,CRM Nurture,Engaged Prospect
I0001270,C001270,2025-06-12,Dealer Event,Initial Visit,Van Experience Days,Initial Interaction
I0002190,C001270,2025-06-16,Dealer Event,Event Registration,Van Experience Days,Engaged Prospect
I0001271,C001271,2025-05-30,Paid Search,Initial Visit,Commercial Intent,Initial Interaction
I0002192,C001271,2025-06-12,Paid Search,Brochure Download,Commercial Intent,Engaged Prospect
I0001272,C001272,2025-10-07,Paid Search,Initial Visit,Commercial Intent,Initial Interaction
I0002194,C001272,2025-10-08,Paid Search,Callback Request,Commercial Intent,Engaged Prospect
I0001273,C001273,2024-06-07,Website,Initial Visit,Always-on Web,Initial Interaction
I0002196,C001273,2024-06-12,Website,Event Registration,Always-on Web,Engaged Prospect
I0001274,C001274,2025-05-19,Social Media,Initial Visit,Urban Mobility,Initial Interaction
I0002198,C001274,2025-05-21,Social Media,Callback Request,Urban Mobility,Engaged Prospect
I0001275,C001275,2024-02-18,Social Media,Initial Visit,Urban Mobility,Initial Interaction
I0001276,C001276,2024-06-20,Paid Search,Initial Visit,Commercial Intent,Initial Interaction
I0001277,C001277,2024-01-21,Website,Initial Visit,Always-on Web,Initial Interaction
I0001278,C001278,2024-10-28,Website,Initial Visit,Always-on Web,Initial Interaction
I0002203,C001278,2024-11-07,Website,Brochure Download,Always-on Web,Engaged Prospect
I0001279,C001279,2024-04-08,Website,Initial Visit,Always-on Web,Initial Interaction
I0001280,C001280,2024-09-27,Paid Search,Initial Visit,Commercial Intent,Initial Interaction
I0001281,C001281,2024-04-04,Social Media,Initial Visit,Urban Mobility,Initial Interaction
I0002207,C001281,2024-04-09,Social Media,Brochure Download,Urban Mobility,Engaged Prospect
I0001282,C001282,2024-01-26,Referral,Initial Visit,Customer Referral,Initial Interaction
I0002209,C001282,2024-02-02,Referral,Event Registration,Customer Referral,Engaged Prospect
I0001283,C001283,2024-11-30,Website,Initial Visit,Always-on Web,Initial Interaction
I0002211,C001283,2024-12-14,Website,Callback Request,Always-on Web,Engaged Prospect
I0001284,C001284,2024-10-14,Website,Initial Visit,Always-on Web,Initial Interaction
I0001285,C001285,2024-10-18,Paid Search,Initial Visit,Commercial Intent,Initial Interaction
I0002214,C001285,2024-10-27,Paid Search,Configurator,Commercial Intent,Engaged Prospect
I0001286,C001286,2024-08-29,Website,Initial Visit,Always-on Web,Initial Interaction
I0002216,C001286,2024-09-01,Website,Event Registration,Always-on Web,Engaged Prospect
I0001287,C001287,2024-10-13,Email,Initial Visit,CRM Nurture,Initial Interaction
I0002218,C001287,2024-10-15,Email,Brochure Download,CRM Nurture,Engaged Prospect
I0001288,C001288,2024-01-03,Website,Initial Visit,Always-on Web,Initial Interaction
I0002220,C001288,2024-01-13,Website,Brochure Download,Always-on Web,Engaged Prospect
I0001289,C001289,2024-11-30,Referral,Initial Visit,Customer Referral,Initial Interaction
I0001290,C001290,2025-08-15,Dealer Event,Initial Visit,Van Experience Days,Initial Interaction
I0002223,C001290,2025-08-22,Dealer Event,Configurator,Van Experience Days,Engaged Prospect
I0001291,C001291,2024-04-07,Social Media,Initial Visit,Urban Mobility,Initial Interaction
I0002225,C001291,2024-04-20,Social Media,Event Registration,Urban Mobility,Engaged Prospect
I0001292,C001292,2024-04-10,Referral,Initial Visit,Customer Referral,Initial Interaction
I0002227,C001292,2024-04-16,Referral,Configurator,Customer Referral,Engaged Prospect
I0001293,C001293,2025-06-30,Social Media,Initial Visit,Urban Mobility,Initial Interaction
I0001294,C001294,2024-12-16,Referral,Initial Visit,Customer Referral,Initial Interaction
I0002230,C001294,2024-12-24,Referral,Event Registration,Customer Referral,Engaged Prospect
I0001295,C001295,2024-06-29,Website,Initial Visit,Always-on Web,Initial Interaction
I0002232,C001295,2024-07-03,Website,Configurator,Always-on Web,Engaged Prospect
I0001296,C001296,2025-07-03,Referral,Initial Visit,Customer Referral,Initial Interaction
I0001297,C001297,2024-08-15,Website,Initial Visit,Always-on Web,Initial Interaction
I0002235,C001297,2024-08-22,Website,Callback Request,Always-on Web,Engaged Prospect
I0001298,C001298,2025-02-27,Paid Search,Initial Visit,Commercial Intent,Initial Interaction
I0002237,C001298,2025-03-05,Paid Search,Brochure Download,Commercial Intent,Engaged Prospect
I0001299,C001299,2025-01-24,Referral,Initial Visit,Customer Referral,Initial Interaction
I0002239,C001299,2025-01-29,Referral,Brochure Download,Customer Referral,Engaged Prospect
I0001300,C001300,2024-04-28,Paid Search,Initial Visit,Commercial Intent,Initial Interaction
I0002241,C001300,2024-05-10,Paid Search,Configurator,Commercial Intent,Engaged Prospect
I0001301,C001301,2025-06-12,Website,Initial Visit,Always-on Web,Initial Interaction
I0002243,C001301,2025-06-19,Website,Event Registration,Always-on Web,Engaged Prospect
I0001302,C001302,2025-03-08,Website,Initial Visit,Always-on Web,Initial Interaction
I0001303,C001303,2024-05-25,Website,Initial Visit,Always-on Web,Initial Interaction
I0002246,C001303,2024-05-30,Website,Callback Request,Always-on Web,Engaged Prospect
I0001304,C001304,2025-06-14,Paid Search,Initial Visit,Commercial Intent,Initial Interaction
I0002248,C001304,2025-06-15,Paid Search,Brochure Download,Commercial Intent,Engaged Prospect
I0001305,C001305,2025-03-10,Paid Search,Initial Visit,Commercial Intent,Initial Interaction
I0001306,C001306,2025-08-21,Social Media,Initial Visit,Urban Mobility,Initial Interaction
I0002251,C001306,2025-08-24,Social Media,Event Registration,Urban Mobility,Engaged Prospect
I0001307,C001307,2025-07-28,Dealer Event,Initial Visit,Van Experience Days,Initial Interaction
I0002253,C001307,2025-08-05,Dealer Event,Callback Request,Van Experience Days,Engaged Prospect
I0001308,C001308,2024-08-11,Website,Initial Visit,Always-on Web,Initial Interaction
I0002255,C001308,2024-08-19,Website,Brochure Download,Always-on Web,Engaged Prospect
I0001309,C001309,2025-10-17,Dealer Event,Initial Visit,Van Experience Days,Initial Interaction
I0002257,C001309,2025-10-23,Dealer Event,Configurator,Van Experience Days,Engaged Prospect
I0001310,C001310,2024-01-24,Social Media,Initial Visit,Urban Mobility,Initial Interaction
I0002259,C001310,2024-02-04,Social Media,Event Registration,Urban Mobility,Engaged Prospect
I0001311,C001311,2024-08-21,Email,Initial Visit,CRM Nurture,Initial Interaction
I0002261,C001311,2024-08-29,Email,Configurator,CRM Nurture,Engaged Prospect
I0001312,C001312,2025-03-01,Email,Initial Visit,CRM Nurture,Initial Interaction
I0002263,C001312,2025-03-06,Email,Callback Request,CRM Nurture,Engaged Prospect
I0001313,C001313,2025-01-09,Referral,Initial Visit,Customer Referral,Initial Interaction
I0001314,C001314,2024-06-07,Website,Initial Visit,Always-on Web,Initial Interaction
I0002266,C001314,2024-06-12,Website,Callback Request,Always-on Web,Engaged Prospect
I0001315,C001315,2024-05-19,Social Media,Initial Visit,Urban Mobility,Initial Interaction
I0002268,C001315,2024-05-23,Social Media,Callback Request,Urban Mobility,Engaged Prospect
I0001316,C001316,2025-06-30,Referral,Initial Visit,Customer Referral,Initial Interaction
I0002270,C001316,2025-07-10,Referral,Configurator,Customer Referral,Engaged Prospect
I0001317,C001317,2025-09-05,Email,Initial Visit,CRM Nurture,Initial Interaction
I0002272,C001317,2025-09-14,Email,Configurator,CRM Nurture,Engaged Prospect
I0001318,C001318,2025-04-20,Website,Initial Visit,Always-on Web,Initial Interaction
I0001319,C001319,2025-01-06,Social Media,Initial Visit,Urban Mobility,Initial Interaction
I0002275,C001319,2025-01-16,Social Media,Event Registration,Urban Mobility,Engaged Prospect
I0001320,C001320,2025-06-25,Dealer Event,Initial Visit,Van Experience Days,Initial Interaction
I0001321,C001321,2024-06-17,Website,Initial Visit,Always-on Web,Initial Interaction
I0001322,C001322,2025-11-08,Social Media,Initial Visit,Urban Mobility,Initial Interaction
I0001323,C001323,2024-03-28,Dealer Event,Initial Visit,Van Experience Days,Initial Interaction
I0001324,C001324,2025-02-13,Social Media,Initial Visit,Urban Mobility,Initial Interaction
I0002281,C001324,2025-02-20,Social Media,Callback Request,Urban Mobility,Engaged Prospect
I0001325,C001325,2024-08-26,Website,Initial Visit,Always-on Web,Initial Interaction
I0002283,C001325,2024-08-29,Website,Event Registration,Always-on Web,Engaged Prospect
I0001326,C001326,2025-09-25,Social Media,Initial Visit,Urban Mobility,Initial Interaction
I0002285,C001326,2025-10-06,Social Media,Callback Request,Urban Mobility,Engaged Prospect
I0001327,C001327,2024-06-20,Social Media,Initial Visit,Urban Mobility,Initial Interaction
I0002287,C001327,2024-06-22,Social Media,Event Registration,Urban Mobility,Engaged Prospect
I0001328,C001328,2025-03-25,Paid Search,Initial Visit,Commercial Intent,Initial Interaction
I0002289,C001328,2025-04-01,Paid Search,Callback Request,Commercial Intent,Engaged Prospect
I0001329,C001329,2024-04-19,Email,Initial Visit,CRM Nurture,Initial Interaction
I0002291,C001329,2024-04-26,Email,Configurator,CRM Nurture,Engaged Prospect
I0001330,C001330,2024-05-07,Paid Search,Initial Visit,Commercial Intent,Initial Interaction
I0002293,C001330,2024-05-18,Paid Search,Configurator,Commercial Intent,Engaged Prospect
I0001331,C001331,2024-10-18,Dealer Event,Initial Visit,Van Experience Days,Initial Interaction
I0002295,C001331,2024-10-29,Dealer Event,Brochure Download,Van Experience Days,Engaged Prospect
I0001332,C001332,2025-07-13,Dealer Event,Initial Visit,Van Experience Days,Initial Interaction
I0001333,C001333,2024-07-13,Dealer Event,Initial Visit,Van Experience Days,Initial Interaction
I0001334,C001334,2025-04-30,Social Media,Initial Visit,Urban Mobility,Initial Interaction
I0002299,C001334,2025-05-12,Social Media,Configurator,Urban Mobility,Engaged Prospect
I0001335,C001335,2025-02-03,Website,Initial Visit,Always-on Web,Initial Interaction
I0002301,C001335,2025-02-08,Website,Event Registration,Always-on Web,Engaged Prospect
I0001336,C001336,2025-11-15,Email,Initial Visit,CRM Nurture,Initial Interaction
I0002303,C001336,2025-11-29,Email,Configurator,CRM Nurture,Engaged Prospect
I0001337,C001337,2024-07-29,Website,Initial Visit,Always-on Web,Initial Interaction
I0002305,C001337,2024-08-11,Website,Callback Request,Always-on Web,Engaged Prospect
I0001338,C001338,2024-06-19,Social Media,Initial Visit,Urban Mobility,Initial Interaction
I0002307,C001338,2024-06-24,Social Media,Brochure Download,Urban Mobility,Engaged Prospect
I0001339,C001339,2025-09-23,Website,Initial Visit,Always-on Web,Initial Interaction
I0002309,C001339,2025-09-30,Website,Configurator,Always-on Web,Engaged Prospect
I0001340,C001340,2024-08-21,Social Media,Initial Visit,Urban Mobility,Initial Interaction
I0002311,C001340,2024-08-27,Social Media,Callback Request,Urban Mobility,Engaged Prospect
I0001341,C001341,2024-05-30,Email,Initial Visit,CRM Nurture,Initial Interaction
I0001342,C001342,2025-07-29,Paid Search,Initial Visit,Commercial Intent,Initial Interaction
I0002314,C001342,2025-08-11,Paid Search,Callback Request,Commercial Intent,Engaged Prospect
I0001343,C001343,2025-07-22,Paid Search,Initial Visit,Commercial Intent,Initial Interaction
I0002316,C001343,2025-08-02,Paid Search,Callback Request,Commercial Intent,Engaged Prospect
I0001344,C001344,2024-02-14,Website,Initial Visit,Always-on Web,Initial Interaction
I0002318,C001344,2024-02-27,Website,Brochure Download,Always-on Web,Engaged Prospect
I0001345,C001345,2025-08-22,Paid Search,Initial Visit,Commercial Intent,Initial Interaction
I0002320,C001345,2025-09-04,Paid Search,Callback Request,Commercial Intent,Engaged Prospect
I0001346,C001346,2025-03-19,Paid Search,Initial Visit,Commercial Intent,Initial Interaction
I0002322,C001346,2025-03-22,Paid Search,Brochure Download,Commercial Intent,Engaged Prospect
I0001347,C001347,2024-07-14,Dealer Event,Initial Visit,Van Experience Days,Initial Interaction
I0002324,C001347,2024-07-24,Dealer Event,Event Registration,Van Experience Days,Engaged Prospect
I0001348,C001348,2025-01-09,Dealer Event,Initial Visit,Van Experience Days,Initial Interaction
I0001349,C001349,2024-06-16,Referral,Initial Visit,Customer Referral,Initial Interaction
I0002327,C001349,2024-06-29,Referral,Callback Request,Customer Referral,Engaged Prospect
I0001350,C001350,2024-04-28,Website,Initial Visit,Always-on Web,Initial Interaction
I0001351,C001351,2024-04-02,Paid Search,Initial Visit,Commercial Intent,Initial Interaction
I0001352,C001352,2024-04-25,Paid Search,Initial Visit,Commercial Intent,Initial Interaction
I0001353,C001353,2025-02-11,Social Media,Initial Visit,Urban Mobility,Initial Interaction
I0002332,C001353,2025-02-18,Social Media,Configurator,Urban Mobility,Engaged Prospect
I0001354,C001354,2025-07-21,Email,Initial Visit,CRM Nurture,Initial Interaction
I0002334,C001354,2025-07-27,Email,Brochure Download,CRM Nurture,Engaged Prospect
I0001355,C001355,2024-12-06,Dealer Event,Initial Visit,Van Experience Days,Initial Interaction
I0001356,C001356,2024-01-11,Social Media,Initial Visit,Urban Mobility,Initial Interaction
I0001357,C001357,2024-10-27,Social Media,Initial Visit,Urban Mobility,Initial Interaction
I0002338,C001357,2024-11-10,Social Media,Callback Request,Urban Mobility,Engaged Prospect
I0001358,C001358,2025-06-06,Referral,Initial Visit,Customer Referral,Initial Interaction
I0001359,C001359,2025-08-07,Website,Initial Visit,Always-on Web,Initial Interaction
I0001360,C001360,2025-05-27,Dealer Event,Initial Visit,Van Experience Days,Initial Interaction
I0002342,C001360,2025-06-02,Dealer Event,Event Registration,Van Experience Days,Engaged Prospect
I0001361,C001361,2024-09-15,Email,Initial Visit,CRM Nurture,Initial Interaction
I0002344,C001361,2024-09-17,Email,Configurator,CRM Nurture,Engaged Prospect
I0001362,C001362,2025-03-30,Website,Initial Visit,Always-on Web,Initial Interaction
I0002346,C001362,2025-04-01,Website,Configurator,Always-on Web,Engaged Prospect
I0001363,C001363,2024-02-17,Referral,Initial Visit,Customer Referral,Initial Interaction
I0001364,C001364,2024-10-13,Dealer Event,Initial Visit,Van Experience Days,Initial Interaction
I0002349,C001364,2024-10-16,Dealer Event,Configurator,Van Experience Days,Engaged Prospect
I0001365,C001365,2025-01-10,Dealer Event,Initial Visit,Van Experience Days,Initial Interaction
I0002351,C001365,2025-01-17,Dealer Event,Configurator,Van Experience Days,Engaged Prospect
I0001366,C001366,2024-01-20,Website,Initial Visit,Always-on Web,Initial Interaction
I0002353,C001366,2024-01-25,Website,Brochure Download,Always-on Web,Engaged Prospect
I0001367,C001367,2024-01-11,Website,Initial Visit,Always-on Web,Initial Interaction
I0002355,C001367,2024-01-22,Website,Event Registration,Always-on Web,Engaged Prospect
I0001368,C001368,2025-07-15,Email,Initial Visit,CRM Nurture,Initial Interaction
I0002357,C001368,2025-07-22,Email,Event Registration,CRM Nurture,Engaged Prospect
I0001369,C001369,2024-06-03,Website,Initial Visit,Always-on Web,Initial Interaction
I0002359,C001369,2024-06-05,Website,Configurator,Always-on Web,Engaged Prospect
I0001370,C001370,2024-03-28,Website,Initial Visit,Always-on Web,Initial Interaction
I0002361,C001370,2024-04-02,Website,Configurator,Always-on Web,Engaged Prospect
I0001371,C001371,2025-02-18,Paid Search,Initial Visit,Commercial Intent,Initial Interaction
I0002363,C001371,2025-03-01,Paid Search,Brochure Download,Commercial Intent,Engaged Prospect
I0001372,C001372,2024-07-15,Website,Initial Visit,Always-on Web,Initial Interaction
I0001373,C001373,2025-11-16,Email,Initial Visit,CRM Nurture,Initial Interaction
I0002366,C001373,2025-11-25,Email,Configurator,CRM Nurture,Engaged Prospect
I0001374,C001374,2025-10-24,Social Media,Initial Visit,Urban Mobility,Initial Interaction
I0001375,C001375,2025-07-30,Website,Initial Visit,Always-on Web,Initial Interaction
I0002369,C001375,2025-08-01,Website,Brochure Download,Always-on Web,Engaged Prospect
I0001376,C001376,2024-07-30,Social Media,Initial Visit,Urban Mobility,Initial Interaction
I0002371,C001376,2024-08-06,Social Media,Callback Request,Urban Mobility,Engaged Prospect
I0001377,C001377,2025-09-04,Website,Initial Visit,Always-on Web,Initial Interaction
I0002373,C001377,2025-09-05,Website,Event Registration,Always-on Web,Engaged Prospect
I0001378,C001378,2024-06-27,Website,Initial Visit,Always-on Web,Initial Interaction
I0001379,C001379,2024-06-16,Paid Search,Initial Visit,Commercial Intent,Initial Interaction
I0001380,C001380,2025-11-12,Social Media,Initial Visit,Urban Mobility,Initial Interaction
I0001381,C001381,2025-04-16,Paid Search,Initial Visit,Commercial Intent,Initial Interaction
I0002378,C001381,2025-04-20,Paid Search,Configurator,Commercial Intent,Engaged Prospect
I0001382,C001382,2024-03-01,Social Media,Initial Visit,Urban Mobility,Initial Interaction
I0001383,C001383,2025-09-12,Paid Search,Initial Visit,Commercial Intent,Initial Interaction
I0002381,C001383,2025-09-16,Paid Search,Event Registration,Commercial Intent,Engaged Prospect
I0001384,C001384,2024-04-22,Social Media,Initial Visit,Urban Mobility,Initial Interaction
I0002383,C001384,2024-04-25,Social Media,Configurator,Urban Mobility,Engaged Prospect
I0001385,C001385,2025-04-21,Paid Search,Initial Visit,Commercial Intent,Initial Interaction
I0002385,C001385,2025-04-30,Paid Search,Event Registration,Commercial Intent,Engaged Prospect
I0001386,C001386,2024-11-02,Email,Initial Visit,CRM Nurture,Initial Interaction
I0002387,C001386,2024-11-14,Email,Callback Request,CRM Nurture,Engaged Prospect
I0001387,C001387,2024-01-13,Social Media,Initial Visit,Urban Mobility,Initial Interaction
I0002389,C001387,2024-01-14,Social Media,Callback Request,Urban Mobility,Engaged Prospect
I0001388,C001388,2025-07-05,Website,Initial Visit,Always-on Web,Initial Interaction
I0002391,C001388,2025-07-18,Website,Callback Request,Always-on Web,Engaged Prospect
I0001389,C001389,2025-04-25,Email,Initial Visit,CRM Nurture,Initial Interaction
I0002393,C001389,2025-05-08,Email,Event Registration,CRM Nurture,Engaged Prospect
I0001390,C001390,2025-09-11,Dealer Event,Initial Visit,Van Experience Days,Initial Interaction
I0001391,C001391,2025-03-04,Website,Initial Visit,Always-on Web,Initial Interaction
I0001392,C001392,2025-06-12,Social Media,Initial Visit,Urban Mobility,Initial Interaction
I0002397,C001392,2025-06-19,Social Media,Brochure Download,Urban Mobility,Engaged Prospect
I0001393,C001393,2025-09-26,Dealer Event,Initial Visit,Van Experience Days,Initial Interaction
I0002399,C001393,2025-10-02,Dealer Event,Callback Request,Van Experience Days,Engaged Prospect
I0001394,C001394,2025-11-14,Website,Initial Visit,Always-on Web,Initial Interaction
I0002401,C001394,2025-11-18,Website,Brochure Download,Always-on Web,Engaged Prospect
I0001395,C001395,2025-01-27,Referral,Initial Visit,Customer Referral,Initial Interaction
I0002403,C001395,2025-02-10,Referral,Brochure Download,Customer Referral,Engaged Prospect
I0001396,C001396,2024-01-12,Paid Search,Initial Visit,Commercial Intent,Initial Interaction
I0002405,C001396,2024-01-17,Paid Search,Brochure Download,Commercial Intent,Engaged Prospect
I0001397,C001397,2024-08-30,Email,Initial Visit,CRM Nurture,Initial Interaction
I0002407,C001397,2024-09-13,Email,Configurator,CRM Nurture,Engaged Prospect
I0001398,C001398,2025-03-09,Dealer Event,Initial Visit,Van Experience Days,Initial Interaction
I0001399,C001399,2024-03-17,Referral,Initial Visit,Customer Referral,Initial Interaction
I0002410,C001399,2024-03-23,Referral,Configurator,Customer Referral,Engaged Prospect
I0001400,C001400,2024-03-22,Social Media,Initial Visit,Urban Mobility,Initial Interaction
I0002412,C001400,2024-03-24,Social Media,Event Registration,Urban Mobility,Engaged Prospect
I0001401,C001401,2024-10-03,Email,Initial Visit,CRM Nurture,Initial Interaction
I0002414,C001401,2024-10-10,Email,Brochure Download,CRM Nurture,Engaged Prospect
I0001402,C001402,2025-09-29,Website,Initial Visit,Always-on Web,Initial Interaction
I0002416,C001402,2025-09-30,Website,Callback Request,Always-on Web,Engaged Prospect
I0001403,C001403,2024-08-13,Paid Search,Initial Visit,Commercial Intent,Initial Interaction
I0002418,C001403,2024-08-17,Paid Search,Brochure Download,Commercial Intent,Engaged Prospect
I0001404,C001404,2025-10-16,Dealer Event,Initial Visit,Van Experience Days,Initial Interaction
I0002420,C001404,2025-10-27,Dealer Event,Event Registration,Van Experience Days,Engaged Prospect
I0001405,C001405,2025-07-16,Paid Search,Initial Visit,Commercial Intent,Initial Interaction
I0001406,C001406,2024-07-31,Dealer Event,Initial Visit,Van Experience Days,Initial Interaction
I0002423,C001406,2024-08-13,Dealer Event,Brochure Download,Van Experience Days,Engaged Prospect
I0001407,C001407,2024-06-10,Website,Initial Visit,Always-on Web,Initial Interaction
I0002425,C001407,2024-06-22,Website,Configurator,Always-on Web,Engaged Prospect
I0001408,C001408,2025-08-02,Website,Initial Visit,Always-on Web,Initial Interaction
I0002427,C001408,2025-08-05,Website,Brochure Download,Always-on Web,Engaged Prospect
I0001409,C001409,2025-06-13,Website,Initial Visit,Always-on Web,Initial Interaction
I0002429,C001409,2025-06-20,Website,Event Registration,Always-on Web,Engaged Prospect
I0001410,C001410,2025-03-17,Social Media,Initial Visit,Urban Mobility,Initial Interaction
I0002431,C001410,2025-03-25,Social Media,Configurator,Urban Mobility,Engaged Prospect
I0001411,C001411,2025-11-15,Website,Initial Visit,Always-on Web,Initial Interaction
I0002433,C001411,2025-11-18,Website,Configurator,Always-on Web,Engaged Prospect
I0001412,C001412,2024-03-11,Paid Search,Initial Visit,Commercial Intent,Initial Interaction
I0002435,C001412,2024-03-15,Paid Search,Brochure Download,Commercial Intent,Engaged Prospect
I0001413,C001413,2024-09-27,Referral,Initial Visit,Customer Referral,Initial Interaction
I0002437,C001413,2024-09-28,Referral,Event Registration,Customer Referral,Engaged Prospect
I0001414,C001414,2025-02-25,Dealer Event,Initial Visit,Van Experience Days,Initial Interaction
I0001415,C001415,2024-02-20,Email,Initial Visit,CRM Nurture,Initial Interaction
I0002440,C001415,2024-02-21,Email,Configurator,CRM Nurture,Engaged Prospect
I0001416,C001416,2025-11-14,Website,Initial Visit,Always-on Web,Initial Interaction
I0002442,C001416,2025-11-21,Website,Event Registration,Always-on Web,Engaged Prospect
I0001417,C001417,2025-02-04,Paid Search,Initial Visit,Commercial Intent,Initial Interaction
I0001418,C001418,2024-08-03,Email,Initial Visit,CRM Nurture,Initial Interaction
I0001419,C001419,2024-06-16,Website,Initial Visit,Always-on Web,Initial Interaction
I0001420,C001420,2024-01-01,Paid Search,Initial Visit,Commercial Intent,Initial Interaction
I0002447,C001420,2024-01-10,Paid Search,Brochure Download,Commercial Intent,Engaged Prospect
I0001421,C001421,2025-02-18,Referral,Initial Visit,Customer Referral,Initial Interaction
I0002449,C001421,2025-03-02,Referral,Configurator,Customer Referral,Engaged Prospect
I0001422,C001422,2025-11-14,Website,Initial Visit,Always-on Web,Initial Interaction
I0001423,C001423,2024-01-26,Referral,Initial Visit,Customer Referral,Initial Interaction
I0002452,C001423,2024-02-08,Referral,Event Registration,Customer Referral,Engaged Prospect
I0001424,C001424,2024-10-16,Website,Initial Visit,Always-on Web,Initial Interaction
I0001425,C001425,2025-04-08,Website,Initial Visit,Always-on Web,Initial Interaction
I0002455,C001425,2025-04-11,Website,Configurator,Always-on Web,Engaged Prospect
I0001426,C001426,2024-10-28,Website,Initial Visit,Always-on Web,Initial Interaction
I0002457,C001426,2024-11-01,Website,Brochure Download,Always-on Web,Engaged Prospect
I0001427,C001427,2025-03-31,Referral,Initial Visit,Customer Referral,Initial Interaction
I0002459,C001427,2025-04-09,Referral,Configurator,Customer Referral,Engaged Prospect
I0001428,C001428,2025-05-13,Social Media,Initial Visit,Urban Mobility,Initial Interaction
I0002461,C001428,2025-05-24,Social Media,Configurator,Urban Mobility,Engaged Prospect
I0001429,C001429,2025-11-06,Email,Initial Visit,CRM Nurture,Initial Interaction
I0002463,C001429,2025-11-20,Email,Event Registration,CRM Nurture,Engaged Prospect
I0001430,C001430,2025-02-27,Paid Search,Initial Visit,Commercial Intent,Initial Interaction
I0002465,C001430,2025-03-13,Paid Search,Configurator,Commercial Intent,Engaged Prospect
I0001431,C001431,2025-05-11,Dealer Event,Initial Visit,Van Experience Days,Initial Interaction
I0001432,C001432,2024-07-30,Social Media,Initial Visit,Urban Mobility,Initial Interaction
I0001433,C001433,2024-04-15,Social Media,Initial Visit,Urban Mobility,Initial Interaction
I0002469,C001433,2024-04-20,Social Media,Brochure Download,Urban Mobility,Engaged Prospect
I0001434,C001434,2024-03-10,Email,Initial Visit,CRM Nurture,Initial Interaction
I0002471,C001434,2024-03-18,Email,Brochure Download,CRM Nurture,Engaged Prospect
I0001435,C001435,2024-03-17,Dealer Event,Initial Visit,Van Experience Days,Initial Interaction
I0002473,C001435,2024-03-18,Dealer Event,Callback Request,Van Experience Days,Engaged Prospect
I0001436,C001436,2025-08-02,Email,Initial Visit,CRM Nurture,Initial Interaction
I0002475,C001436,2025-08-06,Email,Brochure Download,CRM Nurture,Engaged Prospect
I0001437,C001437,2024-01-29,Website,Initial Visit,Always-on Web,Initial Interaction
I0002477,C001437,2024-01-31,Website,Configurator,Always-on Web,Engaged Prospect
I0001438,C001438,2024-12-04,Dealer Event,Initial Visit,Van Experience Days,Initial Interaction
I0001439,C001439,2025-03-05,Website,Initial Visit,Always-on Web,Initial Interaction
I0002480,C001439,2025-03-19,Website,Brochure Download,Always-on Web,Engaged Prospect
I0001440,C001440,2025-04-15,Referral,Initial Visit,Customer Referral,Initial Interaction
I0002482,C001440,2025-04-18,Referral,Brochure Download,Customer Referral,Engaged Prospect
I0001441,C001441,2024-02-16,Paid Search,Initial Visit,Commercial Intent,Initial Interaction
I0002484,C001441,2024-03-01,Paid Search,Brochure Download,Commercial Intent,Engaged Prospect
I0001442,C001442,2025-08-25,Website,Initial Visit,Always-on Web,Initial Interaction
I0002486,C001442,2025-09-07,Website,Configurator,Always-on Web,Engaged Prospect
I0001443,C001443,2024-11-02,Paid Search,Initial Visit,Commercial Intent,Initial Interaction
I0002488,C001443,2024-11-12,Paid Search,Configurator,Commercial Intent,Engaged Prospect
I0001444,C001444,2024-01-13,Social Media,Initial Visit,Urban Mobility,Initial Interaction
I0002490,C001444,2024-01-17,Social Media,Configurator,Urban Mobility,Engaged Prospect
I0001445,C001445,2024-04-02,Paid Search,Initial Visit,Commercial Intent,Initial Interaction
I0001446,C001446,2025-08-24,Dealer Event,Initial Visit,Van Experience Days,Initial Interaction
I0002493,C001446,2025-09-07,Dealer Event,Event Registration,Van Experience Days,Engaged Prospect
I0001447,C001447,2025-10-22,Email,Initial Visit,CRM Nurture,Initial Interaction
I0001448,C001448,2025-06-10,Website,Initial Visit,Always-on Web,Initial Interaction
I0002496,C001448,2025-06-19,Website,Event Registration,Always-on Web,Engaged Prospect
I0001449,C001449,2024-08-21,Social Media,Initial Visit,Urban Mobility,Initial Interaction
I0002498,C001449,2024-09-02,Social Media,Configurator,Urban Mobility,Engaged Prospect
I0001450,C001450,2025-10-24,Dealer Event,Initial Visit,Van Experience Days,Initial Interaction
I0001451,C001451,2024-07-12,Dealer Event,Initial Visit,Van Experience Days,Initial Interaction
I0002501,C001451,2024-07-26,Dealer Event,Configurator,Van Experience Days,Engaged Prospect
I0001452,C001452,2024-06-12,Paid Search,Initial Visit,Commercial Intent,Initial Interaction
I0002503,C001452,2024-06-26,Paid Search,Configurator,Commercial Intent,Engaged Prospect
I0001453,C001453,2025-06-19,Referral,Initial Visit,Customer Referral,Initial Interaction
I0002505,C001453,2025-06-29,Referral,Brochure Download,Customer Referral,Engaged Prospect
I0001454,C001454,2024-08-13,Website,Initial Visit,Always-on Web,Initial Interaction
I0001455,C001455,2024-12-29,Email,Initial Visit,CRM Nurture,Initial Interaction
I0002508,C001455,2025-01-12,Email,Brochure Download,CRM Nurture,Engaged Prospect
I0001456,C001456,2025-04-08,Dealer Event,Initial Visit,Van Experience Days,Initial Interaction
I0002510,C001456,2025-04-18,Dealer Event,Event Registration,Van Experience Days,Engaged Prospect
I0001457,C001457,2024-04-26,Paid Search,Initial Visit,Commercial Intent,Initial Interaction
I0001458,C001458,2025-10-10,Website,Initial Visit,Always-on Web,Initial Interaction
I0002513,C001458,2025-10-12,Website,Callback Request,Always-on Web,Engaged Prospect
I0001459,C001459,2024-04-26,Email,Initial Visit,CRM Nurture,Initial Interaction
I0002515,C001459,2024-05-04,Email,Brochure Download,CRM Nurture,Engaged Prospect
I0001460,C001460,2025-11-25,Paid Search,Initial Visit,Commercial Intent,Initial Interaction
I0001461,C001461,2024-07-13,Website,Initial Visit,Always-on Web,Initial Interaction
I0002518,C001461,2024-07-16,Website,Configurator,Always-on Web,Engaged Prospect
I0001462,C001462,2024-10-18,Website,Initial Visit,Always-on Web,Initial Interaction
I0002520,C001462,2024-10-29,Website,Brochure Download,Always-on Web,Engaged Prospect
I0001463,C001463,2024-06-26,Email,Initial Visit,CRM Nurture,Initial Interaction
I0001464,C001464,2025-01-12,Website,Initial Visit,Always-on Web,Initial Interaction
I0002523,C001464,2025-01-22,Website,Brochure Download,Always-on Web,Engaged Prospect
I0001465,C001465,2024-01-01,Paid Search,Initial Visit,Commercial Intent,Initial Interaction
I0001466,C001466,2024-04-29,Referral,Initial Visit,Customer Referral,Initial Interaction
I0002526,C001466,2024-05-05,Referral,Brochure Download,Customer Referral,Engaged Prospect
I0001467,C001467,2024-12-29,Email,Initial Visit,CRM Nurture,Initial Interaction
I0002528,C001467,2025-01-04,Email,Brochure Download,CRM Nurture,Engaged Prospect
I0001468,C001468,2025-04-30,Social Media,Initial Visit,Urban Mobility,Initial Interaction
I0002530,C001468,2025-05-05,Social Media,Callback Request,Urban Mobility,Engaged Prospect
I0001469,C001469,2025-11-04,Social Media,Initial Visit,Urban Mobility,Initial Interaction
I0002532,C001469,2025-11-05,Social Media,Event Registration,Urban Mobility,Engaged Prospect
I0001470,C001470,2025-08-09,Website,Initial Visit,Always-on Web,Initial Interaction
I0002534,C001470,2025-08-11,Website,Brochure Download,Always-on Web,Engaged Prospect
I0001471,C001471,2025-10-07,Paid Search,Initial Visit,Commercial Intent,Initial Interaction
I0002536,C001471,2025-10-12,Paid Search,Configurator,Commercial Intent,Engaged Prospect
I0001472,C001472,2025-07-13,Website,Initial Visit,Always-on Web,Initial Interaction
I0001473,C001473,2025-06-27,Website,Initial Visit,Always-on Web,Initial Interaction
I0002539,C001473,2025-06-28,Website,Configurator,Always-on Web,Engaged Prospect
I0001474,C001474,2024-08-30,Website,Initial Visit,Always-on Web,Initial Interaction
I0002541,C001474,2024-09-13,Website,Callback Request,Always-on Web,Engaged Prospect
I0001475,C001475,2025-09-25,Social Media,Initial Visit,Urban Mobility,Initial Interaction
I0002543,C001475,2025-10-06,Social Media,Callback Request,Urban Mobility,Engaged Prospect
I0001476,C001476,2025-11-05,Website,Initial Visit,Always-on Web,Initial Interaction
I0002545,C001476,2025-11-18,Website,Event Registration,Always-on Web,Engaged Prospect
I0001477,C001477,2024-12-25,Website,Initial Visit,Always-on Web,Initial Interaction
I0002547,C001477,2024-12-29,Website,Configurator,Always-on Web,Engaged Prospect
I0001478,C001478,2024-03-25,Dealer Event,Initial Visit,Van Experience Days,Initial Interaction
I0001479,C001479,2024-01-30,Website,Initial Visit,Always-on Web,Initial Interaction
I0002550,C001479,2024-02-13,Website,Brochure Download,Always-on Web,Engaged Prospect
I0001480,C001480,2024-12-11,Email,Initial Visit,CRM Nurture,Initial Interaction
I0001481,C001481,2025-03-20,Paid Search,Initial Visit,Commercial Intent,Initial Interaction
I0002553,C001481,2025-03-25,Paid Search,Configurator,Commercial Intent,Engaged Prospect
I0001482,C001482,2025-01-23,Social Media,Initial Visit,Urban Mobility,Initial Interaction
I0002555,C001482,2025-01-28,Social Media,Configurator,Urban Mobility,Engaged Prospect
I0001483,C001483,2025-09-19,Website,Initial Visit,Always-on Web,Initial Interaction
I0002557,C001483,2025-09-30,Website,Brochure Download,Always-on Web,Engaged Prospect
I0001484,C001484,2025-01-10,Website,Initial Visit,Always-on Web,Initial Interaction
I0002559,C001484,2025-01-15,Website,Callback Request,Always-on Web,Engaged Prospect
I0001485,C001485,2025-04-07,Dealer Event,Initial Visit,Van Experience Days,Initial Interaction
I0001486,C001486,2025-06-14,Paid Search,Initial Visit,Commercial Intent,Initial Interaction
I0002562,C001486,2025-06-18,Paid Search,Callback Request,Commercial Intent,Engaged Prospect
I0001487,C001487,2025-09-18,Website,Initial Visit,Always-on Web,Initial Interaction
I0002564,C001487,2025-09-28,Website,Brochure Download,Always-on Web,Engaged Prospect
I0001488,C001488,2025-03-02,Paid Search,Initial Visit,Commercial Intent,Initial Interaction
I0002566,C001488,2025-03-16,Paid Search,Callback Request,Commercial Intent,Engaged Prospect
I0001489,C001489,2025-01-25,Social Media,Initial Visit,Urban Mobility,Initial Interaction
I0002568,C001489,2025-02-07,Social Media,Configurator,Urban Mobility,Engaged Prospect
I0001490,C001490,2024-02-23,Website,Initial Visit,Always-on Web,Initial Interaction
I0002570,C001490,2024-02-24,Website,Callback Request,Always-on Web,Engaged Prospect
I0001491,C001491,2025-03-25,Social Media,Initial Visit,Urban Mobility,Initial Interaction
I0002572,C001491,2025-04-05,Social Media,Event Registration,Urban Mobility,Engaged Prospect
I0001492,C001492,2024-05-05,Social Media,Initial Visit,Urban Mobility,Initial Interaction
I0002574,C001492,2024-05-17,Social Media,Callback Request,Urban Mobility,Engaged Prospect
I0001493,C001493,2024-09-15,Social Media,Initial Visit,Urban Mobility,Initial Interaction
I0002576,C001493,2024-09-24,Social Media,Configurator,Urban Mobility,Engaged Prospect
I0001494,C001494,2025-01-07,Dealer Event,Initial Visit,Van Experience Days,Initial Interaction
I0002578,C001494,2025-01-10,Dealer Event,Callback Request,Van Experience Days,Engaged Prospect
I0001495,C001495,2024-02-27,Paid Search,Initial Visit,Commercial Intent,Initial Interaction
I0002580,C001495,2024-03-10,Paid Search,Callback Request,Commercial Intent,Engaged Prospect
I0001496,C001496,2025-05-01,Dealer Event,Initial Visit,Van Experience Days,Initial Interaction
I0002582,C001496,2025-05-03,Dealer Event,Configurator,Van Experience Days,Engaged Prospect
I0001497,C001497,2024-07-15,Paid Search,Initial Visit,Commercial Intent,Initial Interaction
I0002584,C001497,2024-07-18,Paid Search,Configurator,Commercial Intent,Engaged Prospect
I0001498,C001498,2024-12-25,Paid Search,Initial Visit,Commercial Intent,Initial Interaction
I0001499,C001499,2024-09-02,Email,Initial Visit,CRM Nurture,Initial Interaction
I0002587,C001499,2024-09-06,Email,Event Registration,CRM Nurture,Engaged Prospect
I0001500,C001500,2024-09-05,Social Media,Initial Visit,Urban Mobility,Initial Interaction
I0001501,C001501,2024-10-02,Website,Initial Visit,Always-on Web,Initial Interaction
I0002590,C001501,2024-10-04,Website,Callback Request,Always-on Web,Engaged Prospect
I0001502,C001502,2024-02-05,Referral,Initial Visit,Customer Referral,Initial Interaction
I0002592,C001502,2024-02-13,Referral,Event Registration,Customer Referral,Engaged Prospect
I0001503,C001503,2024-05-16,Referral,Initial Visit,Customer Referral,Initial Interaction
I0002594,C001503,2024-05-18,Referral,Configurator,Customer Referral,Engaged Prospect
I0001504,C001504,2025-07-04,Paid Search,Initial Visit,Commercial Intent,Initial Interaction
I0001505,C001505,2024-03-26,Social Media,Initial Visit,Urban Mobility,Initial Interaction
I0002597,C001505,2024-04-04,Social Media,Event Registration,Urban Mobility,Engaged Prospect
I0001506,C001506,2024-12-14,Dealer Event,Initial Visit,Van Experience Days,Initial Interaction
I0002599,C001506,2024-12-17,Dealer Event,Brochure Download,Van Experience Days,Engaged Prospect
I0001507,C001507,2024-04-08,Referral,Initial Visit,Customer Referral,Initial Interaction
I0002601,C001507,2024-04-15,Referral,Callback Request,Customer Referral,Engaged Prospect
I0001508,C001508,2025-01-12,Social Media,Initial Visit,Urban Mobility,Initial Interaction
I0002603,C001508,2025-01-14,Social Media,Callback Request,Urban Mobility,Engaged Prospect
I0001509,C001509,2025-03-26,Website,Initial Visit,Always-on Web,Initial Interaction
I0001510,C001510,2024-11-24,Email,Initial Visit,CRM Nurture,Initial Interaction
I0002606,C001510,2024-12-07,Email,Callback Request,CRM Nurture,Engaged Prospect
I0001511,C001511,2025-06-24,Website,Initial Visit,Always-on Web,Initial Interaction
I0001512,C001512,2024-07-04,Email,Initial Visit,CRM Nurture,Initial Interaction
I0002609,C001512,2024-07-11,Email,Callback Request,CRM Nurture,Engaged Prospect
I0001513,C001513,2025-01-25,Social Media,Initial Visit,Urban Mobility,Initial Interaction
I0001514,C001514,2024-07-12,Social Media,Initial Visit,Urban Mobility,Initial Interaction
I0001515,C001515,2024-12-22,Website,Initial Visit,Always-on Web,Initial Interaction
I0002613,C001515,2025-01-01,Website,Callback Request,Always-on Web,Engaged Prospect
I0001516,C001516,2024-02-14,Social Media,Initial Visit,Urban Mobility,Initial Interaction
I0001517,C001517,2024-07-07,Social Media,Initial Visit,Urban Mobility,Initial Interaction
I0002616,C001517,2024-07-17,Social Media,Callback Request,Urban Mobility,Engaged Prospect
I0001518,C001518,2025-05-10,Paid Search,Initial Visit,Commercial Intent,Initial Interaction
I0002618,C001518,2025-05-19,Paid Search,Callback Request,Commercial Intent,Engaged Prospect
I0001519,C001519,2025-06-28,Website,Initial Visit,Always-on Web,Initial Interaction
I0002620,C001519,2025-07-11,Website,Configurator,Always-on Web,Engaged Prospect
I0001520,C001520,2024-07-09,Website,Initial Visit,Always-on Web,Initial Interaction
I0002622,C001520,2024-07-15,Website,Brochure Download,Always-on Web,Engaged Prospect
I0001521,C001521,2024-06-29,Dealer Event,Initial Visit,Van Experience Days,Initial Interaction
I0002624,C001521,2024-07-05,Dealer Event,Configurator,Van Experience Days,Engaged Prospect
I0001522,C001522,2024-07-27,Paid Search,Initial Visit,Commercial Intent,Initial Interaction
I0001523,C001523,2024-07-14,Email,Initial Visit,CRM Nurture,Initial Interaction
I0001524,C001524,2025-11-26,Social Media,Initial Visit,Urban Mobility,Initial Interaction
I0002628,C001524,2025-12-04,Social Media,Event Registration,Urban Mobility,Engaged Prospect
I0001525,C001525,2025-03-31,Dealer Event,Initial Visit,Van Experience Days,Initial Interaction
I0001526,C001526,2024-09-27,Social Media,Initial Visit,Urban Mobility,Initial Interaction
I0001527,C001527,2024-11-19,Website,Initial Visit,Always-on Web,Initial Interaction
I0002632,C001527,2024-11-23,Website,Configurator,Always-on Web,Engaged Prospect
I0001528,C001528,2024-12-23,Website,Initial Visit,Always-on Web,Initial Interaction
I0002634,C001528,2025-01-01,Website,Callback Request,Always-on Web,Engaged Prospect
I0001529,C001529,2025-01-22,Website,Initial Visit,Always-on Web,Initial Interaction
I0001530,C001530,2024-09-27,Dealer Event,Initial Visit,Van Experience Days,Initial Interaction
I0002637,C001530,2024-10-09,Dealer Event,Event Registration,Van Experience Days,Engaged Prospect
I0001531,C001531,2025-11-13,Email,Initial Visit,CRM Nurture,Initial Interaction
I0002639,C001531,2025-11-23,Email,Callback Request,CRM Nurture,Engaged Prospect
I0001532,C001532,2024-07-22,Email,Initial Visit,CRM Nurture,Initial Interaction
I0002641,C001532,2024-07-24,Email,Callback Request,CRM Nurture,Engaged Prospect
I0001533,C001533,2024-10-26,Email,Initial Visit,CRM Nurture,Initial Interaction
I0001534,C001534,2024-01-05,Dealer Event,Initial Visit,Van Experience Days,Initial Interaction
I0002644,C001534,2024-01-08,Dealer Event,Brochure Download,Van Experience Days,Engaged Prospect
I0001535,C001535,2024-12-10,Referral,Initial Visit,Customer Referral,Initial Interaction
I0002646,C001535,2024-12-16,Referral,Event Registration,Customer Referral,Engaged Prospect
I0001536,C001536,2025-08-21,Email,Initial Visit,CRM Nurture,Initial Interaction
I0002648,C001536,2025-09-04,Email,Event Registration,CRM Nurture,Engaged Prospect
I0001537,C001537,2025-11-29,Website,Initial Visit,Always-on Web,Initial Interaction
I0002650,C001537,2025-12-03,Website,Event Registration,Always-on Web,Engaged Prospect
I0001538,C001538,2024-11-27,Website,Initial Visit,Always-on Web,Initial Interaction
I0002652,C001538,2024-12-06,Website,Brochure Download,Always-on Web,Engaged Prospect
I0001539,C001539,2024-04-07,Social Media,Initial Visit,Urban Mobility,Initial Interaction
I0002654,C001539,2024-04-08,Social Media,Brochure Download,Urban Mobility,Engaged Prospect
I0001540,C001540,2025-05-18,Dealer Event,Initial Visit,Van Experience Days,Initial Interaction
I0002656,C001540,2025-05-31,Dealer Event,Event Registration,Van Experience Days,Engaged Prospect
I0001541,C001541,2025-03-24,Social Media,Initial Visit,Urban Mobility,Initial Interaction
I0002658,C001541,2025-04-02,Social Media,Callback Request,Urban Mobility,Engaged Prospect
I0001542,C001542,2025-11-02,Paid Search,Initial Visit,Commercial Intent,Initial Interaction
I0002660,C001542,2025-11-09,Paid Search,Callback Request,Commercial Intent,Engaged Prospect
I0001543,C001543,2024-12-19,Email,Initial Visit,CRM Nurture,Initial Interaction
I0001544,C001544,2024-01-02,Paid Search,Initial Visit,Commercial Intent,Initial Interaction
I0001545,C001545,2025-09-22,Paid Search,Initial Visit,Commercial Intent,Initial Interaction
I0002664,C001545,2025-09-23,Paid Search,Configurator,Commercial Intent,Engaged Prospect
I0001546,C001546,2025-04-17,Dealer Event,Initial Visit,Van Experience Days,Initial Interaction
I0002666,C001546,2025-04-19,Dealer Event,Brochure Download,Van Experience Days,Engaged Prospect
I0001547,C001547,2025-07-14,Social Media,Initial Visit,Urban Mobility,Initial Interaction
I0002668,C001547,2025-07-17,Social Media,Brochure Download,Urban Mobility,Engaged Prospect
I0001548,C001548,2024-03-24,Paid Search,Initial Visit,Commercial Intent,Initial Interaction
I0001549,C001549,2024-11-16,Paid Search,Initial Visit,Commercial Intent,Initial Interaction
I0002671,C001549,2024-11-25,Paid Search,Configurator,Commercial Intent,Engaged Prospect
I0001550,C001550,2024-11-16,Social Media,Initial Visit,Urban Mobility,Initial Interaction
I0002673,C001550,2024-11-29,Social Media,Event Registration,Urban Mobility,Engaged Prospect
I0001551,C001551,2024-07-06,Paid Search,Initial Visit,Commercial Intent,Initial Interaction
I0002675,C001551,2024-07-12,Paid Search,Brochure Download,Commercial Intent,Engaged Prospect
I0001552,C001552,2025-08-15,Website,Initial Visit,Always-on Web,Initial Interaction
I0002677,C001552,2025-08-23,Website,Brochure Download,Always-on Web,Engaged Prospect
I0001553,C001553,2024-05-11,Social Media,Initial Visit,Urban Mobility,Initial Interaction
I0001554,C001554,2024-02-20,Email,Initial Visit,CRM Nurture,Initial Interaction
I0001555,C001555,2024-06-13,Website,Initial Visit,Always-on Web,Initial Interaction
I0001556,C001556,2025-11-23,Social Media,Initial Visit,Urban Mobility,Initial Interaction
I0001557,C001557,2024-03-20,Social Media,Initial Visit,Urban Mobility,Initial Interaction
I0002683,C001557,2024-04-03,Social Media,Event Registration,Urban Mobility,Engaged Prospect
I0001558,C001558,2025-02-10,Paid Search,Initial Visit,Commercial Intent,Initial Interaction
I0001559,C001559,2024-05-08,Paid Search,Initial Visit,Commercial Intent,Initial Interaction
I0002686,C001559,2024-05-11,Paid Search,Event Registration,Commercial Intent,Engaged Prospect
I0001560,C001560,2024-10-03,Paid Search,Initial Visit,Commercial Intent,Initial Interaction
I0001561,C001561,2025-01-21,Paid Search,Initial Visit,Commercial Intent,Initial Interaction
I0002689,C001561,2025-02-04,Paid Search,Callback Request,Commercial Intent,Engaged Prospect
I0001562,C001562,2024-01-14,Dealer Event,Initial Visit,Van Experience Days,Initial Interaction
I0002691,C001562,2024-01-15,Dealer Event,Brochure Download,Van Experience Days,Engaged Prospect
I0001563,C001563,2024-06-17,Paid Search,Initial Visit,Commercial Intent,Initial Interaction
I0002693,C001563,2024-06-21,Paid Search,Event Registration,Commercial Intent,Engaged Prospect
I0001564,C001564,2025-02-14,Referral,Initial Visit,Customer Referral,Initial Interaction
I0002695,C001564,2025-02-25,Referral,Callback Request,Customer Referral,Engaged Prospect
I0001565,C001565,2024-01-11,Paid Search,Initial Visit,Commercial Intent,Initial Interaction
I0002697,C001565,2024-01-19,Paid Search,Event Registration,Commercial Intent,Engaged Prospect
I0001566,C001566,2024-12-12,Email,Initial Visit,CRM Nurture,Initial Interaction
I0001567,C001567,2025-02-26,Social Media,Initial Visit,Urban Mobility,Initial Interaction
I0001568,C001568,2024-05-30,Email,Initial Visit,CRM Nurture,Initial Interaction
I0001569,C001569,2024-04-23,Dealer Event,Initial Visit,Van Experience Days,Initial Interaction
I0001570,C001570,2024-12-09,Social Media,Initial Visit,Urban Mobility,Initial Interaction
I0002703,C001570,2024-12-11,Social Media,Configurator,Urban Mobility,Engaged Prospect
I0001571,C001571,2025-05-18,Social Media,Initial Visit,Urban Mobility,Initial Interaction
I0002705,C001571,2025-05-22,Social Media,Callback Request,Urban Mobility,Engaged Prospect
I0001572,C001572,2024-01-09,Referral,Initial Visit,Customer Referral,Initial Interaction
I0002707,C001572,2024-01-21,Referral,Event Registration,Customer Referral,Engaged Prospect
I0001573,C001573,2024-08-24,Referral,Initial Visit,Customer Referral,Initial Interaction
I0002709,C001573,2024-09-05,Referral,Callback Request,Customer Referral,Engaged Prospect
I0001574,C001574,2025-11-30,Referral,Initial Visit,Customer Referral,Initial Interaction
I0001575,C001575,2024-08-22,Website,Initial Visit,Always-on Web,Initial Interaction
I0002712,C001575,2024-08-30,Website,Callback Request,Always-on Web,Engaged Prospect
I0001576,C001576,2024-08-20,Website,Initial Visit,Always-on Web,Initial Interaction
I0001577,C001577,2025-05-31,Paid Search,Initial Visit,Commercial Intent,Initial Interaction
I0002715,C001577,2025-06-10,Paid Search,Brochure Download,Commercial Intent,Engaged Prospect
I0001578,C001578,2024-12-02,Email,Initial Visit,CRM Nurture,Initial Interaction
I0002717,C001578,2024-12-05,Email,Configurator,CRM Nurture,Engaged Prospect
I0001579,C001579,2024-09-30,Website,Initial Visit,Always-on Web,Initial Interaction
I0002719,C001579,2024-10-05,Website,Configurator,Always-on Web,Engaged Prospect
I0001580,C001580,2025-07-03,Paid Search,Initial Visit,Commercial Intent,Initial Interaction
I0002721,C001580,2025-07-04,Paid Search,Event Registration,Commercial Intent,Engaged Prospect
I0001581,C001581,2024-01-22,Social Media,Initial Visit,Urban Mobility,Initial Interaction
I0002723,C001581,2024-01-30,Social Media,Configurator,Urban Mobility,Engaged Prospect
I0001582,C001582,2025-05-13,Website,Initial Visit,Always-on Web,Initial Interaction
I0002725,C001582,2025-05-14,Website,Callback Request,Always-on Web,Engaged Prospect
I0001583,C001583,2024-09-23,Email,Initial Visit,CRM Nurture,Initial Interaction
I0002727,C001583,2024-10-01,Email,Callback Request,CRM Nurture,Engaged Prospect
I0001584,C001584,2025-09-13,Website,Initial Visit,Always-on Web,Initial Interaction
I0001585,C001585,2025-05-22,Dealer Event,Initial Visit,Van Experience Days,Initial Interaction
I0002730,C001585,2025-06-05,Dealer Event,Callback Request,Van Experience Days,Engaged Prospect
I0001586,C001586,2025-10-20,Paid Search,Initial Visit,Commercial Intent,Initial Interaction
I0002732,C001586,2025-10-27,Paid Search,Callback Request,Commercial Intent,Engaged Prospect
I0001587,C001587,2024-03-31,Social Media,Initial Visit,Urban Mobility,Initial Interaction
I0002734,C001587,2024-04-13,Social Media,Event Registration,Urban Mobility,Engaged Prospect
I0001588,C001588,2024-05-12,Social Media,Initial Visit,Urban Mobility,Initial Interaction
I0002736,C001588,2024-05-21,Social Media,Callback Request,Urban Mobility,Engaged Prospect
I0001589,C001589,2025-09-24,Paid Search,Initial Visit,Commercial Intent,Initial Interaction
I0002738,C001589,2025-10-04,Paid Search,Brochure Download,Commercial Intent,Engaged Prospect
I0001590,C001590,2024-09-30,Paid Search,Initial Visit,Commercial Intent,Initial Interaction
I0002740,C001590,2024-10-08,Paid Search,Event Registration,Commercial Intent,Engaged Prospect
I0001591,C001591,2025-07-24,Dealer Event,Initial Visit,Van Experience Days,Initial Interaction
I0002742,C001591,2025-08-03,Dealer Event,Brochure Download,Van Experience Days,Engaged Prospect
I0001592,C001592,2025-04-25,Social Media,Initial Visit,Urban Mobility,Initial Interaction
I0002744,C001592,2025-05-01,Social Media,Brochure Download,Urban Mobility,Engaged Prospect
I0001593,C001593,2024-12-15,Website,Initial Visit,Always-on Web,Initial Interaction
I0002746,C001593,2024-12-22,Website,Brochure Download,Always-on Web,Engaged Prospect
I0001594,C001594,2024-02-01,Email,Initial Visit,CRM Nurture,Initial Interaction
I0002748,C001594,2024-02-09,Email,Event Registration,CRM Nurture,Engaged Prospect
I0001595,C001595,2024-02-21,Website,Initial Visit,Always-on Web,Initial Interaction
I0002750,C001595,2024-02-26,Website,Callback Request,Always-on Web,Engaged Prospect
I0001596,C001596,2025-05-16,Paid Search,Initial Visit,Commercial Intent,Initial Interaction
I0002752,C001596,2025-05-30,Paid Search,Event Registration,Commercial Intent,Engaged Prospect
I0001597,C001597,2024-03-09,Paid Search,Initial Visit,Commercial Intent,Initial Interaction
I0001598,C001598,2024-01-04,Paid Search,Initial Visit,Commercial Intent,Initial Interaction
I0002755,C001598,2024-01-13,Paid Search,Event Registration,Commercial Intent,Engaged Prospect
I0001599,C001599,2024-06-02,Website,Initial Visit,Always-on Web,Initial Interaction
I0002757,C001599,2024-06-11,Website,Brochure Download,Always-on Web,Engaged Prospect
I0001600,C001600,2025-10-01,Website,Initial Visit,Always-on Web,Initial Interaction
I0002759,C001600,2025-10-10,Website,Brochure Download,Always-on Web,Engaged Prospect
I0001601,C001601,2025-03-14,Website,Initial Visit,Always-on Web,Initial Interaction
I0001602,C001602,2025-05-17,Paid Search,Initial Visit,Commercial Intent,Initial Interaction
I0002762,C001602,2025-05-28,Paid Search,Event Registration,Commercial Intent,Engaged Prospect
I0001603,C001603,2025-04-01,Social Media,Initial Visit,Urban Mobility,Initial Interaction
I0002764,C001603,2025-04-05,Social Media,Configurator,Urban Mobility,Engaged Prospect
I0001604,C001604,2025-01-30,Email,Initial Visit,CRM Nurture,Initial Interaction
I0001605,C001605,2024-06-28,Website,Initial Visit,Always-on Web,Initial Interaction
I0002767,C001605,2024-07-04,Website,Event Registration,Always-on Web,Engaged Prospect
I0001606,C001606,2024-10-27,Website,Initial Visit,Always-on Web,Initial Interaction
I0002769,C001606,2024-10-29,Website,Callback Request,Always-on Web,Engaged Prospect
I0001607,C001607,2025-01-16,Email,Initial Visit,CRM Nurture,Initial Interaction
I0002771,C001607,2025-01-29,Email,Callback Request,CRM Nurture,Engaged Prospect
I0001608,C001608,2025-11-22,Social Media,Initial Visit,Urban Mobility,Initial Interaction
I0002773,C001608,2025-11-26,Social Media,Event Registration,Urban Mobility,Engaged Prospect
I0001609,C001609,2025-09-21,Dealer Event,Initial Visit,Van Experience Days,Initial Interaction
I0002775,C001609,2025-09-28,Dealer Event,Configurator,Van Experience Days,Engaged Prospect
I0001610,C001610,2025-05-30,Website,Initial Visit,Always-on Web,Initial Interaction
I0002777,C001610,2025-06-02,Website,Callback Request,Always-on Web,Engaged Prospect
I0001611,C001611,2025-07-23,Website,Initial Visit,Always-on Web,Initial Interaction
I0002779,C001611,2025-08-01,Website,Event Registration,Always-on Web,Engaged Prospect
I0001612,C001612,2025-07-19,Paid Search,Initial Visit,Commercial Intent,Initial Interaction
I0002781,C001612,2025-07-25,Paid Search,Callback Request,Commercial Intent,Engaged Prospect
I0001613,C001613,2025-04-12,Social Media,Initial Visit,Urban Mobility,Initial Interaction
I0002783,C001613,2025-04-22,Social Media,Brochure Download,Urban Mobility,Engaged Prospect
I0001614,C001614,2025-07-31,Paid Search,Initial Visit,Commercial Intent,Initial Interaction
I0002785,C001614,2025-08-05,Paid Search,Event Registration,Commercial Intent,Engaged Prospect
I0001615,C001615,2024-02-21,Website,Initial Visit,Always-on Web,Initial Interaction
I0001616,C001616,2024-01-16,Website,Initial Visit,Always-on Web,Initial Interaction
I0002788,C001616,2024-01-28,Website,Event Registration,Always-on Web,Engaged Prospect
I0001617,C001617,2024-11-06,Email,Initial Visit,CRM Nurture,Initial Interaction
I0001618,C001618,2024-02-08,Paid Search,Initial Visit,Commercial Intent,Initial Interaction
I0002791,C001618,2024-02-15,Paid Search,Event Registration,Commercial Intent,Engaged Prospect
I0001619,C001619,2024-08-25,Email,Initial Visit,CRM Nurture,Initial Interaction
I0002793,C001619,2024-08-30,Email,Event Registration,CRM Nurture,Engaged Prospect
I0001620,C001620,2024-05-18,Paid Search,Initial Visit,Commercial Intent,Initial Interaction
I0001621,C001621,2025-11-01,Paid Search,Initial Visit,Commercial Intent,Initial Interaction
I0001622,C001622,2025-04-03,Website,Initial Visit,Always-on Web,Initial Interaction
I0002797,C001622,2025-04-05,Website,Brochure Download,Always-on Web,Engaged Prospect
I0001623,C001623,2024-01-30,Referral,Initial Visit,Customer Referral,Initial Interaction
I0001624,C001624,2025-03-12,Website,Initial Visit,Always-on Web,Initial Interaction
I0002800,C001624,2025-03-21,Website,Brochure Download,Always-on Web,Engaged Prospect
I0001625,C001625,2025-05-27,Website,Initial Visit,Always-on Web,Initial Interaction
I0001626,C001626,2024-08-15,Dealer Event,Initial Visit,Van Experience Days,Initial Interaction
I0002803,C001626,2024-08-21,Dealer Event,Callback Request,Van Experience Days,Engaged Prospect
I0001627,C001627,2025-09-09,Website,Initial Visit,Always-on Web,Initial Interaction
I0002805,C001627,2025-09-14,Website,Callback Request,Always-on Web,Engaged Prospect
I0001628,C001628,2025-11-12,Paid Search,Initial Visit,Commercial Intent,Initial Interaction
I0002807,C001628,2025-11-16,Paid Search,Brochure Download,Commercial Intent,Engaged Prospect
I0001629,C001629,2025-11-17,Website,Initial Visit,Always-on Web,Initial Interaction
I0002809,C001629,2025-11-22,Website,Event Registration,Always-on Web,Engaged Prospect
I0001630,C001630,2024-03-06,Email,Initial Visit,CRM Nurture,Initial Interaction
I0001631,C001631,2024-11-10,Paid Search,Initial Visit,Commercial Intent,Initial Interaction
I0001632,C001632,2025-06-27,Dealer Event,Initial Visit,Van Experience Days,Initial Interaction
I0002813,C001632,2025-07-06,Dealer Event,Event Registration,Van Experience Days,Engaged Prospect
I0001633,C001633,2024-11-05,Email,Initial Visit,CRM Nurture,Initial Interaction
I0002815,C001633,2024-11-06,Email,Event Registration,CRM Nurture,Engaged Prospect
I0001634,C001634,2024-12-02,Social Media,Initial Visit,Urban Mobility,Initial Interaction
I0002817,C001634,2024-12-16,Social Media,Brochure Download,Urban Mobility,Engaged Prospect
I0001635,C001635,2024-08-17,Website,Initial Visit,Always-on Web,Initial Interaction
I0002819,C001635,2024-08-31,Website,Configurator,Always-on Web,Engaged Prospect
I0001636,C001636,2024-10-20,Dealer Event,Initial Visit,Van Experience Days,Initial Interaction
I0002821,C001636,2024-10-28,Dealer Event,Event Registration,Van Experience Days,Engaged Prospect
I0001637,C001637,2025-05-01,Dealer Event,Initial Visit,Van Experience Days,Initial Interaction
I0002823,C001637,2025-05-06,Dealer Event,Configurator,Van Experience Days,Engaged Prospect
I0001638,C001638,2024-01-18,Dealer Event,Initial Visit,Van Experience Days,Initial Interaction
I0002825,C001638,2024-01-23,Dealer Event,Brochure Download,Van Experience Days,Engaged Prospect
I0001639,C001639,2025-07-13,Website,Initial Visit,Always-on Web,Initial Interaction
I0002827,C001639,2025-07-26,Website,Callback Request,Always-on Web,Engaged Prospect
I0001640,C001640,2025-05-24,Email,Initial Visit,CRM Nurture,Initial Interaction
I0002829,C001640,2025-05-25,Email,Configurator,CRM Nurture,Engaged Prospect
I0001641,C001641,2024-04-07,Email,Initial Visit,CRM Nurture,Initial Interaction
I0002831,C001641,2024-04-12,Email,Event Registration,CRM Nurture,Engaged Prospect
I0001642,C001642,2025-06-24,Referral,Initial Visit,Customer Referral,Initial Interaction
I0002833,C001642,2025-07-07,Referral,Callback Request,Customer Referral,Engaged Prospect
I0001643,C001643,2024-12-30,Website,Initial Visit,Always-on Web,Initial Interaction
I0002835,C001643,2024-12-31,Website,Callback Request,Always-on Web,Engaged Prospect
I0001644,C001644,2024-08-11,Dealer Event,Initial Visit,Van Experience Days,Initial Interaction
I0002837,C001644,2024-08-17,Dealer Event,Configurator,Van Experience Days,Engaged Prospect
I0001645,C001645,2024-11-14,Email,Initial Visit,CRM Nurture,Initial Interaction
I0001646,C001646,2024-12-27,Dealer Event,Initial Visit,Van Experience Days,Initial Interaction
I0002840,C001646,2025-01-05,Dealer Event,Configurator,Van Experience Days,Engaged Prospect
I0001647,C001647,2024-05-27,Email,Initial Visit,CRM Nurture,Initial Interaction
I0002842,C001647,2024-05-28,Email,Configurator,CRM Nurture,Engaged Prospect
I0001648,C001648,2025-02-28,Dealer Event,Initial Visit,Van Experience Days,Initial Interaction
I0002844,C001648,2025-03-04,Dealer Event,Configurator,Van Experience Days,Engaged Prospect
I0001649,C001649,2025-03-16,Paid Search,Initial Visit,Commercial Intent,Initial Interaction
I0002846,C001649,2025-03-18,Paid Search,Callback Request,Commercial Intent,Engaged Prospect
I0001650,C001650,2024-09-14,Website,Initial Visit,Always-on Web,Initial Interaction
I0002848,C001650,2024-09-17,Website,Brochure Download,Always-on Web,Engaged Prospect
I0001651,C001651,2024-11-18,Paid Search,Initial Visit,Commercial Intent,Initial Interaction
I0002850,C001651,2024-11-27,Paid Search,Brochure Download,Commercial Intent,Engaged Prospect
I0001652,C001652,2025-03-06,Dealer Event,Initial Visit,Van Experience Days,Initial Interaction
I0002852,C001652,2025-03-16,Dealer Event,Callback Request,Van Experience Days,Engaged Prospect
I0001653,C001653,2024-12-18,Website,Initial Visit,Always-on Web,Initial Interaction
I0002854,C001653,2024-12-26,Website,Callback Request,Always-on Web,Engaged Prospect
I0001654,C001654,2024-10-30,Social Media,Initial Visit,Urban Mobility,Initial Interaction
I0002856,C001654,2024-11-01,Social Media,Event Registration,Urban Mobility,Engaged Prospect
I0001655,C001655,2025-10-31,Referral,Initial Visit,Customer Referral,Initial Interaction
I0002858,C001655,2025-11-12,Referral,Callback Request,Customer Referral,Engaged Prospect
I0001656,C001656,2025-09-06,Dealer Event,Initial Visit,Van Experience Days,Initial Interaction
I0002860,C001656,2025-09-17,Dealer Event,Event Registration,Van Experience Days,Engaged Prospect
I0001657,C001657,2024-09-22,Email,Initial Visit,CRM Nurture,Initial Interaction
I0002862,C001657,2024-10-05,Email,Brochure Download,CRM Nurture,Engaged Prospect
I0001658,C001658,2025-05-17,Dealer Event,Initial Visit,Van Experience Days,Initial Interaction
I0002864,C001658,2025-05-18,Dealer Event,Event Registration,Van Experience Days,Engaged Prospect
I0001659,C001659,2025-07-21,Website,Initial Visit,Always-on Web,Initial Interaction
I0001660,C001660,2024-03-18,Social Media,Initial Visit,Urban Mobility,Initial Interaction
I0002867,C001660,2024-03-30,Social Media,Brochure Download,Urban Mobility,Engaged Prospect
I0001661,C001661,2025-02-18,Social Media,Initial Visit,Urban Mobility,Initial Interaction
I0001662,C001662,2025-07-13,Dealer Event,Initial Visit,Van Experience Days,Initial Interaction
I0002870,C001662,2025-07-18,Dealer Event,Event Registration,Van Experience Days,Engaged Prospect
I0001663,C001663,2024-02-10,Paid Search,Initial Visit,Commercial Intent,Initial Interaction
I0002872,C001663,2024-02-23,Paid Search,Brochure Download,Commercial Intent,Engaged Prospect
I0001664,C001664,2024-08-24,Website,Initial Visit,Always-on Web,Initial Interaction
I0002874,C001664,2024-08-31,Website,Configurator,Always-on Web,Engaged Prospect
I0001665,C001665,2025-07-12,Email,Initial Visit,CRM Nurture,Initial Interaction
I0002876,C001665,2025-07-25,Email,Callback Request,CRM Nurture,Engaged Prospect
I0001666,C001666,2025-10-16,Social Media,Initial Visit,Urban Mobility,Initial Interaction
I0002878,C001666,2025-10-21,Social Media,Brochure Download,Urban Mobility,Engaged Prospect
I0001667,C001667,2025-11-25,Dealer Event,Initial Visit,Van Experience Days,Initial Interaction
I0001668,C001668,2025-02-26,Paid Search,Initial Visit,Commercial Intent,Initial Interaction
I0002881,C001668,2025-03-03,Paid Search,Event Registration,Commercial Intent,Engaged Prospect
I0001669,C001669,2024-01-30,Dealer Event,Initial Visit,Van Experience Days,Initial Interaction
I0002883,C001669,2024-02-03,Dealer Event,Brochure Download,Van Experience Days,Engaged Prospect
I0001670,C001670,2024-01-20,Social Media,Initial Visit,Urban Mobility,Initial Interaction
I0002885,C001670,2024-01-23,Social Media,Callback Request,Urban Mobility,Engaged Prospect
I0001671,C001671,2025-07-21,Dealer Event,Initial Visit,Van Experience Days,Initial Interaction
I0002887,C001671,2025-08-03,Dealer Event,Configurator,Van Experience Days,Engaged Prospect
I0001672,C001672,2025-05-29,Email,Initial Visit,CRM Nurture,Initial Interaction
I0001673,C001673,2024-05-15,Website,Initial Visit,Always-on Web,Initial Interaction
I0002890,C001673,2024-05-19,Website,Event Registration,Always-on Web,Engaged Prospect
I0001674,C001674,2024-04-01,Paid Search,Initial Visit,Commercial Intent,Initial Interaction
I0002892,C001674,2024-04-15,Paid Search,Brochure Download,Commercial Intent,Engaged Prospect
I0001675,C001675,2024-04-12,Dealer Event,Initial Visit,Van Experience Days,Initial Interaction
I0002894,C001675,2024-04-20,Dealer Event,Callback Request,Van Experience Days,Engaged Prospect
I0001676,C001676,2025-09-06,Website,Initial Visit,Always-on Web,Initial Interaction
I0001677,C001677,2025-06-19,Email,Initial Visit,CRM Nurture,Initial Interaction
I0002897,C001677,2025-06-29,Email,Configurator,CRM Nurture,Engaged Prospect
I0001678,C001678,2025-10-25,Website,Initial Visit,Always-on Web,Initial Interaction
I0002899,C001678,2025-10-26,Website,Configurator,Always-on Web,Engaged Prospect
I0001679,C001679,2024-03-20,Email,Initial Visit,CRM Nurture,Initial Interaction
I0001680,C001680,2025-05-01,Website,Initial Visit,Always-on Web,Initial Interaction
I0002902,C001680,2025-05-08,Website,Brochure Download,Always-on Web,Engaged Prospect
I0001681,C001681,2025-10-08,Social Media,Initial Visit,Urban Mobility,Initial Interaction
I0002904,C001681,2025-10-12,Social Media,Callback Request,Urban Mobility,Engaged Prospect
I0001682,C001682,2025-01-08,Social Media,Initial Visit,Urban Mobility,Initial Interaction
I0002906,C001682,2025-01-09,Social Media,Event Registration,Urban Mobility,Engaged Prospect
I0001683,C001683,2025-06-25,Website,Initial Visit,Always-on Web,Initial Interaction
I0002908,C001683,2025-07-08,Website,Brochure Download,Always-on Web,Engaged Prospect
I0001684,C001684,2025-02-25,Social Media,Initial Visit,Urban Mobility,Initial Interaction
I0002910,C001684,2025-02-28,Social Media,Callback Request,Urban Mobility,Engaged Prospect
I0001685,C001685,2024-01-05,Dealer Event,Initial Visit,Van Experience Days,Initial Interaction
I0002912,C001685,2024-01-11,Dealer Event,Callback Request,Van Experience Days,Engaged Prospect
I0001686,C001686,2024-10-27,Email,Initial Visit,CRM Nurture,Initial Interaction
I0001687,C001687,2024-07-01,Referral,Initial Visit,Customer Referral,Initial Interaction
I0002915,C001687,2024-07-15,Referral,Event Registration,Customer Referral,Engaged Prospect
I0001688,C001688,2024-02-28,Dealer Event,Initial Visit,Van Experience Days,Initial Interaction
I0002917,C001688,2024-03-03,Dealer Event,Brochure Download,Van Experience Days,Engaged Prospect
I0001689,C001689,2025-02-20,Social Media,Initial Visit,Urban Mobility,Initial Interaction
I0002919,C001689,2025-03-01,Social Media,Event Registration,Urban Mobility,Engaged Prospect
I0001690,C001690,2025-10-12,Social Media,Initial Visit,Urban Mobility,Initial Interaction
I0002921,C001690,2025-10-20,Social Media,Callback Request,Urban Mobility,Engaged Prospect
I0001691,C001691,2024-02-07,Referral,Initial Visit,Customer Referral,Initial Interaction
I0001692,C001692,2024-08-18,Social Media,Initial Visit,Urban Mobility,Initial Interaction
I0001693,C001693,2025-04-13,Paid Search,Initial Visit,Commercial Intent,Initial Interaction
I0001694,C001694,2024-08-06,Dealer Event,Initial Visit,Van Experience Days,Initial Interaction
I0002926,C001694,2024-08-09,Dealer Event,Configurator,Van Experience Days,Engaged Prospect
I0001695,C001695,2024-03-22,Referral,Initial Visit,Customer Referral,Initial Interaction
I0001696,C001696,2024-05-13,Paid Search,Initial Visit,Commercial Intent,Initial Interaction
I0002929,C001696,2024-05-27,Paid Search,Event Registration,Commercial Intent,Engaged Prospect
I0001697,C001697,2024-01-18,Website,Initial Visit,Always-on Web,Initial Interaction
I0002931,C001697,2024-01-30,Website,Callback Request,Always-on Web,Engaged Prospect
I0001698,C001698,2025-11-25,Social Media,Initial Visit,Urban Mobility,Initial Interaction
I0002933,C001698,2025-11-30,Social Media,Configurator,Urban Mobility,Engaged Prospect
I0001699,C001699,2024-12-10,Email,Initial Visit,CRM Nurture,Initial Interaction
I0001700,C001700,2025-10-21,Paid Search,Initial Visit,Commercial Intent,Initial Interaction
I0002936,C001700,2025-10-28,Paid Search,Callback Request,Commercial Intent,Engaged Prospect
I0001701,C001701,2025-04-24,Email,Initial Visit,CRM Nurture,Initial Interaction
I0001702,C001702,2024-09-01,Social Media,Initial Visit,Urban Mobility,Initial Interaction
I0002939,C001702,2024-09-04,Social Media,Brochure Download,Urban Mobility,Engaged Prospect
I0001703,C001703,2025-10-21,Paid Search,Initial Visit,Commercial Intent,Initial Interaction
I0001704,C001704,2024-07-01,Social Media,Initial Visit,Urban Mobility,Initial Interaction
I0002942,C001704,2024-07-14,Social Media,Event Registration,Urban Mobility,Engaged Prospect
I0001705,C001705,2024-05-06,Paid Search,Initial Visit,Commercial Intent,Initial Interaction
I0001706,C001706,2025-07-17,Dealer Event,Initial Visit,Van Experience Days,Initial Interaction
I0002945,C001706,2025-07-24,Dealer Event,Callback Request,Van Experience Days,Engaged Prospect
I0001707,C001707,2025-01-22,Website,Initial Visit,Always-on Web,Initial Interaction
I0002947,C001707,2025-02-01,Website,Brochure Download,Always-on Web,Engaged Prospect
I0001708,C001708,2024-10-22,Dealer Event,Initial Visit,Van Experience Days,Initial Interaction
I0002949,C001708,2024-10-29,Dealer Event,Event Registration,Van Experience Days,Engaged Prospect
I0001709,C001709,2025-02-15,Paid Search,Initial Visit,Commercial Intent,Initial Interaction
I0002951,C001709,2025-02-20,Paid Search,Brochure Download,Commercial Intent,Engaged Prospect
I0001710,C001710,2025-11-08,Referral,Initial Visit,Customer Referral,Initial Interaction
I0002953,C001710,2025-11-09,Referral,Event Registration,Customer Referral,Engaged Prospect
I0001711,C001711,2024-07-15,Email,Initial Visit,CRM Nurture,Initial Interaction
I0002955,C001711,2024-07-20,Email,Brochure Download,CRM Nurture,Engaged Prospect
I0001712,C001712,2025-09-22,Website,Initial Visit,Always-on Web,Initial Interaction
I0002957,C001712,2025-09-30,Website,Event Registration,Always-on Web,Engaged Prospect
I0001713,C001713,2025-09-29,Referral,Initial Visit,Customer Referral,Initial Interaction
I0001714,C001714,2025-06-15,Social Media,Initial Visit,Urban Mobility,Initial Interaction
I0001715,C001715,2024-04-20,Social Media,Initial Visit,Urban Mobility,Initial Interaction
I0001716,C001716,2024-03-03,Referral,Initial Visit,Customer Referral,Initial Interaction
I0002962,C001716,2024-03-16,Referral,Callback Request,Customer Referral,Engaged Prospect
I0001717,C001717,2024-03-25,Referral,Initial Visit,Customer Referral,Initial Interaction
I0001718,C001718,2025-05-06,Email,Initial Visit,CRM Nurture,Initial Interaction
I0002965,C001718,2025-05-19,Email,Callback Request,CRM Nurture,Engaged Prospect
I0001719,C001719,2024-10-06,Referral,Initial Visit,Customer Referral,Initial Interaction
I0001720,C001720,2025-11-22,Paid Search,Initial Visit,Commercial Intent,Initial Interaction
I0001721,C001721,2024-01-05,Website,Initial Visit,Always-on Web,Initial Interaction
I0001722,C001722,2024-09-18,Website,Initial Visit,Always-on Web,Initial Interaction
I0002970,C001722,2024-09-27,Website,Event Registration,Always-on Web,Engaged Prospect
I0001723,C001723,2024-07-03,Paid Search,Initial Visit,Commercial Intent,Initial Interaction
I0002972,C001723,2024-07-07,Paid Search,Event Registration,Commercial Intent,Engaged Prospect
I0001724,C001724,2025-09-09,Social Media,Initial Visit,Urban Mobility,Initial Interaction
I0002974,C001724,2025-09-18,Social Media,Brochure Download,Urban Mobility,Engaged Prospect
I0001725,C001725,2024-03-25,Paid Search,Initial Visit,Commercial Intent,Initial Interaction
I0002976,C001725,2024-03-28,Paid Search,Configurator,Commercial Intent,Engaged Prospect
I0001726,C001726,2024-10-12,Social Media,Initial Visit,Urban Mobility,Initial Interaction
I0001727,C001727,2025-08-29,Website,Initial Visit,Always-on Web,Initial Interaction
I0002979,C001727,2025-09-03,Website,Configurator,Always-on Web,Engaged Prospect
I0001728,C001728,2025-11-10,Paid Search,Initial Visit,Commercial Intent,Initial Interaction
I0002981,C001728,2025-11-12,Paid Search,Callback Request,Commercial Intent,Engaged Prospect
I0001729,C001729,2025-10-03,Email,Initial Visit,CRM Nurture,Initial Interaction
I0001730,C001730,2025-04-02,Website,Initial Visit,Always-on Web,Initial Interaction
I0002984,C001730,2025-04-06,Website,Brochure Download,Always-on Web,Engaged Prospect
I0001731,C001731,2024-04-24,Email,Initial Visit,CRM Nurture,Initial Interaction
I0002986,C001731,2024-05-05,Email,Configurator,CRM Nurture,Engaged Prospect
I0001732,C001732,2024-03-08,Email,Initial Visit,CRM Nurture,Initial Interaction
I0001733,C001733,2024-10-14,Social Media,Initial Visit,Urban Mobility,Initial Interaction
I0002989,C001733,2024-10-28,Social Media,Callback Request,Urban Mobility,Engaged Prospect
I0001734,C001734,2024-12-01,Dealer Event,Initial Visit,Van Experience Days,Initial Interaction
I0001735,C001735,2024-12-25,Referral,Initial Visit,Customer Referral,Initial Interaction
I0002992,C001735,2024-12-30,Referral,Event Registration,Customer Referral,Engaged Prospect
I0001736,C001736,2024-02-04,Website,Initial Visit,Always-on Web,Initial Interaction
I0001737,C001737,2025-04-17,Email,Initial Visit,CRM Nurture,Initial Interaction
I0002995,C001737,2025-04-18,Email,Configurator,CRM Nurture,Engaged Prospect
I0001738,C001738,2024-10-03,Website,Initial Visit,Always-on Web,Initial Interaction
I0002997,C001738,2024-10-13,Website,Callback Request,Always-on Web,Engaged Prospect
I0001739,C001739,2024-03-17,Paid Search,Initial Visit,Commercial Intent,Initial Interaction
I0002999,C001739,2024-03-27,Paid Search,Callback Request,Commercial Intent,Engaged Prospect
I0001740,C001740,2025-10-02,Social Media,Initial Visit,Urban Mobility,Initial Interaction
I0003001,C001740,2025-10-15,Social Media,Brochure Download,Urban Mobility,Engaged Prospect
I0001741,C001741,2024-09-06,Email,Initial Visit,CRM Nurture,Initial Interaction
I0001742,C001742,2024-06-11,Dealer Event,Initial Visit,Van Experience Days,Initial Interaction
I0003004,C001742,2024-06-17,Dealer Event,Configurator,Van Experience Days,Engaged Prospect
I0001743,C001743,2024-12-10,Email,Initial Visit,CRM Nurture,Initial Interaction
I0003006,C001743,2024-12-22,Email,Callback Request,CRM Nurture,Engaged Prospect
I0001744,C001744,2025-10-27,Dealer Event,Initial Visit,Van Experience Days,Initial Interaction
I0003008,C001744,2025-10-28,Dealer Event,Callback Request,Van Experience Days,Engaged Prospect
I0001745,C001745,2025-07-31,Social Media,Initial Visit,Urban Mobility,Initial Interaction
I0001746,C001746,2024-03-10,Website,Initial Visit,Always-on Web,Initial Interaction
I0003011,C001746,2024-03-12,Website,Event Registration,Always-on Web,Engaged Prospect
I0001747,C001747,2025-04-25,Website,Initial Visit,Always-on Web,Initial Interaction
I0001748,C001748,2025-04-10,Social Media,Initial Visit,Urban Mobility,Initial Interaction
I0003014,C001748,2025-04-12,Social Media,Brochure Download,Urban Mobility,Engaged Prospect
I0001749,C001749,2025-09-12,Email,Initial Visit,CRM Nurture,Initial Interaction
I0003016,C001749,2025-09-22,Email,Configurator,CRM Nurture,Engaged Prospect
I0001750,C001750,2025-11-06,Website,Initial Visit,Always-on Web,Initial Interaction
I0001751,C001751,2025-06-06,Paid Search,Initial Visit,Commercial Intent,Initial Interaction
I0001752,C001752,2025-04-02,Website,Initial Visit,Always-on Web,Initial Interaction
I0003020,C001752,2025-04-07,Website,Callback Request,Always-on Web,Engaged Prospect
I0001753,C001753,2024-09-04,Social Media,Initial Visit,Urban Mobility,Initial Interaction
I0003022,C001753,2024-09-18,Social Media,Configurator,Urban Mobility,Engaged Prospect
I0001754,C001754,2025-09-21,Paid Search,Initial Visit,Commercial Intent,Initial Interaction
I0003024,C001754,2025-09-22,Paid Search,Brochure Download,Commercial Intent,Engaged Prospect
I0001755,C001755,2025-10-22,Website,Initial Visit,Always-on Web,Initial Interaction
I0001756,C001756,2025-11-24,Website,Initial Visit,Always-on Web,Initial Interaction
I0003027,C001756,2025-12-08,Website,Event Registration,Always-on Web,Engaged Prospect
I0001757,C001757,2025-10-30,Paid Search,Initial Visit,Commercial Intent,Initial Interaction
I0001758,C001758,2025-03-25,Social Media,Initial Visit,Urban Mobility,Initial Interaction
I0003030,C001758,2025-04-06,Social Media,Configurator,Urban Mobility,Engaged Prospect
I0001759,C001759,2025-10-31,Referral,Initial Visit,Customer Referral,Initial Interaction
I0003032,C001759,2025-11-04,Referral,Configurator,Customer Referral,Engaged Prospect
I0001760,C001760,2025-07-01,Website,Initial Visit,Always-on Web,Initial Interaction
I0003034,C001760,2025-07-07,Website,Callback Request,Always-on Web,Engaged Prospect
I0001761,C001761,2024-06-17,Social Media,Initial Visit,Urban Mobility,Initial Interaction
I0003036,C001761,2024-06-26,Social Media,Configurator,Urban Mobility,Engaged Prospect
I0001762,C001762,2024-01-23,Social Media,Initial Visit,Urban Mobility,Initial Interaction
I0001763,C001763,2025-11-17,Social Media,Initial Visit,Urban Mobility,Initial Interaction
I0003039,C001763,2025-12-01,Social Media,Event Registration,Urban Mobility,Engaged Prospect
I0001764,C001764,2024-10-26,Paid Search,Initial Visit,Commercial Intent,Initial Interaction
I0003041,C001764,2024-10-31,Paid Search,Event Registration,Commercial Intent,Engaged Prospect
I0001765,C001765,2025-09-03,Website,Initial Visit,Always-on Web,Initial Interaction
I0003043,C001765,2025-09-13,Website,Configurator,Always-on Web,Engaged Prospect
I0001766,C001766,2024-07-20,Referral,Initial Visit,Customer Referral,Initial Interaction
I0003045,C001766,2024-07-24,Referral,Configurator,Customer Referral,Engaged Prospect
I0001767,C001767,2024-09-09,Referral,Initial Visit,Customer Referral,Initial Interaction
I0003047,C001767,2024-09-16,Referral,Brochure Download,Customer Referral,Engaged Prospect
I0001768,C001768,2025-07-30,Paid Search,Initial Visit,Commercial Intent,Initial Interaction
I0001769,C001769,2025-01-02,Social Media,Initial Visit,Urban Mobility,Initial Interaction
I0003050,C001769,2025-01-04,Social Media,Callback Request,Urban Mobility,Engaged Prospect
I0001770,C001770,2025-04-19,Website,Initial Visit,Always-on Web,Initial Interaction
I0001771,C001771,2024-08-12,Website,Initial Visit,Always-on Web,Initial Interaction
I0003053,C001771,2024-08-13,Website,Callback Request,Always-on Web,Engaged Prospect
I0001772,C001772,2025-03-06,Website,Initial Visit,Always-on Web,Initial Interaction
I0001773,C001773,2024-12-06,Email,Initial Visit,CRM Nurture,Initial Interaction
I0001774,C001774,2025-10-14,Website,Initial Visit,Always-on Web,Initial Interaction
I0003057,C001774,2025-10-16,Website,Configurator,Always-on Web,Engaged Prospect
I0001775,C001775,2024-12-10,Website,Initial Visit,Always-on Web,Initial Interaction
I0003059,C001775,2024-12-21,Website,Callback Request,Always-on Web,Engaged Prospect
I0001776,C001776,2024-03-03,Website,Initial Visit,Always-on Web,Initial Interaction
I0003061,C001776,2024-03-14,Website,Event Registration,Always-on Web,Engaged Prospect
I0001777,C001777,2025-05-30,Website,Initial Visit,Always-on Web,Initial Interaction
I0003063,C001777,2025-06-08,Website,Configurator,Always-on Web,Engaged Prospect
I0001778,C001778,2025-10-29,Paid Search,Initial Visit,Commercial Intent,Initial Interaction
I0003065,C001778,2025-11-10,Paid Search,Event Registration,Commercial Intent,Engaged Prospect
I0001779,C001779,2025-09-09,Social Media,Initial Visit,Urban Mobility,Initial Interaction
I0003067,C001779,2025-09-18,Social Media,Brochure Download,Urban Mobility,Engaged Prospect
I0001780,C001780,2024-03-11,Social Media,Initial Visit,Urban Mobility,Initial Interaction
I0003069,C001780,2024-03-12,Social Media,Brochure Download,Urban Mobility,Engaged Prospect
I0001781,C001781,2025-11-29,Paid Search,Initial Visit,Commercial Intent,Initial Interaction
I0001782,C001782,2024-08-30,Paid Search,Initial Visit,Commercial Intent,Initial Interaction
I0003072,C001782,2024-09-01,Paid Search,Configurator,Commercial Intent,Engaged Prospect
I0001783,C001783,2025-08-06,Email,Initial Visit,CRM Nurture,Initial Interaction
I0001784,C001784,2025-03-17,Paid Search,Initial Visit,Commercial Intent,Initial Interaction
I0001785,C001785,2025-11-12,Website,Initial Visit,Always-on Web,Initial Interaction
I0003076,C001785,2025-11-16,Website,Event Registration,Always-on Web,Engaged Prospect
I0001786,C001786,2024-08-27,Dealer Event,Initial Visit,Van Experience Days,Initial Interaction
I0003078,C001786,2024-08-28,Dealer Event,Brochure Download,Van Experience Days,Engaged Prospect
I0001787,C001787,2025-03-01,Email,Initial Visit,CRM Nurture,Initial Interaction
I0001788,C001788,2025-04-22,Paid Search,Initial Visit,Commercial Intent,Initial Interaction
I0003081,C001788,2025-05-03,Paid Search,Event Registration,Commercial Intent,Engaged Prospect
I0001789,C001789,2024-04-18,Website,Initial Visit,Always-on Web,Initial Interaction
I0003083,C001789,2024-05-02,Website,Event Registration,Always-on Web,Engaged Prospect
I0001790,C001790,2025-06-26,Website,Initial Visit,Always-on Web,Initial Interaction
I0003085,C001790,2025-07-01,Website,Brochure Download,Always-on Web,Engaged Prospect
I0001791,C001791,2024-04-10,Website,Initial Visit,Always-on Web,Initial Interaction
I0001792,C001792,2025-08-02,Dealer Event,Initial Visit,Van Experience Days,Initial Interaction
I0001793,C001793,2024-03-29,Social Media,Initial Visit,Urban Mobility,Initial Interaction
I0001794,C001794,2024-05-05,Website,Initial Visit,Always-on Web,Initial Interaction
I0003090,C001794,2024-05-15,Website,Callback Request,Always-on Web,Engaged Prospect
I0001795,C001795,2024-12-12,Website,Initial Visit,Always-on Web,Initial Interaction
I0001796,C001796,2024-05-07,Website,Initial Visit,Always-on Web,Initial Interaction
I0003093,C001796,2024-05-15,Website,Brochure Download,Always-on Web,Engaged Prospect
I0001797,C001797,2024-02-23,Website,Initial Visit,Always-on Web,Initial Interaction
I0003095,C001797,2024-03-04,Website,Configurator,Always-on Web,Engaged Prospect
I0001798,C001798,2024-02-06,Social Media,Initial Visit,Urban Mobility,Initial Interaction
I0003097,C001798,2024-02-16,Social Media,Configurator,Urban Mobility,Engaged Prospect
I0001799,C001799,2024-07-19,Paid Search,Initial Visit,Commercial Intent,Initial Interaction
I0001800,C001800,2024-12-09,Dealer Event,Initial Visit,Van Experience Days,Initial Interaction
I0003100,C001800,2024-12-22,Dealer Event,Event Registration,Van Experience Days,Engaged Prospect
I0001801,C001801,2024-01-31,Email,Initial Visit,CRM Nurture,Initial Interaction
I0003102,C001801,2024-02-12,Email,Configurator,CRM Nurture,Engaged Prospect
I0001802,C001802,2024-04-06,Referral,Initial Visit,Customer Referral,Initial Interaction
I0003104,C001802,2024-04-07,Referral,Event Registration,Customer Referral,Engaged Prospect
I0001803,C001803,2025-03-04,Dealer Event,Initial Visit,Van Experience Days,Initial Interaction
I0003106,C001803,2025-03-11,Dealer Event,Brochure Download,Van Experience Days,Engaged Prospect
I0001804,C001804,2024-08-11,Referral,Initial Visit,Customer Referral,Initial Interaction
I0001805,C001805,2025-06-14,Referral,Initial Visit,Customer Referral,Initial Interaction
I0003109,C001805,2025-06-20,Referral,Callback Request,Customer Referral,Engaged Prospect
I0001806,C001806,2025-08-11,Paid Search,Initial Visit,Commercial Intent,Initial Interaction
I0003111,C001806,2025-08-19,Paid Search,Configurator,Commercial Intent,Engaged Prospect
I0001807,C001807,2024-01-22,Website,Initial Visit,Always-on Web,Initial Interaction
I0001808,C001808,2025-10-26,Website,Initial Visit,Always-on Web,Initial Interaction
I0003114,C001808,2025-11-07,Website,Configurator,Always-on Web,Engaged Prospect
I0001809,C001809,2025-04-23,Social Media,Initial Visit,Urban Mobility,Initial Interaction
I0003116,C001809,2025-05-03,Social Media,Brochure Download,Urban Mobility,Engaged Prospect
I0001810,C001810,2025-07-29,Email,Initial Visit,CRM Nurture,Initial Interaction
I0001811,C001811,2024-11-30,Website,Initial Visit,Always-on Web,Initial Interaction
I0001812,C001812,2024-01-01,Dealer Event,Initial Visit,Van Experience Days,Initial Interaction
I0003120,C001812,2024-01-11,Dealer Event,Brochure Download,Van Experience Days,Engaged Prospect
I0001813,C001813,2025-09-11,Dealer Event,Initial Visit,Van Experience Days,Initial Interaction
I0003122,C001813,2025-09-21,Dealer Event,Callback Request,Van Experience Days,Engaged Prospect
I0001814,C001814,2025-02-01,Social Media,Initial Visit,Urban Mobility,Initial Interaction
I0003124,C001814,2025-02-04,Social Media,Brochure Download,Urban Mobility,Engaged Prospect
I0001815,C001815,2024-01-26,Paid Search,Initial Visit,Commercial Intent,Initial Interaction
I0001816,C001816,2024-04-26,Website,Initial Visit,Always-on Web,Initial Interaction
I0003127,C001816,2024-05-06,Website,Event Registration,Always-on Web,Engaged Prospect
I0001817,C001817,2024-05-24,Social Media,Initial Visit,Urban Mobility,Initial Interaction
I0001818,C001818,2024-09-20,Website,Initial Visit,Always-on Web,Initial Interaction
I0003130,C001818,2024-09-27,Website,Callback Request,Always-on Web,Engaged Prospect
I0001819,C001819,2024-11-05,Social Media,Initial Visit,Urban Mobility,Initial Interaction
I0003132,C001819,2024-11-13,Social Media,Event Registration,Urban Mobility,Engaged Prospect
I0001820,C001820,2024-10-26,Paid Search,Initial Visit,Commercial Intent,Initial Interaction
I0001821,C001821,2025-08-30,Website,Initial Visit,Always-on Web,Initial Interaction
I0001822,C001822,2025-10-22,Paid Search,Initial Visit,Commercial Intent,Initial Interaction
I0001823,C001823,2025-04-20,Social Media,Initial Visit,Urban Mobility,Initial Interaction
I0003137,C001823,2025-05-01,Social Media,Configurator,Urban Mobility,Engaged Prospect
I0001824,C001824,2025-03-19,Paid Search,Initial Visit,Commercial Intent,Initial Interaction
I0003139,C001824,2025-03-27,Paid Search,Callback Request,Commercial Intent,Engaged Prospect
I0001825,C001825,2025-08-27,Referral,Initial Visit,Customer Referral,Initial Interaction
I0003141,C001825,2025-09-03,Referral,Event Registration,Customer Referral,Engaged Prospect
I0001826,C001826,2024-07-06,Website,Initial Visit,Always-on Web,Initial Interaction
I0003143,C001826,2024-07-12,Website,Event Registration,Always-on Web,Engaged Prospect
I0001827,C001827,2025-01-25,Referral,Initial Visit,Customer Referral,Initial Interaction
I0003145,C001827,2025-01-26,Referral,Brochure Download,Customer Referral,Engaged Prospect
I0001828,C001828,2025-03-25,Website,Initial Visit,Always-on Web,Initial Interaction
I0003147,C001828,2025-04-06,Website,Configurator,Always-on Web,Engaged Prospect
I0001829,C001829,2024-07-18,Website,Initial Visit,Always-on Web,Initial Interaction
I0001830,C001830,2025-10-28,Referral,Initial Visit,Customer Referral,Initial Interaction
I0003150,C001830,2025-11-08,Referral,Brochure Download,Customer Referral,Engaged Prospect
I0001831,C001831,2024-06-13,Email,Initial Visit,CRM Nurture,Initial Interaction
I0003152,C001831,2024-06-16,Email,Event Registration,CRM Nurture,Engaged Prospect
I0001832,C001832,2024-02-11,Social Media,Initial Visit,Urban Mobility,Initial Interaction
I0003154,C001832,2024-02-17,Social Media,Event Registration,Urban Mobility,Engaged Prospect
I0001833,C001833,2024-08-14,Email,Initial Visit,CRM Nurture,Initial Interaction
I0003156,C001833,2024-08-27,Email,Callback Request,CRM Nurture,Engaged Prospect
I0001834,C001834,2025-07-25,Paid Search,Initial Visit,Commercial Intent,Initial Interaction
I0003158,C001834,2025-07-28,Paid Search,Event Registration,Commercial Intent,Engaged Prospect
I0001835,C001835,2024-09-19,Dealer Event,Initial Visit,Van Experience Days,Initial Interaction
I0003160,C001835,2024-09-21,Dealer Event,Configurator,Van Experience Days,Engaged Prospect
I0001836,C001836,2024-05-31,Website,Initial Visit,Always-on Web,Initial Interaction
I0003162,C001836,2024-06-12,Website,Brochure Download,Always-on Web,Engaged Prospect
I0001837,C001837,2025-09-02,Dealer Event,Initial Visit,Van Experience Days,Initial Interaction
I0003164,C001837,2025-09-05,Dealer Event,Configurator,Van Experience Days,Engaged Prospect
I0001838,C001838,2024-04-17,Referral,Initial Visit,Customer Referral,Initial Interaction
I0001839,C001839,2024-04-21,Dealer Event,Initial Visit,Van Experience Days,Initial Interaction
I0001840,C001840,2025-09-21,Email,Initial Visit,CRM Nurture,Initial Interaction
I0003168,C001840,2025-10-01,Email,Event Registration,CRM Nurture,Engaged Prospect
I0001841,C001841,2024-08-12,Email,Initial Visit,CRM Nurture,Initial Interaction
I0001842,C001842,2024-01-02,Social Media,Initial Visit,Urban Mobility,Initial Interaction
I0003171,C001842,2024-01-05,Social Media,Callback Request,Urban Mobility,Engaged Prospect
I0001843,C001843,2024-10-30,Paid Search,Initial Visit,Commercial Intent,Initial Interaction
I0003173,C001843,2024-11-12,Paid Search,Configurator,Commercial Intent,Engaged Prospect
I0001844,C001844,2025-06-02,Dealer Event,Initial Visit,Van Experience Days,Initial Interaction
I0003175,C001844,2025-06-04,Dealer Event,Callback Request,Van Experience Days,Engaged Prospect
I0001845,C001845,2025-06-13,Social Media,Initial Visit,Urban Mobility,Initial Interaction
I0003177,C001845,2025-06-16,Social Media,Configurator,Urban Mobility,Engaged Prospect
I0001846,C001846,2024-03-02,Paid Search,Initial Visit,Commercial Intent,Initial Interaction
I0003179,C001846,2024-03-03,Paid Search,Configurator,Commercial Intent,Engaged Prospect
I0001847,C001847,2024-07-15,Dealer Event,Initial Visit,Van Experience Days,Initial Interaction
I0003181,C001847,2024-07-16,Dealer Event,Configurator,Van Experience Days,Engaged Prospect
I0001848,C001848,2025-03-08,Website,Initial Visit,Always-on Web,Initial Interaction
I0003183,C001848,2025-03-17,Website,Brochure Download,Always-on Web,Engaged Prospect
I0001849,C001849,2025-04-07,Dealer Event,Initial Visit,Van Experience Days,Initial Interaction
I0003185,C001849,2025-04-11,Dealer Event,Configurator,Van Experience Days,Engaged Prospect
I0001850,C001850,2025-03-10,Dealer Event,Initial Visit,Van Experience Days,Initial Interaction
I0003187,C001850,2025-03-16,Dealer Event,Event Registration,Van Experience Days,Engaged Prospect
I0001851,C001851,2024-08-24,Website,Initial Visit,Always-on Web,Initial Interaction
I0003189,C001851,2024-09-04,Website,Callback Request,Always-on Web,Engaged Prospect
I0001852,C001852,2025-08-26,Website,Initial Visit,Always-on Web,Initial Interaction
I0003191,C001852,2025-09-02,Website,Callback Request,Always-on Web,Engaged Prospect
I0001853,C001853,2024-02-24,Email,Initial Visit,CRM Nurture,Initial Interaction
I0001854,C001854,2025-07-29,Website,Initial Visit,Always-on Web,Initial Interaction
I0001855,C001855,2025-10-19,Referral,Initial Visit,Customer Referral,Initial Interaction
I0001856,C001856,2025-04-24,Website,Initial Visit,Always-on Web,Initial Interaction
I0003196,C001856,2025-04-27,Website,Brochure Download,Always-on Web,Engaged Prospect
I0001857,C001857,2024-10-27,Website,Initial Visit,Always-on Web,Initial Interaction
I0003198,C001857,2024-11-03,Website,Callback Request,Always-on Web,Engaged Prospect
I0001858,C001858,2024-09-23,Website,Initial Visit,Always-on Web,Initial Interaction
I0003200,C001858,2024-10-01,Website,Brochure Download,Always-on Web,Engaged Prospect
I0001859,C001859,2024-11-01,Dealer Event,Initial Visit,Van Experience Days,Initial Interaction
I0003202,C001859,2024-11-11,Dealer Event,Brochure Download,Van Experience Days,Engaged Prospect
I0001860,C001860,2024-04-26,Social Media,Initial Visit,Urban Mobility,Initial Interaction
I0001861,C001861,2024-06-04,Dealer Event,Initial Visit,Van Experience Days,Initial Interaction
I0003205,C001861,2024-06-11,Dealer Event,Callback Request,Van Experience Days,Engaged Prospect
I0001862,C001862,2025-03-20,Referral,Initial Visit,Customer Referral,Initial Interaction
I0003207,C001862,2025-03-26,Referral,Event Registration,Customer Referral,Engaged Prospect
I0001863,C001863,2025-01-20,Social Media,Initial Visit,Urban Mobility,Initial Interaction
I0003209,C001863,2025-01-23,Social Media,Event Registration,Urban Mobility,Engaged Prospect
I0001864,C001864,2024-12-13,Website,Initial Visit,Always-on Web,Initial Interaction
I0003211,C001864,2024-12-18,Website,Brochure Download,Always-on Web,Engaged Prospect
I0001865,C001865,2024-11-28,Website,Initial Visit,Always-on Web,Initial Interaction
I0003213,C001865,2024-12-10,Website,Brochure Download,Always-on Web,Engaged Prospect
I0001866,C001866,2024-02-24,Dealer Event,Initial Visit,Van Experience Days,Initial Interaction
I0003215,C001866,2024-02-29,Dealer Event,Event Registration,Van Experience Days,Engaged Prospect
I0001867,C001867,2025-08-30,Website,Initial Visit,Always-on Web,Initial Interaction
I0003217,C001867,2025-09-12,Website,Brochure Download,Always-on Web,Engaged Prospect
I0001868,C001868,2025-10-30,Dealer Event,Initial Visit,Van Experience Days,Initial Interaction
I0003219,C001868,2025-11-09,Dealer Event,Callback Request,Van Experience Days,Engaged Prospect
I0001869,C001869,2024-06-20,Dealer Event,Initial Visit,Van Experience Days,Initial Interaction
I0001870,C001870,2024-08-08,Social Media,Initial Visit,Urban Mobility,Initial Interaction
I0003222,C001870,2024-08-19,Social Media,Event Registration,Urban Mobility,Engaged Prospect
I0001871,C001871,2025-03-17,Social Media,Initial Visit,Urban Mobility,Initial Interaction
I0003224,C001871,2025-03-22,Social Media,Configurator,Urban Mobility,Engaged Prospect
I0001872,C001872,2024-01-02,Referral,Initial Visit,Customer Referral,Initial Interaction
I0001873,C001873,2024-03-12,Email,Initial Visit,CRM Nurture,Initial Interaction
I0001874,C001874,2025-09-23,Email,Initial Visit,CRM Nurture,Initial Interaction
I0003228,C001874,2025-09-25,Email,Configurator,CRM Nurture,Engaged Prospect
I0001875,C001875,2024-04-30,Paid Search,Initial Visit,Commercial Intent,Initial Interaction
I0003230,C001875,2024-05-14,Paid Search,Callback Request,Commercial Intent,Engaged Prospect
I0001876,C001876,2025-02-07,Paid Search,Initial Visit,Commercial Intent,Initial Interaction
I0003232,C001876,2025-02-12,Paid Search,Configurator,Commercial Intent,Engaged Prospect
I0001877,C001877,2025-09-09,Paid Search,Initial Visit,Commercial Intent,Initial Interaction
I0003234,C001877,2025-09-21,Paid Search,Event Registration,Commercial Intent,Engaged Prospect
I0001878,C001878,2025-05-28,Referral,Initial Visit,Customer Referral,Initial Interaction
I0003236,C001878,2025-06-06,Referral,Configurator,Customer Referral,Engaged Prospect
I0001879,C001879,2024-07-09,Social Media,Initial Visit,Urban Mobility,Initial Interaction
I0003238,C001879,2024-07-16,Social Media,Callback Request,Urban Mobility,Engaged Prospect
I0001880,C001880,2024-04-16,Dealer Event,Initial Visit,Van Experience Days,Initial Interaction
I0003240,C001880,2024-04-27,Dealer Event,Brochure Download,Van Experience Days,Engaged Prospect
I0001881,C001881,2025-05-17,Website,Initial Visit,Always-on Web,Initial Interaction
I0001882,C001882,2024-10-10,Dealer Event,Initial Visit,Van Experience Days,Initial Interaction
I0003243,C001882,2024-10-23,Dealer Event,Configurator,Van Experience Days,Engaged Prospect
I0001883,C001883,2025-11-08,Paid Search,Initial Visit,Commercial Intent,Initial Interaction
I0003245,C001883,2025-11-20,Paid Search,Configurator,Commercial Intent,Engaged Prospect
I0001884,C001884,2025-03-27,Email,Initial Visit,CRM Nurture,Initial Interaction
I0003247,C001884,2025-04-02,Email,Event Registration,CRM Nurture,Engaged Prospect
I0001885,C001885,2024-01-08,Website,Initial Visit,Always-on Web,Initial Interaction
I0003249,C001885,2024-01-12,Website,Event Registration,Always-on Web,Engaged Prospect
I0001886,C001886,2024-06-24,Dealer Event,Initial Visit,Van Experience Days,Initial Interaction
I0003251,C001886,2024-06-30,Dealer Event,Event Registration,Van Experience Days,Engaged Prospect
I0001887,C001887,2025-06-05,Email,Initial Visit,CRM Nurture,Initial Interaction
I0003253,C001887,2025-06-17,Email,Brochure Download,CRM Nurture,Engaged Prospect
I0001888,C001888,2025-05-06,Paid Search,Initial Visit,Commercial Intent,Initial Interaction
I0003255,C001888,2025-05-13,Paid Search,Brochure Download,Commercial Intent,Engaged Prospect
I0001889,C001889,2025-06-03,Paid Search,Initial Visit,Commercial Intent,Initial Interaction
I0001890,C001890,2024-06-12,Paid Search,Initial Visit,Commercial Intent,Initial Interaction
I0003258,C001890,2024-06-16,Paid Search,Event Registration,Commercial Intent,Engaged Prospect
I0001891,C001891,2024-06-23,Paid Search,Initial Visit,Commercial Intent,Initial Interaction
I0003260,C001891,2024-07-05,Paid Search,Event Registration,Commercial Intent,Engaged Prospect
I0001892,C001892,2024-05-26,Website,Initial Visit,Always-on Web,Initial Interaction
I0003262,C001892,2024-06-02,Website,Configurator,Always-on Web,Engaged Prospect
I0001893,C001893,2025-05-02,Paid Search,Initial Visit,Commercial Intent,Initial Interaction
I0003264,C001893,2025-05-10,Paid Search,Callback Request,Commercial Intent,Engaged Prospect
I0001894,C001894,2024-01-09,Paid Search,Initial Visit,Commercial Intent,Initial Interaction
I0003266,C001894,2024-01-16,Paid Search,Configurator,Commercial Intent,Engaged Prospect
I0001895,C001895,2025-07-23,Paid Search,Initial Visit,Commercial Intent,Initial Interaction
I0003268,C001895,2025-07-28,Paid Search,Brochure Download,Commercial Intent,Engaged Prospect
I0001896,C001896,2024-07-16,Email,Initial Visit,CRM Nurture,Initial Interaction
I0003270,C001896,2024-07-24,Email,Configurator,CRM Nurture,Engaged Prospect
I0001897,C001897,2024-12-07,Paid Search,Initial Visit,Commercial Intent,Initial Interaction
I0001898,C001898,2024-06-21,Website,Initial Visit,Always-on Web,Initial Interaction
I0003273,C001898,2024-07-05,Website,Configurator,Always-on Web,Engaged Prospect
I0001899,C001899,2024-10-24,Dealer Event,Initial Visit,Van Experience Days,Initial Interaction
I0003275,C001899,2024-10-26,Dealer Event,Brochure Download,Van Experience Days,Engaged Prospect
I0001900,C001900,2025-06-19,Paid Search,Initial Visit,Commercial Intent,Initial Interaction
I0003277,C001900,2025-06-23,Paid Search,Event Registration,Commercial Intent,Engaged Prospect
I0001901,C001901,2024-05-18,Email,Initial Visit,CRM Nurture,Initial Interaction
I0003279,C001901,2024-05-24,Email,Event Registration,CRM Nurture,Engaged Prospect
I0001902,C001902,2025-02-02,Referral,Initial Visit,Customer Referral,Initial Interaction
I0003281,C001902,2025-02-14,Referral,Brochure Download,Customer Referral,Engaged Prospect
I0001903,C001903,2024-02-10,Email,Initial Visit,CRM Nurture,Initial Interaction
I0003283,C001903,2024-02-19,Email,Brochure Download,CRM Nurture,Engaged Prospect
I0001904,C001904,2024-05-04,Social Media,Initial Visit,Urban Mobility,Initial Interaction
I0003285,C001904,2024-05-10,Social Media,Callback Request,Urban Mobility,Engaged Prospect
I0001905,C001905,2025-04-24,Social Media,Initial Visit,Urban Mobility,Initial Interaction
I0003287,C001905,2025-05-07,Social Media,Brochure Download,Urban Mobility,Engaged Prospect
I0001906,C001906,2025-02-01,Dealer Event,Initial Visit,Van Experience Days,Initial Interaction
I0003289,C001906,2025-02-09,Dealer Event,Configurator,Van Experience Days,Engaged Prospect
I0001907,C001907,2025-03-04,Dealer Event,Initial Visit,Van Experience Days,Initial Interaction
I0003291,C001907,2025-03-12,Dealer Event,Brochure Download,Van Experience Days,Engaged Prospect
I0001908,C001908,2024-06-06,Website,Initial Visit,Always-on Web,Initial Interaction
I0001909,C001909,2024-05-24,Social Media,Initial Visit,Urban Mobility,Initial Interaction
I0003294,C001909,2024-06-07,Social Media,Callback Request,Urban Mobility,Engaged Prospect
I0001910,C001910,2024-10-24,Dealer Event,Initial Visit,Van Experience Days,Initial Interaction
I0003296,C001910,2024-10-28,Dealer Event,Event Registration,Van Experience Days,Engaged Prospect
I0001911,C001911,2024-03-31,Dealer Event,Initial Visit,Van Experience Days,Initial Interaction
I0003298,C001911,2024-04-14,Dealer Event,Callback Request,Van Experience Days,Engaged Prospect
I0001912,C001912,2025-09-13,Website,Initial Visit,Always-on Web,Initial Interaction
I0001913,C001913,2024-07-06,Paid Search,Initial Visit,Commercial Intent,Initial Interaction
I0003301,C001913,2024-07-10,Paid Search,Callback Request,Commercial Intent,Engaged Prospect
I0001914,C001914,2025-05-18,Social Media,Initial Visit,Urban Mobility,Initial Interaction
I0003303,C001914,2025-05-31,Social Media,Brochure Download,Urban Mobility,Engaged Prospect
I0001915,C001915,2024-04-19,Website,Initial Visit,Always-on Web,Initial Interaction
I0003305,C001915,2024-04-21,Website,Configurator,Always-on Web,Engaged Prospect
I0001916,C001916,2025-03-31,Email,Initial Visit,CRM Nurture,Initial Interaction
I0003307,C001916,2025-04-09,Email,Brochure Download,CRM Nurture,Engaged Prospect
I0001917,C001917,2024-05-22,Paid Search,Initial Visit,Commercial Intent,Initial Interaction
I0001918,C001918,2024-07-16,Paid Search,Initial Visit,Commercial Intent,Initial Interaction
I0003310,C001918,2024-07-21,Paid Search,Callback Request,Commercial Intent,Engaged Prospect
I0001919,C001919,2024-10-15,Paid Search,Initial Visit,Commercial Intent,Initial Interaction
I0001920,C001920,2024-03-28,Dealer Event,Initial Visit,Van Experience Days,Initial Interaction
I0003313,C001920,2024-04-08,Dealer Event,Configurator,Van Experience Days,Engaged Prospect
I0001921,C001921,2024-03-28,Dealer Event,Initial Visit,Van Experience Days,Initial Interaction
I0001922,C001922,2025-06-11,Dealer Event,Initial Visit,Van Experience Days,Initial Interaction
I0003316,C001922,2025-06-22,Dealer Event,Callback Request,Van Experience Days,Engaged Prospect
I0001923,C001923,2024-08-29,Referral,Initial Visit,Customer Referral,Initial Interaction
I0001924,C001924,2025-02-01,Referral,Initial Visit,Customer Referral,Initial Interaction
I0003319,C001924,2025-02-10,Referral,Event Registration,Customer Referral,Engaged Prospect
I0001925,C001925,2025-03-28,Social Media,Initial Visit,Urban Mobility,Initial Interaction
I0003321,C001925,2025-03-29,Social Media,Configurator,Urban Mobility,Engaged Prospect
I0001926,C001926,2025-03-11,Website,Initial Visit,Always-on Web,Initial Interaction
I0003323,C001926,2025-03-16,Website,Event Registration,Always-on Web,Engaged Prospect
I0001927,C001927,2025-03-15,Dealer Event,Initial Visit,Van Experience Days,Initial Interaction
I0003325,C001927,2025-03-21,Dealer Event,Brochure Download,Van Experience Days,Engaged Prospect
I0001928,C001928,2025-11-13,Social Media,Initial Visit,Urban Mobility,Initial Interaction
I0001929,C001929,2025-03-17,Paid Search,Initial Visit,Commercial Intent,Initial Interaction
I0003328,C001929,2025-03-23,Paid Search,Configurator,Commercial Intent,Engaged Prospect
I0001930,C001930,2024-08-31,Referral,Initial Visit,Customer Referral,Initial Interaction
I0003330,C001930,2024-09-05,Referral,Brochure Download,Customer Referral,Engaged Prospect
I0001931,C001931,2024-07-18,Paid Search,Initial Visit,Commercial Intent,Initial Interaction
I0003332,C001931,2024-07-20,Paid Search,Brochure Download,Commercial Intent,Engaged Prospect
I0001932,C001932,2025-07-14,Referral,Initial Visit,Customer Referral,Initial Interaction
I0003334,C001932,2025-07-21,Referral,Event Registration,Customer Referral,Engaged Prospect
I0001933,C001933,2024-10-22,Social Media,Initial Visit,Urban Mobility,Initial Interaction
I0003336,C001933,2024-10-31,Social Media,Callback Request,Urban Mobility,Engaged Prospect
I0001934,C001934,2025-01-26,Website,Initial Visit,Always-on Web,Initial Interaction
I0003338,C001934,2025-01-27,Website,Configurator,Always-on Web,Engaged Prospect
I0001935,C001935,2025-07-24,Dealer Event,Initial Visit,Van Experience Days,Initial Interaction
I0003340,C001935,2025-07-25,Dealer Event,Configurator,Van Experience Days,Engaged Prospect
I0001936,C001936,2024-06-13,Email,Initial Visit,CRM Nurture,Initial Interaction
I0003342,C001936,2024-06-15,Email,Brochure Download,CRM Nurture,Engaged Prospect
I0001937,C001937,2024-06-04,Social Media,Initial Visit,Urban Mobility,Initial Interaction
I0003344,C001937,2024-06-18,Social Media,Configurator,Urban Mobility,Engaged Prospect
I0001938,C001938,2024-02-07,Social Media,Initial Visit,Urban Mobility,Initial Interaction
I0001939,C001939,2024-02-20,Website,Initial Visit,Always-on Web,Initial Interaction
I0001940,C001940,2025-03-07,Website,Initial Visit,Always-on Web,Initial Interaction
I0003348,C001940,2025-03-09,Website,Callback Request,Always-on Web,Engaged Prospect
I0001941,C001941,2024-12-18,Website,Initial Visit,Always-on Web,Initial Interaction
I0001942,C001942,2024-07-27,Website,Initial Visit,Always-on Web,Initial Interaction
I0001943,C001943,2024-05-28,Paid Search,Initial Visit,Commercial Intent,Initial Interaction
I0003352,C001943,2024-06-05,Paid Search,Brochure Download,Commercial Intent,Engaged Prospect
I0001944,C001944,2025-05-01,Social Media,Initial Visit,Urban Mobility,Initial Interaction
I0003354,C001944,2025-05-03,Social Media,Event Registration,Urban Mobility,Engaged Prospect
I0001945,C001945,2024-02-29,Website,Initial Visit,Always-on Web,Initial Interaction
I0003356,C001945,2024-03-03,Website,Event Registration,Always-on Web,Engaged Prospect
I0001946,C001946,2025-05-05,Social Media,Initial Visit,Urban Mobility,Initial Interaction
I0003358,C001946,2025-05-16,Social Media,Configurator,Urban Mobility,Engaged Prospect
I0001947,C001947,2025-09-25,Website,Initial Visit,Always-on Web,Initial Interaction
I0001948,C001948,2024-11-14,Website,Initial Visit,Always-on Web,Initial Interaction
I0003361,C001948,2024-11-25,Website,Brochure Download,Always-on Web,Engaged Prospect
I0001949,C001949,2024-12-12,Referral,Initial Visit,Customer Referral,Initial Interaction
I0003363,C001949,2024-12-26,Referral,Configurator,Customer Referral,Engaged Prospect
I0001950,C001950,2025-01-10,Referral,Initial Visit,Customer Referral,Initial Interaction
I0003365,C001950,2025-01-14,Referral,Callback Request,Customer Referral,Engaged Prospect
I0001951,C001951,2024-03-07,Dealer Event,Initial Visit,Van Experience Days,Initial Interaction
I0003367,C001951,2024-03-21,Dealer Event,Callback Request,Van Experience Days,Engaged Prospect
I0001952,C001952,2025-03-14,Website,Initial Visit,Always-on Web,Initial Interaction
I0003369,C001952,2025-03-26,Website,Event Registration,Always-on Web,Engaged Prospect
I0001953,C001953,2024-09-12,Email,Initial Visit,CRM Nurture,Initial Interaction
I0003371,C001953,2024-09-19,Email,Event Registration,CRM Nurture,Engaged Prospect
I0001954,C001954,2024-11-24,Website,Initial Visit,Always-on Web,Initial Interaction
I0001955,C001955,2024-01-17,Social Media,Initial Visit,Urban Mobility,Initial Interaction
I0003374,C001955,2024-01-24,Social Media,Configurator,Urban Mobility,Engaged Prospect
I0001956,C001956,2025-09-06,Dealer Event,Initial Visit,Van Experience Days,Initial Interaction
I0003376,C001956,2025-09-08,Dealer Event,Event Registration,Van Experience Days,Engaged Prospect
I0001957,C001957,2024-08-21,Paid Search,Initial Visit,Commercial Intent,Initial Interaction
I0003378,C001957,2024-08-27,Paid Search,Configurator,Commercial Intent,Engaged Prospect
I0001958,C001958,2024-02-23,Referral,Initial Visit,Customer Referral,Initial Interaction
I0003380,C001958,2024-03-05,Referral,Event Registration,Customer Referral,Engaged Prospect
I0001959,C001959,2025-07-01,Email,Initial Visit,CRM Nurture,Initial Interaction
I0003382,C001959,2025-07-09,Email,Event Registration,CRM Nurture,Engaged Prospect
I0001960,C001960,2025-11-16,Paid Search,Initial Visit,Commercial Intent,Initial Interaction
I0001961,C001961,2024-12-29,Website,Initial Visit,Always-on Web,Initial Interaction
I0001962,C001962,2024-01-24,Dealer Event,Initial Visit,Van Experience Days,Initial Interaction
I0003386,C001962,2024-01-27,Dealer Event,Callback Request,Van Experience Days,Engaged Prospect
I0001963,C001963,2025-11-25,Paid Search,Initial Visit,Commercial Intent,Initial Interaction
I0001964,C001964,2024-05-25,Website,Initial Visit,Always-on Web,Initial Interaction
I0003389,C001964,2024-05-26,Website,Configurator,Always-on Web,Engaged Prospect
I0001965,C001965,2024-06-17,Website,Initial Visit,Always-on Web,Initial Interaction
I0003391,C001965,2024-06-30,Website,Brochure Download,Always-on Web,Engaged Prospect
I0001966,C001966,2025-05-10,Referral,Initial Visit,Customer Referral,Initial Interaction
I0003393,C001966,2025-05-17,Referral,Callback Request,Customer Referral,Engaged Prospect
I0001967,C001967,2024-08-20,Website,Initial Visit,Always-on Web,Initial Interaction
I0003395,C001967,2024-08-29,Website,Event Registration,Always-on Web,Engaged Prospect
I0001968,C001968,2024-02-29,Referral,Initial Visit,Customer Referral,Initial Interaction
I0003397,C001968,2024-03-03,Referral,Callback Request,Customer Referral,Engaged Prospect
I0001969,C001969,2025-04-22,Email,Initial Visit,CRM Nurture,Initial Interaction
I0003399,C001969,2025-04-28,Email,Event Registration,CRM Nurture,Engaged Prospect
I0001970,C001970,2024-07-02,Paid Search,Initial Visit,Commercial Intent,Initial Interaction
I0003401,C001970,2024-07-07,Paid Search,Configurator,Commercial Intent,Engaged Prospect
I0001971,C001971,2025-08-26,Paid Search,Initial Visit,Commercial Intent,Initial Interaction
I0001972,C001972,2024-04-17,Dealer Event,Initial Visit,Van Experience Days,Initial Interaction
I0003404,C001972,2024-04-22,Dealer Event,Brochure Download,Van Experience Days,Engaged Prospect
I0001973,C001973,2025-09-26,Paid Search,Initial Visit,Commercial Intent,Initial Interaction
I0003406,C001973,2025-10-01,Paid Search,Callback Request,Commercial Intent,Engaged Prospect
I0001974,C001974,2025-05-21,Website,Initial Visit,Always-on Web,Initial Interaction
I0003408,C001974,2025-06-03,Website,Configurator,Always-on Web,Engaged Prospect
I0001975,C001975,2024-06-16,Website,Initial Visit,Always-on Web,Initial Interaction
I0003410,C001975,2024-06-21,Website,Brochure Download,Always-on Web,Engaged Prospect
I0001976,C001976,2025-02-09,Dealer Event,Initial Visit,Van Experience Days,Initial Interaction
I0003412,C001976,2025-02-12,Dealer Event,Callback Request,Van Experience Days,Engaged Prospect
I0001977,C001977,2025-10-18,Email,Initial Visit,CRM Nurture,Initial Interaction
I0003414,C001977,2025-11-01,Email,Brochure Download,CRM Nurture,Engaged Prospect
I0001978,C001978,2024-02-15,Social Media,Initial Visit,Urban Mobility,Initial Interaction
I0003416,C001978,2024-02-26,Social Media,Event Registration,Urban Mobility,Engaged Prospect
I0001979,C001979,2025-07-27,Website,Initial Visit,Always-on Web,Initial Interaction
I0001980,C001980,2024-11-18,Paid Search,Initial Visit,Commercial Intent,Initial Interaction
I0003419,C001980,2024-11-22,Paid Search,Callback Request,Commercial Intent,Engaged Prospect
I0001981,C001981,2025-10-26,Dealer Event,Initial Visit,Van Experience Days,Initial Interaction
I0003421,C001981,2025-10-31,Dealer Event,Brochure Download,Van Experience Days,Engaged Prospect
I0001982,C001982,2024-05-25,Website,Initial Visit,Always-on Web,Initial Interaction
I0003423,C001982,2024-06-05,Website,Brochure Download,Always-on Web,Engaged Prospect
I0001983,C001983,2025-05-18,Referral,Initial Visit,Customer Referral,Initial Interaction
I0003425,C001983,2025-05-26,Referral,Brochure Download,Customer Referral,Engaged Prospect
I0001984,C001984,2025-11-08,Dealer Event,Initial Visit,Van Experience Days,Initial Interaction
I0003427,C001984,2025-11-09,Dealer Event,Event Registration,Van Experience Days,Engaged Prospect
I0001985,C001985,2024-08-28,Paid Search,Initial Visit,Commercial Intent,Initial Interaction
I0003429,C001985,2024-09-07,Paid Search,Configurator,Commercial Intent,Engaged Prospect
I0001986,C001986,2024-03-16,Dealer Event,Initial Visit,Van Experience Days,Initial Interaction
I0003431,C001986,2024-03-26,Dealer Event,Event Registration,Van Experience Days,Engaged Prospect
I0001987,C001987,2024-10-01,Email,Initial Visit,CRM Nurture,Initial Interaction
I0003433,C001987,2024-10-13,Email,Event Registration,CRM Nurture,Engaged Prospect
I0001988,C001988,2025-02-22,Email,Initial Visit,CRM Nurture,Initial Interaction
I0003435,C001988,2025-02-23,Email,Brochure Download,CRM Nurture,Engaged Prospect
I0001989,C001989,2025-03-17,Website,Initial Visit,Always-on Web,Initial Interaction
I0001990,C001990,2024-12-03,Referral,Initial Visit,Customer Referral,Initial Interaction
I0003438,C001990,2024-12-11,Referral,Brochure Download,Customer Referral,Engaged Prospect
I0001991,C001991,2025-10-14,Paid Search,Initial Visit,Commercial Intent,Initial Interaction
I0001992,C001992,2025-02-08,Dealer Event,Initial Visit,Van Experience Days,Initial Interaction
I0003441,C001992,2025-02-12,Dealer Event,Callback Request,Van Experience Days,Engaged Prospect
I0001993,C001993,2025-03-24,Paid Search,Initial Visit,Commercial Intent,Initial Interaction
I0003443,C001993,2025-04-07,Paid Search,Brochure Download,Commercial Intent,Engaged Prospect
I0001994,C001994,2025-10-31,Paid Search,Initial Visit,Commercial Intent,Initial Interaction
I0003445,C001994,2025-11-04,Paid Search,Event Registration,Commercial Intent,Engaged Prospect
I0001995,C001995,2025-10-19,Referral,Initial Visit,Customer Referral,Initial Interaction
I0001996,C001996,2024-08-26,Social Media,Initial Visit,Urban Mobility,Initial Interaction
I0003448,C001996,2024-08-28,Social Media,Event Registration,Urban Mobility,Engaged Prospect
I0001997,C001997,2024-07-19,Website,Initial Visit,Always-on Web,Initial Interaction
I0003450,C001997,2024-07-23,Website,Configurator,Always-on Web,Engaged Prospect
I0001998,C001998,2025-06-08,Dealer Event,Initial Visit,Van Experience Days,Initial Interaction
I0001999,C001999,2025-01-02,Website,Initial Visit,Always-on Web,Initial Interaction
I0003453,C001999,2025-01-10,Website,Brochure Download,Always-on Web,Engaged Prospect
I0002000,C002000,2024-11-09,Dealer Event,Initial Visit,Van Experience Days,Initial Interaction
I0003455,C002000,2024-11-21,Dealer Event,Configurator,Van Experience Days,Engaged Prospect
I0002001,C002001,2025-05-03,Referral,Initial Visit,Customer Referral,Initial Interaction
I0002002,C002002,2025-04-07,Website,Initial Visit,Always-on Web,Initial Interaction
I0003458,C002002,2025-04-16,Website,Callback Request,Always-on Web,Engaged Prospect
I0002003,C002003,2025-10-01,Social Media,Initial Visit,Urban Mobility,Initial Interaction
I0003460,C002003,2025-10-10,Social Media,Callback Request,Urban Mobility,Engaged Prospect
I0002004,C002004,2024-09-12,Referral,Initial Visit,Customer Referral,Initial Interaction
I0002005,C002005,2025-06-11,Referral,Initial Visit,Customer Referral,Initial Interaction
I0003463,C002005,2025-06-14,Referral,Callback Request,Customer Referral,Engaged Prospect
I0002006,C002006,2024-06-07,Social Media,Initial Visit,Urban Mobility,Initial Interaction
I0003465,C002006,2024-06-13,Social Media,Callback Request,Urban Mobility,Engaged Prospect
I0002007,C002007,2025-10-17,Email,Initial Visit,CRM Nurture,Initial Interaction
I0003467,C002007,2025-10-20,Email,Configurator,CRM Nurture,Engaged Prospect
I0002008,C002008,2024-02-28,Social Media,Initial Visit,Urban Mobility,Initial Interaction
I0003469,C002008,2024-03-05,Social Media,Event Registration,Urban Mobility,Engaged Prospect
I0002009,C002009,2025-06-09,Website,Initial Visit,Always-on Web,Initial Interaction
I0002010,C002010,2024-03-12,Email,Initial Visit,CRM Nurture,Initial Interaction
I0002011,C002011,2025-09-08,Paid Search,Initial Visit,Commercial Intent,Initial Interaction
I0003473,C002011,2025-09-13,Paid Search,Configurator,Commercial Intent,Engaged Prospect
I0002012,C002012,2025-11-02,Paid Search,Initial Visit,Commercial Intent,Initial Interaction
I0002013,C002013,2025-07-26,Paid Search,Initial Visit,Commercial Intent,Initial Interaction
I0003476,C002013,2025-08-06,Paid Search,Callback Request,Commercial Intent,Engaged Prospect
I0002014,C002014,2025-07-05,Dealer Event,Initial Visit,Van Experience Days,Initial Interaction
I0003478,C002014,2025-07-06,Dealer Event,Event Registration,Van Experience Days,Engaged Prospect
I0002015,C002015,2024-11-30,Website,Initial Visit,Always-on Web,Initial Interaction
I0003480,C002015,2024-12-07,Website,Callback Request,Always-on Web,Engaged Prospect
I0002016,C002016,2024-06-20,Website,Initial Visit,Always-on Web,Initial Interaction
I0003482,C002016,2024-07-02,Website,Event Registration,Always-on Web,Engaged Prospect
I0002017,C002017,2025-11-20,Website,Initial Visit,Always-on Web,Initial Interaction
I0003484,C002017,2025-12-02,Website,Configurator,Always-on Web,Engaged Prospect
I0002018,C002018,2025-01-05,Website,Initial Visit,Always-on Web,Initial Interaction
I0003486,C002018,2025-01-19,Website,Callback Request,Always-on Web,Engaged Prospect
I0002019,C002019,2025-07-25,Referral,Initial Visit,Customer Referral,Initial Interaction
I0003488,C002019,2025-08-04,Referral,Brochure Download,Customer Referral,Engaged Prospect
I0002020,C002020,2025-05-14,Paid Search,Initial Visit,Commercial Intent,Initial Interaction
I0002021,C002021,2025-05-05,Website,Initial Visit,Always-on Web,Initial Interaction
I0002022,C002022,2024-09-03,Referral,Initial Visit,Customer Referral,Initial Interaction
I0003492,C002022,2024-09-15,Referral,Brochure Download,Customer Referral,Engaged Prospect
I0002023,C002023,2024-10-25,Website,Initial Visit,Always-on Web,Initial Interaction
I0003494,C002023,2024-11-07,Website,Brochure Download,Always-on Web,Engaged Prospect
I0002024,C002024,2024-11-03,Paid Search,Initial Visit,Commercial Intent,Initial Interaction
I0003496,C002024,2024-11-06,Paid Search,Configurator,Commercial Intent,Engaged Prospect
I0002025,C002025,2025-02-25,Dealer Event,Initial Visit,Van Experience Days,Initial Interaction
I0002026,C002026,2025-05-17,Dealer Event,Initial Visit,Van Experience Days,Initial Interaction
I0002027,C002027,2024-05-19,Website,Initial Visit,Always-on Web,Initial Interaction
I0003500,C002027,2024-05-20,Website,Event Registration,Always-on Web,Engaged Prospect
I0002028,C002028,2024-06-08,Email,Initial Visit,CRM Nurture,Initial Interaction
I0003502,C002028,2024-06-17,Email,Callback Request,CRM Nurture,Engaged Prospect
I0002029,C002029,2024-02-03,Social Media,Initial Visit,Urban Mobility,Initial Interaction
I0002030,C002030,2025-01-03,Email,Initial Visit,CRM Nurture,Initial Interaction
I0002031,C002031,2025-04-13,Website,Initial Visit,Always-on Web,Initial Interaction
I0003506,C002031,2025-04-19,Website,Configurator,Always-on Web,Engaged Prospect
I0002032,C002032,2024-05-27,Dealer Event,Initial Visit,Van Experience Days,Initial Interaction
I0003508,C002032,2024-06-02,Dealer Event,Callback Request,Van Experience Days,Engaged Prospect
I0002033,C002033,2025-05-13,Social Media,Initial Visit,Urban Mobility,Initial Interaction
I0002034,C002034,2024-01-03,Email,Initial Visit,CRM Nurture,Initial Interaction
I0003511,C002034,2024-01-11,Email,Brochure Download,CRM Nurture,Engaged Prospect
I0002035,C002035,2025-08-29,Referral,Initial Visit,Customer Referral,Initial Interaction
I0003513,C002035,2025-09-07,Referral,Brochure Download,Customer Referral,Engaged Prospect
I0002036,C002036,2025-04-28,Dealer Event,Initial Visit,Van Experience Days,Initial Interaction
I0003515,C002036,2025-05-05,Dealer Event,Brochure Download,Van Experience Days,Engaged Prospect
I0002037,C002037,2025-04-23,Dealer Event,Initial Visit,Van Experience Days,Initial Interaction
I0003517,C002037,2025-05-06,Dealer Event,Callback Request,Van Experience Days,Engaged Prospect
I0002038,C002038,2025-05-10,Paid Search,Initial Visit,Commercial Intent,Initial Interaction
I0003519,C002038,2025-05-11,Paid Search,Configurator,Commercial Intent,Engaged Prospect
I0002039,C002039,2024-09-08,Website,Initial Visit,Always-on Web,Initial Interaction
I0003521,C002039,2024-09-19,Website,Callback Request,Always-on Web,Engaged Prospect
I0002040,C002040,2025-11-28,Social Media,Initial Visit,Urban Mobility,Initial Interaction
I0003523,C002040,2025-12-05,Social Media,Callback Request,Urban Mobility,Engaged Prospect
I0002041,C002041,2025-06-06,Website,Initial Visit,Always-on Web,Initial Interaction
I0003525,C002041,2025-06-14,Website,Configurator,Always-on Web,Engaged Prospect
I0002042,C002042,2024-05-06,Email,Initial Visit,CRM Nurture,Initial Interaction
I0003527,C002042,2024-05-07,Email,Callback Request,CRM Nurture,Engaged Prospect
I0002043,C002043,2025-10-07,Email,Initial Visit,CRM Nurture,Initial Interaction
I0003529,C002043,2025-10-12,Email,Callback Request,CRM Nurture,Engaged Prospect
I0002044,C002044,2025-06-01,Social Media,Initial Visit,Urban Mobility,Initial Interaction
I0003531,C002044,2025-06-03,Social Media,Configurator,Urban Mobility,Engaged Prospect
I0002045,C002045,2024-08-05,Website,Initial Visit,Always-on Web,Initial Interaction
I0002046,C002046,2025-10-25,Dealer Event,Initial Visit,Van Experience Days,Initial Interaction
I0003534,C002046,2025-10-27,Dealer Event,Event Registration,Van Experience Days,Engaged Prospect
I0002047,C002047,2024-06-22,Social Media,Initial Visit,Urban Mobility,Initial Interaction
I0003536,C002047,2024-06-27,Social Media,Brochure Download,Urban Mobility,Engaged Prospect
I0002048,C002048,2025-03-27,Social Media,Initial Visit,Urban Mobility,Initial Interaction
I0003538,C002048,2025-04-04,Social Media,Configurator,Urban Mobility,Engaged Prospect
I0002049,C002049,2025-04-14,Social Media,Initial Visit,Urban Mobility,Initial Interaction
I0003540,C002049,2025-04-25,Social Media,Event Registration,Urban Mobility,Engaged Prospect
I0002050,C002050,2025-11-05,Website,Initial Visit,Always-on Web,Initial Interaction
I0002051,C002051,2025-02-03,Email,Initial Visit,CRM Nurture,Initial Interaction
I0002052,C002052,2025-11-27,Website,Initial Visit,Always-on Web,Initial Interaction
I0002053,C002053,2024-07-18,Social Media,Initial Visit,Urban Mobility,Initial Interaction
I0003545,C002053,2024-07-30,Social Media,Event Registration,Urban Mobility,Engaged Prospect
I0002054,C002054,2025-07-15,Website,Initial Visit,Always-on Web,Initial Interaction
I0003547,C002054,2025-07-23,Website,Event Registration,Always-on Web,Engaged Prospect
I0002055,C002055,2024-06-20,Website,Initial Visit,Always-on Web,Initial Interaction
I0003549,C002055,2024-07-01,Website,Callback Request,Always-on Web,Engaged Prospect
I0002056,C002056,2025-11-30,Website,Initial Visit,Always-on Web,Initial Interaction
I0002057,C002057,2025-06-18,Website,Initial Visit,Always-on Web,Initial Interaction
I0003552,C002057,2025-06-28,Website,Event Registration,Always-on Web,Engaged Prospect
I0002058,C002058,2025-03-14,Dealer Event,Initial Visit,Van Experience Days,Initial Interaction
I0003554,C002058,2025-03-18,Dealer Event,Event Registration,Van Experience Days,Engaged Prospect
I0002059,C002059,2024-02-16,Dealer Event,Initial Visit,Van Experience Days,Initial Interaction
I0002060,C002060,2024-12-13,Website,Initial Visit,Always-on Web,Initial Interaction
I0002061,C002061,2024-04-10,Website,Initial Visit,Always-on Web,Initial Interaction
I0002062,C002062,2025-10-04,Dealer Event,Initial Visit,Van Experience Days,Initial Interaction
I0003559,C002062,2025-10-12,Dealer Event,Brochure Download,Van Experience Days,Engaged Prospect
I0002063,C002063,2024-09-22,Website,Initial Visit,Always-on Web,Initial Interaction
I0003561,C002063,2024-09-24,Website,Configurator,Always-on Web,Engaged Prospect
I0002064,C002064,2025-08-04,Paid Search,Initial Visit,Commercial Intent,Initial Interaction
I0002065,C002065,2025-09-26,Website,Initial Visit,Always-on Web,Initial Interaction
I0003564,C002065,2025-10-02,Website,Callback Request,Always-on Web,Engaged Prospect
I0002066,C002066,2024-03-18,Social Media,Initial Visit,Urban Mobility,Initial Interaction
I0003566,C002066,2024-03-26,Social Media,Callback Request,Urban Mobility,Engaged Prospect
I0002067,C002067,2025-06-15,Referral,Initial Visit,Customer Referral,Initial Interaction
I0003568,C002067,2025-06-17,Referral,Brochure Download,Customer Referral,Engaged Prospect
I0002068,C002068,2024-07-30,Website,Initial Visit,Always-on Web,Initial Interaction
I0003570,C002068,2024-08-02,Website,Event Registration,Always-on Web,Engaged Prospect
I0002069,C002069,2024-03-17,Referral,Initial Visit,Customer Referral,Initial Interaction
I0003572,C002069,2024-03-23,Referral,Callback Request,Customer Referral,Engaged Prospect
I0002070,C002070,2024-07-01,Dealer Event,Initial Visit,Van Experience Days,Initial Interaction
I0002071,C002071,2025-01-19,Referral,Initial Visit,Customer Referral,Initial Interaction
I0003575,C002071,2025-01-26,Referral,Callback Request,Customer Referral,Engaged Prospect
I0002072,C002072,2025-08-21,Email,Initial Visit,CRM Nurture,Initial Interaction
I0003577,C002072,2025-08-29,Email,Configurator,CRM Nurture,Engaged Prospect
I0002073,C002073,2025-04-29,Dealer Event,Initial Visit,Van Experience Days,Initial Interaction
I0003579,C002073,2025-05-04,Dealer Event,Event Registration,Van Experience Days,Engaged Prospect
I0002074,C002074,2024-06-12,Social Media,Initial Visit,Urban Mobility,Initial Interaction
I0003581,C002074,2024-06-26,Social Media,Configurator,Urban Mobility,Engaged Prospect
I0002075,C002075,2024-07-26,Dealer Event,Initial Visit,Van Experience Days,Initial Interaction
I0003583,C002075,2024-08-01,Dealer Event,Brochure Download,Van Experience Days,Engaged Prospect
I0002076,C002076,2024-07-31,Website,Initial Visit,Always-on Web,Initial Interaction
I0002077,C002077,2025-05-30,Email,Initial Visit,CRM Nurture,Initial Interaction
I0003586,C002077,2025-06-10,Email,Configurator,CRM Nurture,Engaged Prospect
I0002078,C002078,2024-12-29,Social Media,Initial Visit,Urban Mobility,Initial Interaction
I0003588,C002078,2025-01-02,Social Media,Event Registration,Urban Mobility,Engaged Prospect
I0002079,C002079,2024-01-17,Website,Initial Visit,Always-on Web,Initial Interaction
I0002080,C002080,2024-02-23,Paid Search,Initial Visit,Commercial Intent,Initial Interaction
I0003591,C002080,2024-02-29,Paid Search,Brochure Download,Commercial Intent,Engaged Prospect
I0002081,C002081,2024-02-22,Website,Initial Visit,Always-on Web,Initial Interaction
I0003593,C002081,2024-03-07,Website,Configurator,Always-on Web,Engaged Prospect
I0002082,C002082,2025-11-03,Paid Search,Initial Visit,Commercial Intent,Initial Interaction
I0003595,C002082,2025-11-16,Paid Search,Configurator,Commercial Intent,Engaged Prospect
I0002083,C002083,2024-12-19,Website,Initial Visit,Always-on Web,Initial Interaction
I0003597,C002083,2025-01-01,Website,Brochure Download,Always-on Web,Engaged Prospect
I0002084,C002084,2024-12-09,Website,Initial Visit,Always-on Web,Initial Interaction
I0003599,C002084,2024-12-12,Website,Brochure Download,Always-on Web,Engaged Prospect
I0002085,C002085,2025-06-16,Paid Search,Initial Visit,Commercial Intent,Initial Interaction
I0003601,C002085,2025-06-17,Paid Search,Event Registration,Commercial Intent,Engaged Prospect
I0002086,C002086,2024-05-13,Social Media,Initial Visit,Urban Mobility,Initial Interaction
I0002087,C002087,2024-01-23,Website,Initial Visit,Always-on Web,Initial Interaction
I0003604,C002087,2024-01-30,Website,Callback Request,Always-on Web,Engaged Prospect
I0002088,C002088,2024-07-08,Website,Initial Visit,Always-on Web,Initial Interaction
I0002089,C002089,2024-05-25,Paid Search,Initial Visit,Commercial Intent,Initial Interaction
I0003607,C002089,2024-05-31,Paid Search,Event Registration,Commercial Intent,Engaged Prospect
I0002090,C002090,2025-07-12,Paid Search,Initial Visit,Commercial Intent,Initial Interaction
I0003609,C002090,2025-07-18,Paid Search,Callback Request,Commercial Intent,Engaged Prospect
I0002091,C002091,2025-07-26,Website,Initial Visit,Always-on Web,Initial Interaction
I0003611,C002091,2025-07-31,Website,Brochure Download,Always-on Web,Engaged Prospect
I0002092,C002092,2025-03-19,Referral,Initial Visit,Customer Referral,Initial Interaction
I0002093,C002093,2025-09-28,Paid Search,Initial Visit,Commercial Intent,Initial Interaction
I0002094,C002094,2024-11-21,Paid Search,Initial Visit,Commercial Intent,Initial Interaction
I0003615,C002094,2024-11-23,Paid Search,Brochure Download,Commercial Intent,Engaged Prospect
I0002095,C002095,2024-06-17,Social Media,Initial Visit,Urban Mobility,Initial Interaction
I0003617,C002095,2024-07-01,Social Media,Callback Request,Urban Mobility,Engaged Prospect
I0002096,C002096,2024-08-20,Dealer Event,Initial Visit,Van Experience Days,Initial Interaction
I0002097,C002097,2024-04-09,Paid Search,Initial Visit,Commercial Intent,Initial Interaction
I0003620,C002097,2024-04-13,Paid Search,Configurator,Commercial Intent,Engaged Prospect
I0002098,C002098,2025-09-22,Website,Initial Visit,Always-on Web,Initial Interaction
I0003622,C002098,2025-09-28,Website,Callback Request,Always-on Web,Engaged Prospect
I0002099,C002099,2025-02-26,Social Media,Initial Visit,Urban Mobility,Initial Interaction
I0002100,C002100,2025-06-24,Paid Search,Initial Visit,Commercial Intent,Initial Interaction
I0003625,C002100,2025-06-26,Paid Search,Callback Request,Commercial Intent,Engaged Prospect
I0002101,C002101,2024-07-16,Paid Search,Initial Visit,Commercial Intent,Initial Interaction
I0003627,C002101,2024-07-19,Paid Search,Callback Request,Commercial Intent,Engaged Prospect
I0002102,C002102,2025-05-17,Referral,Initial Visit,Customer Referral,Initial Interaction
I0003629,C002102,2025-05-26,Referral,Event Registration,Customer Referral,Engaged Prospect
I0002103,C002103,2024-08-19,Referral,Initial Visit,Customer Referral,Initial Interaction
I0002104,C002104,2024-11-08,Social Media,Initial Visit,Urban Mobility,Initial Interaction
I0003632,C002104,2024-11-14,Social Media,Callback Request,Urban Mobility,Engaged Prospect
I0002105,C002105,2025-04-01,Website,Initial Visit,Always-on Web,Initial Interaction
I0003634,C002105,2025-04-07,Website,Callback Request,Always-on Web,Engaged Prospect
I0002106,C002106,2025-11-17,Social Media,Initial Visit,Urban Mobility,Initial Interaction
I0003636,C002106,2025-11-20,Social Media,Event Registration,Urban Mobility,Engaged Prospect
I0002107,C002107,2025-01-25,Referral,Initial Visit,Customer Referral,Initial Interaction
I0003638,C002107,2025-01-31,Referral,Configurator,Customer Referral,Engaged Prospect
I0002108,C002108,2025-05-12,Referral,Initial Visit,Customer Referral,Initial Interaction
I0003640,C002108,2025-05-21,Referral,Configurator,Customer Referral,Engaged Prospect
I0002109,C002109,2025-02-20,Website,Initial Visit,Always-on Web,Initial Interaction
I0003642,C002109,2025-02-26,Website,Configurator,Always-on Web,Engaged Prospect
I0002110,C002110,2024-10-23,Website,Initial Visit,Always-on Web,Initial Interaction
I0003644,C002110,2024-11-01,Website,Brochure Download,Always-on Web,Engaged Prospect
I0002111,C002111,2025-10-14,Website,Initial Visit,Always-on Web,Initial Interaction
I0003646,C002111,2025-10-25,Website,Configurator,Always-on Web,Engaged Prospect
I0002112,C002112,2025-11-03,Dealer Event,Initial Visit,Van Experience Days,Initial Interaction
I0003648,C002112,2025-11-12,Dealer Event,Callback Request,Van Experience Days,Engaged Prospect
I0002113,C002113,2024-08-05,Social Media,Initial Visit,Urban Mobility,Initial Interaction
I0003650,C002113,2024-08-14,Social Media,Callback Request,Urban Mobility,Engaged Prospect
I0002114,C002114,2025-09-19,Paid Search,Initial Visit,Commercial Intent,Initial Interaction
I0002115,C002115,2024-11-11,Paid Search,Initial Visit,Commercial Intent,Initial Interaction
I0002116,C002116,2025-06-01,Website,Initial Visit,Always-on Web,Initial Interaction
I0003654,C002116,2025-06-13,Website,Callback Request,Always-on Web,Engaged Prospect
I0002117,C002117,2024-12-27,Dealer Event,Initial Visit,Van Experience Days,Initial Interaction
I0002118,C002118,2025-06-20,Paid Search,Initial Visit,Commercial Intent,Initial Interaction
I0003657,C002118,2025-06-27,Paid Search,Event Registration,Commercial Intent,Engaged Prospect
I0002119,C002119,2025-09-02,Website,Initial Visit,Always-on Web,Initial Interaction
I0003659,C002119,2025-09-07,Website,Configurator,Always-on Web,Engaged Prospect
I0002120,C002120,2024-10-23,Email,Initial Visit,CRM Nurture,Initial Interaction
I0002121,C002121,2025-05-05,Social Media,Initial Visit,Urban Mobility,Initial Interaction
I0002122,C002122,2024-12-21,Email,Initial Visit,CRM Nurture,Initial Interaction
I0002123,C002123,2025-07-13,Dealer Event,Initial Visit,Van Experience Days,Initial Interaction
I0003664,C002123,2025-07-23,Dealer Event,Brochure Download,Van Experience Days,Engaged Prospect
I0002124,C002124,2024-05-14,Website,Initial Visit,Always-on Web,Initial Interaction
I0003666,C002124,2024-05-27,Website,Brochure Download,Always-on Web,Engaged Prospect
I0002125,C002125,2025-05-25,Website,Initial Visit,Always-on Web,Initial Interaction
I0002126,C002126,2025-02-20,Website,Initial Visit,Always-on Web,Initial Interaction
I0003669,C002126,2025-03-06,Website,Configurator,Always-on Web,Engaged Prospect
I0002127,C002127,2024-11-11,Email,Initial Visit,CRM Nurture,Initial Interaction
I0003671,C002127,2024-11-21,Email,Configurator,CRM Nurture,Engaged Prospect
I0002128,C002128,2024-09-15,Referral,Initial Visit,Customer Referral,Initial Interaction
I0003673,C002128,2024-09-20,Referral,Configurator,Customer Referral,Engaged Prospect
I0002129,C002129,2025-05-06,Paid Search,Initial Visit,Commercial Intent,Initial Interaction
I0003675,C002129,2025-05-16,Paid Search,Brochure Download,Commercial Intent,Engaged Prospect
I0002130,C002130,2024-08-31,Dealer Event,Initial Visit,Van Experience Days,Initial Interaction
I0003677,C002130,2024-09-06,Dealer Event,Brochure Download,Van Experience Days,Engaged Prospect
I0002131,C002131,2024-01-24,Email,Initial Visit,CRM Nurture,Initial Interaction
I0003679,C002131,2024-01-27,Email,Event Registration,CRM Nurture,Engaged Prospect
I0002132,C002132,2025-10-25,Referral,Initial Visit,Customer Referral,Initial Interaction
I0003681,C002132,2025-10-31,Referral,Configurator,Customer Referral,Engaged Prospect
I0002133,C002133,2024-11-09,Paid Search,Initial Visit,Commercial Intent,Initial Interaction
I0002134,C002134,2024-04-25,Website,Initial Visit,Always-on Web,Initial Interaction
I0003684,C002134,2024-04-26,Website,Callback Request,Always-on Web,Engaged Prospect
I0002135,C002135,2024-06-06,Email,Initial Visit,CRM Nurture,Initial Interaction
I0003686,C002135,2024-06-09,Email,Configurator,CRM Nurture,Engaged Prospect
I0002136,C002136,2025-08-03,Dealer Event,Initial Visit,Van Experience Days,Initial Interaction
I0003688,C002136,2025-08-07,Dealer Event,Event Registration,Van Experience Days,Engaged Prospect
I0002137,C002137,2024-08-20,Email,Initial Visit,CRM Nurture,Initial Interaction
I0003690,C002137,2024-08-21,Email,Callback Request,CRM Nurture,Engaged Prospect
I0002138,C002138,2024-07-16,Dealer Event,Initial Visit,Van Experience Days,Initial Interaction
I0002139,C002139,2024-12-07,Paid Search,Initial Visit,Commercial Intent,Initial Interaction
I0002140,C002140,2024-01-21,Email,Initial Visit,CRM Nurture,Initial Interaction
I0003694,C002140,2024-01-27,Email,Brochure Download,CRM Nurture,Engaged Prospect
I0002141,C002141,2025-01-27,Website,Initial Visit,Always-on Web,Initial Interaction
I0003696,C002141,2025-02-07,Website,Brochure Download,Always-on Web,Engaged Prospect
I0002142,C002142,2024-01-29,Paid Search,Initial Visit,Commercial Intent,Initial Interaction
I0002143,C002143,2025-08-07,Website,Initial Visit,Always-on Web,Initial Interaction
I0003699,C002143,2025-08-09,Website,Brochure Download,Always-on Web,Engaged Prospect
I0002144,C002144,2024-10-27,Website,Initial Visit,Always-on Web,Initial Interaction
I0003701,C002144,2024-11-04,Website,Configurator,Always-on Web,Engaged Prospect
I0002145,C002145,2024-06-01,Website,Initial Visit,Always-on Web,Initial Interaction
I0002146,C002146,2024-11-14,Email,Initial Visit,CRM Nurture,Initial Interaction
I0003704,C002146,2024-11-20,Email,Configurator,CRM Nurture,Engaged Prospect
I0002147,C002147,2024-05-02,Dealer Event,Initial Visit,Van Experience Days,Initial Interaction
I0003706,C002147,2024-05-09,Dealer Event,Callback Request,Van Experience Days,Engaged Prospect
I0002148,C002148,2024-08-12,Paid Search,Initial Visit,Commercial Intent,Initial Interaction
I0003708,C002148,2024-08-14,Paid Search,Callback Request,Commercial Intent,Engaged Prospect
I0002149,C002149,2024-04-01,Paid Search,Initial Visit,Commercial Intent,Initial Interaction
I0003710,C002149,2024-04-05,Paid Search,Callback Request,Commercial Intent,Engaged Prospect
I0002150,C002150,2025-04-13,Website,Initial Visit,Always-on Web,Initial Interaction
I0002151,C002151,2025-11-14,Paid Search,Initial Visit,Commercial Intent,Initial Interaction
I0003713,C002151,2025-11-15,Paid Search,Configurator,Commercial Intent,Engaged Prospect
I0002152,C002152,2024-12-05,Paid Search,Initial Visit,Commercial Intent,Initial Interaction
I0002153,C002153,2024-03-10,Social Media,Initial Visit,Urban Mobility,Initial Interaction
I0003716,C002153,2024-03-13,Social Media,Event Registration,Urban Mobility,Engaged Prospect
I0002154,C002154,2024-02-21,Referral,Initial Visit,Customer Referral,Initial Interaction
I0003718,C002154,2024-02-26,Referral,Brochure Download,Customer Referral,Engaged Prospect
I0002155,C002155,2025-08-05,Social Media,Initial Visit,Urban Mobility,Initial Interaction
I0003720,C002155,2025-08-08,Social Media,Configurator,Urban Mobility,Engaged Prospect
I0002156,C002156,2024-08-31,Email,Initial Visit,CRM Nurture,Initial Interaction
I0003722,C002156,2024-09-07,Email,Callback Request,CRM Nurture,Engaged Prospect
I0002157,C002157,2024-07-26,Email,Initial Visit,CRM Nurture,Initial Interaction
I0003724,C002157,2024-08-05,Email,Callback Request,CRM Nurture,Engaged Prospect
I0002158,C002158,2024-03-12,Website,Initial Visit,Always-on Web,Initial Interaction
I0003726,C002158,2024-03-14,Website,Brochure Download,Always-on Web,Engaged Prospect
I0002159,C002159,2025-04-09,Paid Search,Initial Visit,Commercial Intent,Initial Interaction
I0003728,C002159,2025-04-19,Paid Search,Brochure Download,Commercial Intent,Engaged Prospect
I0002160,C002160,2024-02-14,Website,Initial Visit,Always-on Web,Initial Interaction
I0003730,C002160,2024-02-25,Website,Brochure Download,Always-on Web,Engaged Prospect
I0002161,C002161,2025-09-24,Paid Search,Initial Visit,Commercial Intent,Initial Interaction
I0002162,C002162,2024-05-25,Dealer Event,Initial Visit,Van Experience Days,Initial Interaction
I0002163,C002163,2024-02-18,Paid Search,Initial Visit,Commercial Intent,Initial Interaction
I0002164,C002164,2025-05-05,Paid Search,Initial Visit,Commercial Intent,Initial Interaction
I0002165,C002165,2024-09-04,Website,Initial Visit,Always-on Web,Initial Interaction
I0003736,C002165,2024-09-09,Website,Callback Request,Always-on Web,Engaged Prospect
I0002166,C002166,2025-05-02,Paid Search,Initial Visit,Commercial Intent,Initial Interaction
I0002167,C002167,2024-01-28,Referral,Initial Visit,Customer Referral,Initial Interaction
I0003739,C002167,2024-02-02,Referral,Callback Request,Customer Referral,Engaged Prospect
I0002168,C002168,2025-08-25,Paid Search,Initial Visit,Commercial Intent,Initial Interaction
I0003741,C002168,2025-09-06,Paid Search,Configurator,Commercial Intent,Engaged Prospect
I0002169,C002169,2024-08-04,Email,Initial Visit,CRM Nurture,Initial Interaction
I0003743,C002169,2024-08-07,Email,Configurator,CRM Nurture,Engaged Prospect
I0002170,C002170,2025-06-13,Website,Initial Visit,Always-on Web,Initial Interaction
I0002171,C002171,2025-10-16,Website,Initial Visit,Always-on Web,Initial Interaction
I0003746,C002171,2025-10-20,Website,Callback Request,Always-on Web,Engaged Prospect
I0002172,C002172,2025-01-09,Paid Search,Initial Visit,Commercial Intent,Initial Interaction
I0003748,C002172,2025-01-22,Paid Search,Event Registration,Commercial Intent,Engaged Prospect
I0002173,C002173,2024-08-21,Referral,Initial Visit,Customer Referral,Initial Interaction
I0003750,C002173,2024-08-26,Referral,Configurator,Customer Referral,Engaged Prospect
I0002174,C002174,2024-08-06,Website,Initial Visit,Always-on Web,Initial Interaction
I0003752,C002174,2024-08-07,Website,Callback Request,Always-on Web,Engaged Prospect
I0002175,C002175,2025-04-25,Email,Initial Visit,CRM Nurture,Initial Interaction
I0003754,C002175,2025-05-03,Email,Configurator,CRM Nurture,Engaged Prospect
I0002176,C002176,2024-01-05,Website,Initial Visit,Always-on Web,Initial Interaction
I0003756,C002176,2024-01-14,Website,Brochure Download,Always-on Web,Engaged Prospect
I0002177,C002177,2024-04-12,Social Media,Initial Visit,Urban Mobility,Initial Interaction
I0003758,C002177,2024-04-22,Social Media,Callback Request,Urban Mobility,Engaged Prospect
I0002178,C002178,2025-03-28,Social Media,Initial Visit,Urban Mobility,Initial Interaction
I0003760,C002178,2025-03-31,Social Media,Callback Request,Urban Mobility,Engaged Prospect
I0002179,C002179,2024-01-18,Social Media,Initial Visit,Urban Mobility,Initial Interaction
I0003762,C002179,2024-01-20,Social Media,Brochure Download,Urban Mobility,Engaged Prospect
I0002180,C002180,2024-07-21,Paid Search,Initial Visit,Commercial Intent,Initial Interaction
I0002181,C002181,2025-03-29,Website,Initial Visit,Always-on Web,Initial Interaction
I0002182,C002182,2024-06-24,Dealer Event,Initial Visit,Van Experience Days,Initial Interaction
I0003766,C002182,2024-06-25,Dealer Event,Configurator,Van Experience Days,Engaged Prospect
I0002183,C002183,2025-10-13,Social Media,Initial Visit,Urban Mobility,Initial Interaction
I0003768,C002183,2025-10-26,Social Media,Callback Request,Urban Mobility,Engaged Prospect
I0002184,C002184,2025-11-13,Website,Initial Visit,Always-on Web,Initial Interaction
I0003770,C002184,2025-11-16,Website,Callback Request,Always-on Web,Engaged Prospect
I0002185,C002185,2024-01-24,Paid Search,Initial Visit,Commercial Intent,Initial Interaction
I0002186,C002186,2024-05-01,Website,Initial Visit,Always-on Web,Initial Interaction
I0003773,C002186,2024-05-14,Website,Callback Request,Always-on Web,Engaged Prospect
I0002187,C002187,2025-09-27,Paid Search,Initial Visit,Commercial Intent,Initial Interaction
I0003775,C002187,2025-10-07,Paid Search,Configurator,Commercial Intent,Engaged Prospect
I0002188,C002188,2024-01-23,Paid Search,Initial Visit,Commercial Intent,Initial Interaction
I0003777,C002188,2024-02-05,Paid Search,Brochure Download,Commercial Intent,Engaged Prospect
I0002189,C002189,2024-12-06,Website,Initial Visit,Always-on Web,Initial Interaction
I0003779,C002189,2024-12-08,Website,Event Registration,Always-on Web,Engaged Prospect
I0002190,C002190,2025-10-26,Paid Search,Initial Visit,Commercial Intent,Initial Interaction
I0003781,C002190,2025-10-29,Paid Search,Configurator,Commercial Intent,Engaged Prospect
I0002191,C002191,2025-02-15,Social Media,Initial Visit,Urban Mobility,Initial Interaction
I0002192,C002192,2024-08-02,Referral,Initial Visit,Customer Referral,Initial Interaction
I0003784,C002192,2024-08-07,Referral,Callback Request,Customer Referral,Engaged Prospect
I0002193,C002193,2024-01-05,Email,Initial Visit,CRM Nurture,Initial Interaction
I0003786,C002193,2024-01-14,Email,Configurator,CRM Nurture,Engaged Prospect
I0002194,C002194,2024-10-02,Social Media,Initial Visit,Urban Mobility,Initial Interaction
I0003788,C002194,2024-10-07,Social Media,Event Registration,Urban Mobility,Engaged Prospect
I0002195,C002195,2025-01-14,Dealer Event,Initial Visit,Van Experience Days,Initial Interaction
I0003790,C002195,2025-01-17,Dealer Event,Brochure Download,Van Experience Days,Engaged Prospect
I0002196,C002196,2024-02-26,Website,Initial Visit,Always-on Web,Initial Interaction
I0003792,C002196,2024-03-04,Website,Configurator,Always-on Web,Engaged Prospect
I0002197,C002197,2025-01-04,Email,Initial Visit,CRM Nurture,Initial Interaction
I0003794,C002197,2025-01-08,Email,Configurator,CRM Nurture,Engaged Prospect
I0002198,C002198,2024-10-09,Website,Initial Visit,Always-on Web,Initial Interaction
I0002199,C002199,2024-08-16,Website,Initial Visit,Always-on Web,Initial Interaction
I0002200,C002200,2025-11-11,Social Media,Initial Visit,Urban Mobility,Initial Interaction
I0003798,C002200,2025-11-13,Social Media,Brochure Download,Urban Mobility,Engaged Prospect
I0002201,C002201,2025-09-17,Website,Initial Visit,Always-on Web,Initial Interaction
I0002202,C002202,2025-04-30,Email,Initial Visit,CRM Nurture,Initial Interaction
I0003801,C002202,2025-05-05,Email,Configurator,CRM Nurture,Engaged Prospect
I0002203,C002203,2025-02-17,Social Media,Initial Visit,Urban Mobility,Initial Interaction
I0003803,C002203,2025-02-22,Social Media,Event Registration,Urban Mobility,Engaged Prospect
I0002204,C002204,2024-11-27,Website,Initial Visit,Always-on Web,Initial Interaction
I0002205,C002205,2024-02-19,Paid Search,Initial Visit,Commercial Intent,Initial Interaction
I0003806,C002205,2024-02-29,Paid Search,Callback Request,Commercial Intent,Engaged Prospect
I0002206,C002206,2024-08-03,Social Media,Initial Visit,Urban Mobility,Initial Interaction
I0003808,C002206,2024-08-04,Social Media,Brochure Download,Urban Mobility,Engaged Prospect
I0002207,C002207,2024-01-08,Email,Initial Visit,CRM Nurture,Initial Interaction
I0003810,C002207,2024-01-11,Email,Callback Request,CRM Nurture,Engaged Prospect
I0002208,C002208,2024-09-13,Dealer Event,Initial Visit,Van Experience Days,Initial Interaction
I0003812,C002208,2024-09-20,Dealer Event,Event Registration,Van Experience Days,Engaged Prospect
I0002209,C002209,2024-11-27,Paid Search,Initial Visit,Commercial Intent,Initial Interaction
I0003814,C002209,2024-12-04,Paid Search,Brochure Download,Commercial Intent,Engaged Prospect
I0002210,C002210,2025-03-03,Dealer Event,Initial Visit,Van Experience Days,Initial Interaction
I0002211,C002211,2024-09-05,Paid Search,Initial Visit,Commercial Intent,Initial Interaction
I0002212,C002212,2024-06-27,Website,Initial Visit,Always-on Web,Initial Interaction
I0003818,C002212,2024-07-09,Website,Configurator,Always-on Web,Engaged Prospect
I0002213,C002213,2025-05-12,Social Media,Initial Visit,Urban Mobility,Initial Interaction
I0003820,C002213,2025-05-25,Social Media,Brochure Download,Urban Mobility,Engaged Prospect
I0002214,C002214,2024-04-16,Website,Initial Visit,Always-on Web,Initial Interaction
I0003822,C002214,2024-04-28,Website,Configurator,Always-on Web,Engaged Prospect
I0002215,C002215,2024-03-28,Website,Initial Visit,Always-on Web,Initial Interaction
I0003824,C002215,2024-03-31,Website,Event Registration,Always-on Web,Engaged Prospect
I0002216,C002216,2025-05-02,Website,Initial Visit,Always-on Web,Initial Interaction
I0002217,C002217,2025-02-14,Dealer Event,Initial Visit,Van Experience Days,Initial Interaction
I0002218,C002218,2025-08-31,Referral,Initial Visit,Customer Referral,Initial Interaction
I0002219,C002219,2025-06-01,Referral,Initial Visit,Customer Referral,Initial Interaction
I0003829,C002219,2025-06-14,Referral,Event Registration,Customer Referral,Engaged Prospect
I0002220,C002220,2025-09-23,Paid Search,Initial Visit,Commercial Intent,Initial Interaction
I0002221,C002221,2025-04-10,Paid Search,Initial Visit,Commercial Intent,Initial Interaction
I0003832,C002221,2025-04-11,Paid Search,Configurator,Commercial Intent,Engaged Prospect
I0002222,C002222,2025-08-11,Dealer Event,Initial Visit,Van Experience Days,Initial Interaction
I0002223,C002223,2024-04-28,Paid Search,Initial Visit,Commercial Intent,Initial Interaction
I0003835,C002223,2024-05-06,Paid Search,Event Registration,Commercial Intent,Engaged Prospect
I0002224,C002224,2025-01-06,Paid Search,Initial Visit,Commercial Intent,Initial Interaction
I0003837,C002224,2025-01-10,Paid Search,Callback Request,Commercial Intent,Engaged Prospect
I0002225,C002225,2025-10-23,Website,Initial Visit,Always-on Web,Initial Interaction
I0002226,C002226,2025-07-06,Social Media,Initial Visit,Urban Mobility,Initial Interaction
I0003840,C002226,2025-07-16,Social Media,Brochure Download,Urban Mobility,Engaged Prospect
I0002227,C002227,2024-10-09,Email,Initial Visit,CRM Nurture,Initial Interaction
I0003842,C002227,2024-10-20,Email,Callback Request,CRM Nurture,Engaged Prospect
I0002228,C002228,2025-10-10,Paid Search,Initial Visit,Commercial Intent,Initial Interaction
I0003844,C002228,2025-10-13,Paid Search,Configurator,Commercial Intent,Engaged Prospect
I0002229,C002229,2024-08-06,Website,Initial Visit,Always-on Web,Initial Interaction
I0003846,C002229,2024-08-08,Website,Brochure Download,Always-on Web,Engaged Prospect
I0002230,C002230,2024-01-17,Email,Initial Visit,CRM Nurture,Initial Interaction
I0003848,C002230,2024-01-23,Email,Configurator,CRM Nurture,Engaged Prospect
I0002231,C002231,2025-07-11,Social Media,Initial Visit,Urban Mobility,Initial Interaction
I0003850,C002231,2025-07-22,Social Media,Callback Request,Urban Mobility,Engaged Prospect
I0002232,C002232,2024-10-15,Website,Initial Visit,Always-on Web,Initial Interaction
I0003852,C002232,2024-10-18,Website,Configurator,Always-on Web,Engaged Prospect
I0002233,C002233,2024-01-25,Paid Search,Initial Visit,Commercial Intent,Initial Interaction
I0003854,C002233,2024-02-06,Paid Search,Configurator,Commercial Intent,Engaged Prospect
I0002234,C002234,2024-05-22,Referral,Initial Visit,Customer Referral,Initial Interaction
I0003856,C002234,2024-05-31,Referral,Brochure Download,Customer Referral,Engaged Prospect
I0002235,C002235,2024-02-20,Social Media,Initial Visit,Urban Mobility,Initial Interaction
I0003858,C002235,2024-03-04,Social Media,Brochure Download,Urban Mobility,Engaged Prospect
I0002236,C002236,2025-11-28,Social Media,Initial Visit,Urban Mobility,Initial Interaction
I0003860,C002236,2025-12-03,Social Media,Configurator,Urban Mobility,Engaged Prospect
I0002237,C002237,2025-08-16,Social Media,Initial Visit,Urban Mobility,Initial Interaction
I0003862,C002237,2025-08-17,Social Media,Callback Request,Urban Mobility,Engaged Prospect
I0002238,C002238,2025-10-12,Referral,Initial Visit,Customer Referral,Initial Interaction
I0003864,C002238,2025-10-19,Referral,Event Registration,Customer Referral,Engaged Prospect
I0002239,C002239,2024-05-07,Paid Search,Initial Visit,Commercial Intent,Initial Interaction
I0003866,C002239,2024-05-16,Paid Search,Callback Request,Commercial Intent,Engaged Prospect
I0002240,C002240,2025-07-15,Paid Search,Initial Visit,Commercial Intent,Initial Interaction
I0003868,C002240,2025-07-19,Paid Search,Configurator,Commercial Intent,Engaged Prospect
I0002241,C002241,2025-01-29,Paid Search,Initial Visit,Commercial Intent,Initial Interaction
I0003870,C002241,2025-01-30,Paid Search,Callback Request,Commercial Intent,Engaged Prospect
I0002242,C002242,2024-07-26,Dealer Event,Initial Visit,Van Experience Days,Initial Interaction
I0003872,C002242,2024-07-31,Dealer Event,Configurator,Van Experience Days,Engaged Prospect
I0002243,C002243,2025-04-13,Website,Initial Visit,Always-on Web,Initial Interaction
I0002244,C002244,2025-10-28,Website,Initial Visit,Always-on Web,Initial Interaction
I0003875,C002244,2025-11-04,Website,Brochure Download,Always-on Web,Engaged Prospect
I0002245,C002245,2024-11-18,Website,Initial Visit,Always-on Web,Initial Interaction
I0003877,C002245,2024-11-25,Website,Brochure Download,Always-on Web,Engaged Prospect
I0002246,C002246,2024-01-21,Social Media,Initial Visit,Urban Mobility,Initial Interaction
I0003879,C002246,2024-01-27,Social Media,Brochure Download,Urban Mobility,Engaged Prospect
I0002247,C002247,2025-08-12,Social Media,Initial Visit,Urban Mobility,Initial Interaction
I0003881,C002247,2025-08-20,Social Media,Brochure Download,Urban Mobility,Engaged Prospect
I0002248,C002248,2024-05-11,Paid Search,Initial Visit,Commercial Intent,Initial Interaction
I0003883,C002248,2024-05-25,Paid Search,Callback Request,Commercial Intent,Engaged Prospect
I0002249,C002249,2024-05-07,Website,Initial Visit,Always-on Web,Initial Interaction
I0003885,C002249,2024-05-09,Website,Event Registration,Always-on Web,Engaged Prospect
I0002250,C002250,2025-03-07,Email,Initial Visit,CRM Nurture,Initial Interaction
I0002251,C002251,2025-07-13,Website,Initial Visit,Always-on Web,Initial Interaction
I0003888,C002251,2025-07-15,Website,Event Registration,Always-on Web,Engaged Prospect
I0002252,C002252,2025-07-09,Email,Initial Visit,CRM Nurture,Initial Interaction
I0002253,C002253,2025-08-30,Website,Initial Visit,Always-on Web,Initial Interaction
I0003891,C002253,2025-09-09,Website,Brochure Download,Always-on Web,Engaged Prospect
I0002254,C002254,2025-09-10,Referral,Initial Visit,Customer Referral,Initial Interaction
I0003893,C002254,2025-09-19,Referral,Configurator,Customer Referral,Engaged Prospect
I0002255,C002255,2024-03-30,Paid Search,Initial Visit,Commercial Intent,Initial Interaction
I0003895,C002255,2024-04-06,Paid Search,Configurator,Commercial Intent,Engaged Prospect
I0002256,C002256,2024-07-29,Social Media,Initial Visit,Urban Mobility,Initial Interaction
I0003897,C002256,2024-08-03,Social Media,Configurator,Urban Mobility,Engaged Prospect
I0002257,C002257,2025-05-19,Website,Initial Visit,Always-on Web,Initial Interaction
I0003899,C002257,2025-05-27,Website,Event Registration,Always-on Web,Engaged Prospect
I0002258,C002258,2024-09-30,Website,Initial Visit,Always-on Web,Initial Interaction
I0003901,C002258,2024-10-10,Website,Callback Request,Always-on Web,Engaged Prospect
I0002259,C002259,2025-05-16,Email,Initial Visit,CRM Nurture,Initial Interaction
I0003903,C002259,2025-05-28,Email,Event Registration,CRM Nurture,Engaged Prospect
I0002260,C002260,2024-11-14,Social Media,Initial Visit,Urban Mobility,Initial Interaction
I0003905,C002260,2024-11-19,Social Media,Brochure Download,Urban Mobility,Engaged Prospect
I0002261,C002261,2024-11-11,Dealer Event,Initial Visit,Van Experience Days,Initial Interaction
I0003907,C002261,2024-11-14,Dealer Event,Event Registration,Van Experience Days,Engaged Prospect
I0002262,C002262,2024-01-19,Social Media,Initial Visit,Urban Mobility,Initial Interaction
I0003909,C002262,2024-01-29,Social Media,Configurator,Urban Mobility,Engaged Prospect
I0002263,C002263,2025-03-01,Social Media,Initial Visit,Urban Mobility,Initial Interaction
I0003911,C002263,2025-03-03,Social Media,Event Registration,Urban Mobility,Engaged Prospect
I0002264,C002264,2025-08-27,Dealer Event,Initial Visit,Van Experience Days,Initial Interaction
I0003913,C002264,2025-09-06,Dealer Event,Configurator,Van Experience Days,Engaged Prospect
I0002265,C002265,2025-07-27,Paid Search,Initial Visit,Commercial Intent,Initial Interaction
I0003915,C002265,2025-07-29,Paid Search,Configurator,Commercial Intent,Engaged Prospect
I0002266,C002266,2024-08-24,Dealer Event,Initial Visit,Van Experience Days,Initial Interaction
I0003917,C002266,2024-09-03,Dealer Event,Event Registration,Van Experience Days,Engaged Prospect
I0002267,C002267,2025-04-18,Paid Search,Initial Visit,Commercial Intent,Initial Interaction
I0002268,C002268,2024-05-19,Paid Search,Initial Visit,Commercial Intent,Initial Interaction
I0003920,C002268,2024-05-23,Paid Search,Callback Request,Commercial Intent,Engaged Prospect
I0002269,C002269,2025-03-19,Dealer Event,Initial Visit,Van Experience Days,Initial Interaction
I0003922,C002269,2025-03-23,Dealer Event,Event Registration,Van Experience Days,Engaged Prospect
I0002270,C002270,2024-10-13,Website,Initial Visit,Always-on Web,Initial Interaction
I0003924,C002270,2024-10-22,Website,Callback Request,Always-on Web,Engaged Prospect
I0002271,C002271,2025-10-10,Website,Initial Visit,Always-on Web,Initial Interaction
I0003926,C002271,2025-10-23,Website,Brochure Download,Always-on Web,Engaged Prospect
I0002272,C002272,2025-05-12,Website,Initial Visit,Always-on Web,Initial Interaction
I0003928,C002272,2025-05-26,Website,Event Registration,Always-on Web,Engaged Prospect
I0002273,C002273,2024-02-21,Social Media,Initial Visit,Urban Mobility,Initial Interaction
I0003930,C002273,2024-03-06,Social Media,Brochure Download,Urban Mobility,Engaged Prospect
I0002274,C002274,2025-09-01,Social Media,Initial Visit,Urban Mobility,Initial Interaction
I0002275,C002275,2025-05-21,Website,Initial Visit,Always-on Web,Initial Interaction
I0002276,C002276,2024-05-30,Website,Initial Visit,Always-on Web,Initial Interaction
I0003934,C002276,2024-06-03,Website,Event Registration,Always-on Web,Engaged Prospect
I0002277,C002277,2024-07-16,Paid Search,Initial Visit,Commercial Intent,Initial Interaction
I0003936,C002277,2024-07-19,Paid Search,Brochure Download,Commercial Intent,Engaged Prospect
I0002278,C002278,2024-04-30,Paid Search,Initial Visit,Commercial Intent,Initial Interaction
I0002279,C002279,2024-08-05,Website,Initial Visit,Always-on Web,Initial Interaction
I0003939,C002279,2024-08-17,Website,Callback Request,Always-on Web,Engaged Prospect
I0002280,C002280,2025-10-22,Website,Initial Visit,Always-on Web,Initial Interaction
I0002281,C002281,2025-09-23,Dealer Event,Initial Visit,Van Experience Days,Initial Interaction
I0002282,C002282,2025-01-20,Email,Initial Visit,CRM Nurture,Initial Interaction
I0002283,C002283,2024-09-10,Paid Search,Initial Visit,Commercial Intent,Initial Interaction
I0003944,C002283,2024-09-11,Paid Search,Configurator,Commercial Intent,Engaged Prospect
I0002284,C002284,2024-09-13,Website,Initial Visit,Always-on Web,Initial Interaction
I0002285,C002285,2025-10-31,Website,Initial Visit,Always-on Web,Initial Interaction
I0003947,C002285,2025-11-09,Website,Brochure Download,Always-on Web,Engaged Prospect
I0002286,C002286,2024-05-19,Paid Search,Initial Visit,Commercial Intent,Initial Interaction
I0003949,C002286,2024-06-01,Paid Search,Configurator,Commercial Intent,Engaged Prospect
I0002287,C002287,2025-06-14,Paid Search,Initial Visit,Commercial Intent,Initial Interaction
I0002288,C002288,2025-11-27,Referral,Initial Visit,Customer Referral,Initial Interaction
I0003952,C002288,2025-12-03,Referral,Event Registration,Customer Referral,Engaged Prospect
I0002289,C002289,2025-08-21,Email,Initial Visit,CRM Nurture,Initial Interaction
I0003954,C002289,2025-08-30,Email,Callback Request,CRM Nurture,Engaged Prospect
I0002290,C002290,2025-05-18,Paid Search,Initial Visit,Commercial Intent,Initial Interaction
I0003956,C002290,2025-05-31,Paid Search,Callback Request,Commercial Intent,Engaged Prospect
I0002291,C002291,2025-09-21,Website,Initial Visit,Always-on Web,Initial Interaction
I0003958,C002291,2025-09-24,Website,Callback Request,Always-on Web,Engaged Prospect
I0002292,C002292,2024-06-01,Email,Initial Visit,CRM Nurture,Initial Interaction
I0003960,C002292,2024-06-03,Email,Configurator,CRM Nurture,Engaged Prospect
I0002293,C002293,2025-11-19,Referral,Initial Visit,Customer Referral,Initial Interaction
I0002294,C002294,2024-03-04,Website,Initial Visit,Always-on Web,Initial Interaction
I0003963,C002294,2024-03-10,Website,Event Registration,Always-on Web,Engaged Prospect
I0002295,C002295,2024-01-10,Dealer Event,Initial Visit,Van Experience Days,Initial Interaction
I0003965,C002295,2024-01-22,Dealer Event,Configurator,Van Experience Days,Engaged Prospect
I0002296,C002296,2024-05-19,Website,Initial Visit,Always-on Web,Initial Interaction
I0003967,C002296,2024-05-20,Website,Callback Request,Always-on Web,Engaged Prospect
I0002297,C002297,2025-03-02,Email,Initial Visit,CRM Nurture,Initial Interaction
I0003969,C002297,2025-03-14,Email,Configurator,CRM Nurture,Engaged Prospect
I0002298,C002298,2024-06-22,Website,Initial Visit,Always-on Web,Initial Interaction
I0002299,C002299,2025-03-19,Social Media,Initial Visit,Urban Mobility,Initial Interaction
I0003972,C002299,2025-03-25,Social Media,Callback Request,Urban Mobility,Engaged Prospect
I0002300,C002300,2024-03-18,Website,Initial Visit,Always-on Web,Initial Interaction
I0002301,C002301,2025-05-02,Social Media,Initial Visit,Urban Mobility,Initial Interaction
I0003975,C002301,2025-05-16,Social Media,Brochure Download,Urban Mobility,Engaged Prospect
I0002302,C002302,2024-06-09,Social Media,Initial Visit,Urban Mobility,Initial Interaction
I0003977,C002302,2024-06-16,Social Media,Brochure Download,Urban Mobility,Engaged Prospect
I0002303,C002303,2025-01-01,Social Media,Initial Visit,Urban Mobility,Initial Interaction
I0002304,C002304,2024-03-22,Email,Initial Visit,CRM Nurture,Initial Interaction
I0003980,C002304,2024-03-31,Email,Brochure Download,CRM Nurture,Engaged Prospect
I0002305,C002305,2025-11-10,Website,Initial Visit,Always-on Web,Initial Interaction
I0002306,C002306,2024-09-21,Email,Initial Visit,CRM Nurture,Initial Interaction
I0002307,C002307,2025-02-27,Website,Initial Visit,Always-on Web,Initial Interaction
I0003984,C002307,2025-03-01,Website,Configurator,Always-on Web,Engaged Prospect
I0002308,C002308,2024-12-06,Email,Initial Visit,CRM Nurture,Initial Interaction
I0003986,C002308,2024-12-16,Email,Configurator,CRM Nurture,Engaged Prospect
I0002309,C002309,2025-02-20,Website,Initial Visit,Always-on Web,Initial Interaction
I0003988,C002309,2025-02-24,Website,Configurator,Always-on Web,Engaged Prospect
I0002310,C002310,2024-11-14,Paid Search,Initial Visit,Commercial Intent,Initial Interaction
I0003990,C002310,2024-11-27,Paid Search,Brochure Download,Commercial Intent,Engaged Prospect
I0002311,C002311,2024-02-21,Paid Search,Initial Visit,Commercial Intent,Initial Interaction
I0003992,C002311,2024-03-05,Paid Search,Configurator,Commercial Intent,Engaged Prospect
I0002312,C002312,2025-08-03,Referral,Initial Visit,Customer Referral,Initial Interaction
I0003994,C002312,2025-08-04,Referral,Configurator,Customer Referral,Engaged Prospect
I0002313,C002313,2025-03-25,Social Media,Initial Visit,Urban Mobility,Initial Interaction
I0003996,C002313,2025-04-08,Social Media,Brochure Download,Urban Mobility,Engaged Prospect
I0002314,C002314,2024-06-26,Website,Initial Visit,Always-on Web,Initial Interaction
I0003998,C002314,2024-06-28,Website,Configurator,Always-on Web,Engaged Prospect
I0002315,C002315,2024-02-28,Email,Initial Visit,CRM Nurture,Initial Interaction
I0004000,C002315,2024-03-09,Email,Brochure Download,CRM Nurture,Engaged Prospect
I0002316,C002316,2025-09-12,Website,Initial Visit,Always-on Web,Initial Interaction
I0004002,C002316,2025-09-19,Website,Event Registration,Always-on Web,Engaged Prospect
I0002317,C002317,2024-08-20,Paid Search,Initial Visit,Commercial Intent,Initial Interaction
I0004004,C002317,2024-08-22,Paid Search,Brochure Download,Commercial Intent,Engaged Prospect
I0002318,C002318,2025-09-27,Paid Search,Initial Visit,Commercial Intent,Initial Interaction
I0004006,C002318,2025-10-11,Paid Search,Event Registration,Commercial Intent,Engaged Prospect
I0002319,C002319,2025-06-20,Dealer Event,Initial Visit,Van Experience Days,Initial Interaction
I0004008,C002319,2025-06-21,Dealer Event,Configurator,Van Experience Days,Engaged Prospect
I0002320,C002320,2025-11-02,Referral,Initial Visit,Customer Referral,Initial Interaction
I0004010,C002320,2025-11-06,Referral,Callback Request,Customer Referral,Engaged Prospect
I0002321,C002321,2025-04-06,Referral,Initial Visit,Customer Referral,Initial Interaction
I0002322,C002322,2024-05-06,Website,Initial Visit,Always-on Web,Initial Interaction
I0004013,C002322,2024-05-18,Website,Configurator,Always-on Web,Engaged Prospect
I0002323,C002323,2024-01-25,Website,Initial Visit,Always-on Web,Initial Interaction
I0002324,C002324,2024-06-21,Dealer Event,Initial Visit,Van Experience Days,Initial Interaction
I0002325,C002325,2024-11-03,Paid Search,Initial Visit,Commercial Intent,Initial Interaction
I0002326,C002326,2025-03-12,Social Media,Initial Visit,Urban Mobility,Initial Interaction
I0002327,C002327,2025-09-19,Referral,Initial Visit,Customer Referral,Initial Interaction
I0004019,C002327,2025-09-30,Referral,Callback Request,Customer Referral,Engaged Prospect
I0002328,C002328,2024-04-08,Website,Initial Visit,Always-on Web,Initial Interaction
I0004021,C002328,2024-04-22,Website,Callback Request,Always-on Web,Engaged Prospect
I0002329,C002329,2025-03-20,Paid Search,Initial Visit,Commercial Intent,Initial Interaction
I0002330,C002330,2024-02-29,Dealer Event,Initial Visit,Van Experience Days,Initial Interaction
I0004024,C002330,2024-03-09,Dealer Event,Configurator,Van Experience Days,Engaged Prospect
I0002331,C002331,2024-12-03,Social Media,Initial Visit,Urban Mobility,Initial Interaction
I0004026,C002331,2024-12-11,Social Media,Callback Request,Urban Mobility,Engaged Prospect
I0002332,C002332,2024-02-21,Referral,Initial Visit,Customer Referral,Initial Interaction
I0004028,C002332,2024-02-23,Referral,Event Registration,Customer Referral,Engaged Prospect
I0002333,C002333,2024-09-18,Social Media,Initial Visit,Urban Mobility,Initial Interaction
I0004030,C002333,2024-09-21,Social Media,Brochure Download,Urban Mobility,Engaged Prospect
I0002334,C002334,2025-02-28,Paid Search,Initial Visit,Commercial Intent,Initial Interaction
I0004032,C002334,2025-03-02,Paid Search,Callback Request,Commercial Intent,Engaged Prospect
I0002335,C002335,2025-06-01,Dealer Event,Initial Visit,Van Experience Days,Initial Interaction
I0004034,C002335,2025-06-12,Dealer Event,Brochure Download,Van Experience Days,Engaged Prospect
I0002336,C002336,2025-07-17,Email,Initial Visit,CRM Nurture,Initial Interaction
I0004036,C002336,2025-07-24,Email,Brochure Download,CRM Nurture,Engaged Prospect
I0002337,C002337,2025-01-02,Referral,Initial Visit,Customer Referral,Initial Interaction
I0004038,C002337,2025-01-15,Referral,Event Registration,Customer Referral,Engaged Prospect
I0002338,C002338,2024-06-30,Paid Search,Initial Visit,Commercial Intent,Initial Interaction
I0004040,C002338,2024-07-12,Paid Search,Configurator,Commercial Intent,Engaged Prospect
I0002339,C002339,2025-10-01,Social Media,Initial Visit,Urban Mobility,Initial Interaction
I0004042,C002339,2025-10-04,Social Media,Brochure Download,Urban Mobility,Engaged Prospect
I0002340,C002340,2025-10-15,Paid Search,Initial Visit,Commercial Intent,Initial Interaction
I0004044,C002340,2025-10-21,Paid Search,Brochure Download,Commercial Intent,Engaged Prospect
I0002341,C002341,2025-11-08,Website,Initial Visit,Always-on Web,Initial Interaction
I0004046,C002341,2025-11-11,Website,Brochure Download,Always-on Web,Engaged Prospect
I0002342,C002342,2025-07-08,Referral,Initial Visit,Customer Referral,Initial Interaction
I0004048,C002342,2025-07-19,Referral,Event Registration,Customer Referral,Engaged Prospect
I0002343,C002343,2025-06-28,Referral,Initial Visit,Customer Referral,Initial Interaction
I0004050,C002343,2025-07-02,Referral,Callback Request,Customer Referral,Engaged Prospect
I0002344,C002344,2024-02-24,Social Media,Initial Visit,Urban Mobility,Initial Interaction
I0004052,C002344,2024-02-25,Social Media,Brochure Download,Urban Mobility,Engaged Prospect
I0002345,C002345,2025-02-04,Referral,Initial Visit,Customer Referral,Initial Interaction
I0002346,C002346,2024-10-12,Paid Search,Initial Visit,Commercial Intent,Initial Interaction
I0002347,C002347,2024-06-30,Dealer Event,Initial Visit,Van Experience Days,Initial Interaction
I0004056,C002347,2024-07-01,Dealer Event,Callback Request,Van Experience Days,Engaged Prospect
I0002348,C002348,2024-02-17,Social Media,Initial Visit,Urban Mobility,Initial Interaction
I0002349,C002349,2024-05-29,Email,Initial Visit,CRM Nurture,Initial Interaction
I0004059,C002349,2024-06-07,Email,Event Registration,CRM Nurture,Engaged Prospect
I0002350,C002350,2025-10-02,Email,Initial Visit,CRM Nurture,Initial Interaction
I0004061,C002350,2025-10-12,Email,Event Registration,CRM Nurture,Engaged Prospect
I0002351,C002351,2025-09-28,Social Media,Initial Visit,Urban Mobility,Initial Interaction
I0002352,C002352,2025-06-03,Dealer Event,Initial Visit,Van Experience Days,Initial Interaction
I0002353,C002353,2024-03-12,Paid Search,Initial Visit,Commercial Intent,Initial Interaction
I0004065,C002353,2024-03-13,Paid Search,Brochure Download,Commercial Intent,Engaged Prospect
I0002354,C002354,2025-04-25,Dealer Event,Initial Visit,Van Experience Days,Initial Interaction
I0004067,C002354,2025-05-08,Dealer Event,Brochure Download,Van Experience Days,Engaged Prospect
I0002355,C002355,2024-03-29,Website,Initial Visit,Always-on Web,Initial Interaction
I0004069,C002355,2024-03-31,Website,Configurator,Always-on Web,Engaged Prospect
I0002356,C002356,2025-04-22,Website,Initial Visit,Always-on Web,Initial Interaction
I0004071,C002356,2025-05-05,Website,Configurator,Always-on Web,Engaged Prospect
I0002357,C002357,2024-01-24,Email,Initial Visit,CRM Nurture,Initial Interaction
I0004073,C002357,2024-02-06,Email,Callback Request,CRM Nurture,Engaged Prospect
I0002358,C002358,2024-07-18,Email,Initial Visit,CRM Nurture,Initial Interaction
I0004075,C002358,2024-07-26,Email,Configurator,CRM Nurture,Engaged Prospect
I0002359,C002359,2024-03-26,Referral,Initial Visit,Customer Referral,Initial Interaction
I0002360,C002360,2025-10-15,Website,Initial Visit,Always-on Web,Initial Interaction
I0004078,C002360,2025-10-22,Website,Callback Request,Always-on Web,Engaged Prospect
I0002361,C002361,2025-02-02,Website,Initial Visit,Always-on Web,Initial Interaction
I0002362,C002362,2025-10-07,Social Media,Initial Visit,Urban Mobility,Initial Interaction
I0004081,C002362,2025-10-20,Social Media,Brochure Download,Urban Mobility,Engaged Prospect
I0002363,C002363,2024-01-15,Dealer Event,Initial Visit,Van Experience Days,Initial Interaction
I0004083,C002363,2024-01-23,Dealer Event,Configurator,Van Experience Days,Engaged Prospect
I0002364,C002364,2025-06-01,Referral,Initial Visit,Customer Referral,Initial Interaction
I0004085,C002364,2025-06-15,Referral,Event Registration,Customer Referral,Engaged Prospect
I0002365,C002365,2024-12-01,Dealer Event,Initial Visit,Van Experience Days,Initial Interaction
I0004087,C002365,2024-12-09,Dealer Event,Event Registration,Van Experience Days,Engaged Prospect
I0002366,C002366,2024-11-24,Paid Search,Initial Visit,Commercial Intent,Initial Interaction
I0004089,C002366,2024-11-27,Paid Search,Event Registration,Commercial Intent,Engaged Prospect
I0002367,C002367,2025-09-03,Dealer Event,Initial Visit,Van Experience Days,Initial Interaction
I0004091,C002367,2025-09-09,Dealer Event,Configurator,Van Experience Days,Engaged Prospect
I0002368,C002368,2024-02-02,Website,Initial Visit,Always-on Web,Initial Interaction
I0004093,C002368,2024-02-15,Website,Event Registration,Always-on Web,Engaged Prospect
I0002369,C002369,2025-10-22,Referral,Initial Visit,Customer Referral,Initial Interaction
I0002370,C002370,2024-01-20,Social Media,Initial Visit,Urban Mobility,Initial Interaction
I0002371,C002371,2024-09-10,Paid Search,Initial Visit,Commercial Intent,Initial Interaction
I0002372,C002372,2024-04-06,Social Media,Initial Visit,Urban Mobility,Initial Interaction
I0004098,C002372,2024-04-16,Social Media,Callback Request,Urban Mobility,Engaged Prospect
I0002373,C002373,2025-01-01,Dealer Event,Initial Visit,Van Experience Days,Initial Interaction
I0004100,C002373,2025-01-10,Dealer Event,Brochure Download,Van Experience Days,Engaged Prospect
I0002374,C002374,2025-02-21,Website,Initial Visit,Always-on Web,Initial Interaction
I0002375,C002375,2025-03-25,Website,Initial Visit,Always-on Web,Initial Interaction
I0004103,C002375,2025-04-02,Website,Brochure Download,Always-on Web,Engaged Prospect
I0002376,C002376,2025-07-12,Email,Initial Visit,CRM Nurture,Initial Interaction
I0004105,C002376,2025-07-17,Email,Callback Request,CRM Nurture,Engaged Prospect
I0002377,C002377,2025-06-09,Referral,Initial Visit,Customer Referral,Initial Interaction
I0002378,C002378,2025-10-25,Social Media,Initial Visit,Urban Mobility,Initial Interaction
I0002379,C002379,2024-11-10,Website,Initial Visit,Always-on Web,Initial Interaction
I0002380,C002380,2024-05-02,Social Media,Initial Visit,Urban Mobility,Initial Interaction
I0002381,C002381,2024-04-18,Website,Initial Visit,Always-on Web,Initial Interaction
I0002382,C002382,2024-07-11,Paid Search,Initial Visit,Commercial Intent,Initial Interaction
I0004112,C002382,2024-07-14,Paid Search,Brochure Download,Commercial Intent,Engaged Prospect
I0002383,C002383,2025-02-26,Website,Initial Visit,Always-on Web,Initial Interaction
I0002384,C002384,2024-02-07,Paid Search,Initial Visit,Commercial Intent,Initial Interaction
I0004115,C002384,2024-02-10,Paid Search,Callback Request,Commercial Intent,Engaged Prospect
I0002385,C002385,2025-10-30,Paid Search,Initial Visit,Commercial Intent,Initial Interaction
I0004117,C002385,2025-11-03,Paid Search,Configurator,Commercial Intent,Engaged Prospect
I0002386,C002386,2025-11-23,Website,Initial Visit,Always-on Web,Initial Interaction
I0004119,C002386,2025-11-26,Website,Brochure Download,Always-on Web,Engaged Prospect
I0002387,C002387,2024-04-25,Paid Search,Initial Visit,Commercial Intent,Initial Interaction
I0002388,C002388,2025-06-30,Social Media,Initial Visit,Urban Mobility,Initial Interaction
I0002389,C002389,2025-02-21,Paid Search,Initial Visit,Commercial Intent,Initial Interaction
I0002390,C002390,2024-12-02,Website,Initial Visit,Always-on Web,Initial Interaction
I0004124,C002390,2024-12-03,Website,Callback Request,Always-on Web,Engaged Prospect
I0002391,C002391,2025-05-29,Social Media,Initial Visit,Urban Mobility,Initial Interaction
I0004126,C002391,2025-06-06,Social Media,Callback Request,Urban Mobility,Engaged Prospect
I0002392,C002392,2025-02-06,Email,Initial Visit,CRM Nurture,Initial Interaction
I0004128,C002392,2025-02-17,Email,Brochure Download,CRM Nurture,Engaged Prospect
I0002393,C002393,2024-08-14,Dealer Event,Initial Visit,Van Experience Days,Initial Interaction
I0004130,C002393,2024-08-24,Dealer Event,Callback Request,Van Experience Days,Engaged Prospect
I0002394,C002394,2025-01-28,Paid Search,Initial Visit,Commercial Intent,Initial Interaction
I0002395,C002395,2024-04-05,Email,Initial Visit,CRM Nurture,Initial Interaction
I0002396,C002396,2024-06-27,Dealer Event,Initial Visit,Van Experience Days,Initial Interaction
I0004134,C002396,2024-07-01,Dealer Event,Callback Request,Van Experience Days,Engaged Prospect
I0002397,C002397,2025-11-12,Email,Initial Visit,CRM Nurture,Initial Interaction
I0004136,C002397,2025-11-26,Email,Configurator,CRM Nurture,Engaged Prospect
I0002398,C002398,2024-05-09,Social Media,Initial Visit,Urban Mobility,Initial Interaction
I0004138,C002398,2024-05-15,Social Media,Brochure Download,Urban Mobility,Engaged Prospect
I0002399,C002399,2025-02-22,Website,Initial Visit,Always-on Web,Initial Interaction
I0004140,C002399,2025-02-27,Website,Event Registration,Always-on Web,Engaged Prospect
I0002400,C002400,2024-07-26,Paid Search,Initial Visit,Commercial Intent,Initial Interaction
I0004142,C002400,2024-08-08,Paid Search,Brochure Download,Commercial Intent,Engaged Prospect
I0002401,C002401,2024-11-21,Paid Search,Initial Visit,Commercial Intent,Initial Interaction
I0004144,C002401,2024-11-25,Paid Search,Configurator,Commercial Intent,Engaged Prospect
I0002402,C002402,2024-06-22,Paid Search,Initial Visit,Commercial Intent,Initial Interaction
I0002403,C002403,2025-02-02,Referral,Initial Visit,Customer Referral,Initial Interaction
I0004147,C002403,2025-02-09,Referral,Configurator,Customer Referral,Engaged Prospect
I0002404,C002404,2025-01-25,Website,Initial Visit,Always-on Web,Initial Interaction
I0004149,C002404,2025-02-03,Website,Callback Request,Always-on Web,Engaged Prospect
I0002405,C002405,2025-03-08,Social Media,Initial Visit,Urban Mobility,Initial Interaction
I0004151,C002405,2025-03-17,Social Media,Callback Request,Urban Mobility,Engaged Prospect
I0002406,C002406,2024-08-03,Referral,Initial Visit,Customer Referral,Initial Interaction
I0004153,C002406,2024-08-04,Referral,Event Registration,Customer Referral,Engaged Prospect
I0002407,C002407,2025-02-09,Social Media,Initial Visit,Urban Mobility,Initial Interaction
I0004155,C002407,2025-02-15,Social Media,Callback Request,Urban Mobility,Engaged Prospect
I0002408,C002408,2025-05-25,Website,Initial Visit,Always-on Web,Initial Interaction
I0004157,C002408,2025-06-06,Website,Configurator,Always-on Web,Engaged Prospect
I0002409,C002409,2025-05-18,Referral,Initial Visit,Customer Referral,Initial Interaction
I0004159,C002409,2025-05-21,Referral,Callback Request,Customer Referral,Engaged Prospect
I0002410,C002410,2025-02-01,Paid Search,Initial Visit,Commercial Intent,Initial Interaction
I0004161,C002410,2025-02-14,Paid Search,Configurator,Commercial Intent,Engaged Prospect
I0002411,C002411,2024-07-28,Website,Initial Visit,Always-on Web,Initial Interaction
I0004163,C002411,2024-07-30,Website,Configurator,Always-on Web,Engaged Prospect
I0002412,C002412,2025-01-07,Paid Search,Initial Visit,Commercial Intent,Initial Interaction
I0004165,C002412,2025-01-17,Paid Search,Configurator,Commercial Intent,Engaged Prospect
I0002413,C002413,2025-01-10,Website,Initial Visit,Always-on Web,Initial Interaction
I0002414,C002414,2025-10-27,Dealer Event,Initial Visit,Van Experience Days,Initial Interaction
I0004168,C002414,2025-11-10,Dealer Event,Event Registration,Van Experience Days,Engaged Prospect
I0002415,C002415,2024-09-20,Website,Initial Visit,Always-on Web,Initial Interaction
I0004170,C002415,2024-09-28,Website,Brochure Download,Always-on Web,Engaged Prospect
I0002416,C002416,2024-08-13,Dealer Event,Initial Visit,Van Experience Days,Initial Interaction
I0002417,C002417,2025-06-08,Website,Initial Visit,Always-on Web,Initial Interaction
I0004173,C002417,2025-06-11,Website,Configurator,Always-on Web,Engaged Prospect
I0002418,C002418,2025-03-20,Referral,Initial Visit,Customer Referral,Initial Interaction
I0002419,C002419,2024-10-25,Website,Initial Visit,Always-on Web,Initial Interaction
I0004176,C002419,2024-10-30,Website,Event Registration,Always-on Web,Engaged Prospect
I0002420,C002420,2024-01-01,Referral,Initial Visit,Customer Referral,Initial Interaction
I0004178,C002420,2024-01-06,Referral,Configurator,Customer Referral,Engaged Prospect
I0002421,C002421,2025-05-08,Website,Initial Visit,Always-on Web,Initial Interaction
I0002422,C002422,2025-05-30,Dealer Event,Initial Visit,Van Experience Days,Initial Interaction
I0004181,C002422,2025-06-12,Dealer Event,Configurator,Van Experience Days,Engaged Prospect
I0002423,C002423,2025-10-13,Dealer Event,Initial Visit,Van Experience Days,Initial Interaction
I0004183,C002423,2025-10-16,Dealer Event,Callback Request,Van Experience Days,Engaged Prospect
I0002424,C002424,2024-12-17,Social Media,Initial Visit,Urban Mobility,Initial Interaction
I0002425,C002425,2024-12-26,Website,Initial Visit,Always-on Web,Initial Interaction
I0002426,C002426,2024-05-25,Social Media,Initial Visit,Urban Mobility,Initial Interaction
I0004187,C002426,2024-06-05,Social Media,Configurator,Urban Mobility,Engaged Prospect
I0002427,C002427,2024-11-17,Social Media,Initial Visit,Urban Mobility,Initial Interaction
I0002428,C002428,2024-01-02,Social Media,Initial Visit,Urban Mobility,Initial Interaction
I0004190,C002428,2024-01-08,Social Media,Callback Request,Urban Mobility,Engaged Prospect
I0002429,C002429,2024-12-16,Social Media,Initial Visit,Urban Mobility,Initial Interaction
I0002430,C002430,2025-05-09,Referral,Initial Visit,Customer Referral,Initial Interaction
I0004193,C002430,2025-05-22,Referral,Event Registration,Customer Referral,Engaged Prospect
I0002431,C002431,2025-07-04,Referral,Initial Visit,Customer Referral,Initial Interaction
I0004195,C002431,2025-07-05,Referral,Callback Request,Customer Referral,Engaged Prospect
I0002432,C002432,2025-04-08,Social Media,Initial Visit,Urban Mobility,Initial Interaction
I0004197,C002432,2025-04-12,Social Media,Configurator,Urban Mobility,Engaged Prospect
I0002433,C002433,2025-07-17,Website,Initial Visit,Always-on Web,Initial Interaction
I0002434,C002434,2025-04-10,Website,Initial Visit,Always-on Web,Initial Interaction
I0004200,C002434,2025-04-19,Website,Callback Request,Always-on Web,Engaged Prospect
I0002435,C002435,2025-06-29,Email,Initial Visit,CRM Nurture,Initial Interaction
I0004202,C002435,2025-07-04,Email,Event Registration,CRM Nurture,Engaged Prospect
I0002436,C002436,2024-11-02,Referral,Initial Visit,Customer Referral,Initial Interaction
I0002437,C002437,2025-02-25,Paid Search,Initial Visit,Commercial Intent,Initial Interaction
I0004205,C002437,2025-03-07,Paid Search,Brochure Download,Commercial Intent,Engaged Prospect
I0002438,C002438,2025-03-23,Website,Initial Visit,Always-on Web,Initial Interaction
I0002439,C002439,2025-02-04,Paid Search,Initial Visit,Commercial Intent,Initial Interaction
I0002440,C002440,2025-02-03,Paid Search,Initial Visit,Commercial Intent,Initial Interaction
I0002441,C002441,2025-07-01,Referral,Initial Visit,Customer Referral,Initial Interaction
I0004210,C002441,2025-07-07,Referral,Event Registration,Customer Referral,Engaged Prospect
I0002442,C002442,2024-06-16,Email,Initial Visit,CRM Nurture,Initial Interaction
I0002443,C002443,2024-08-09,Website,Initial Visit,Always-on Web,Initial Interaction
I0004213,C002443,2024-08-13,Website,Brochure Download,Always-on Web,Engaged Prospect
I0002444,C002444,2024-12-29,Paid Search,Initial Visit,Commercial Intent,Initial Interaction
I0004215,C002444,2025-01-08,Paid Search,Brochure Download,Commercial Intent,Engaged Prospect
I0002445,C002445,2025-03-27,Website,Initial Visit,Always-on Web,Initial Interaction
I0004217,C002445,2025-04-08,Website,Callback Request,Always-on Web,Engaged Prospect
I0002446,C002446,2024-12-26,Email,Initial Visit,CRM Nurture,Initial Interaction
I0004219,C002446,2024-12-28,Email,Configurator,CRM Nurture,Engaged Prospect
I0002447,C002447,2024-05-19,Email,Initial Visit,CRM Nurture,Initial Interaction
I0004221,C002447,2024-05-30,Email,Brochure Download,CRM Nurture,Engaged Prospect
I0002448,C002448,2025-07-30,Website,Initial Visit,Always-on Web,Initial Interaction
I0004223,C002448,2025-08-13,Website,Callback Request,Always-on Web,Engaged Prospect
I0002449,C002449,2025-01-17,Paid Search,Initial Visit,Commercial Intent,Initial Interaction
I0002450,C002450,2024-10-30,Referral,Initial Visit,Customer Referral,Initial Interaction
I0002451,C002451,2025-09-06,Dealer Event,Initial Visit,Van Experience Days,Initial Interaction
I0004227,C002451,2025-09-08,Dealer Event,Configurator,Van Experience Days,Engaged Prospect
I0002452,C002452,2024-11-01,Social Media,Initial Visit,Urban Mobility,Initial Interaction
I0004229,C002452,2024-11-09,Social Media,Callback Request,Urban Mobility,Engaged Prospect
I0002453,C002453,2024-04-23,Paid Search,Initial Visit,Commercial Intent,Initial Interaction
I0002454,C002454,2025-11-20,Referral,Initial Visit,Customer Referral,Initial Interaction
I0004232,C002454,2025-12-04,Referral,Event Registration,Customer Referral,Engaged Prospect
I0002455,C002455,2024-09-24,Email,Initial Visit,CRM Nurture,Initial Interaction
I0002456,C002456,2025-09-18,Referral,Initial Visit,Customer Referral,Initial Interaction
I0002457,C002457,2024-12-27,Website,Initial Visit,Always-on Web,Initial Interaction
I0002458,C002458,2024-06-18,Website,Initial Visit,Always-on Web,Initial Interaction
I0004237,C002458,2024-07-01,Website,Event Registration,Always-on Web,Engaged Prospect
I0002459,C002459,2024-09-20,Website,Initial Visit,Always-on Web,Initial Interaction
I0002460,C002460,2025-09-29,Dealer Event,Initial Visit,Van Experience Days,Initial Interaction
I0004240,C002460,2025-10-09,Dealer Event,Configurator,Van Experience Days,Engaged Prospect
I0002461,C002461,2025-10-23,Email,Initial Visit,CRM Nurture,Initial Interaction
I0004242,C002461,2025-11-01,Email,Event Registration,CRM Nurture,Engaged Prospect
I0002462,C002462,2024-04-06,Website,Initial Visit,Always-on Web,Initial Interaction
I0002463,C002463,2025-11-21,Referral,Initial Visit,Customer Referral,Initial Interaction
I0004245,C002463,2025-12-02,Referral,Brochure Download,Customer Referral,Engaged Prospect
I0002464,C002464,2025-08-20,Referral,Initial Visit,Customer Referral,Initial Interaction
I0002465,C002465,2025-03-29,Website,Initial Visit,Always-on Web,Initial Interaction
I0002466,C002466,2024-05-08,Social Media,Initial Visit,Urban Mobility,Initial Interaction
I0004249,C002466,2024-05-16,Social Media,Event Registration,Urban Mobility,Engaged Prospect
I0002467,C002467,2025-02-14,Email,Initial Visit,CRM Nurture,Initial Interaction
I0004251,C002467,2025-02-22,Email,Brochure Download,CRM Nurture,Engaged Prospect
I0002468,C002468,2024-10-24,Website,Initial Visit,Always-on Web,Initial Interaction
I0002469,C002469,2024-03-28,Email,Initial Visit,CRM Nurture,Initial Interaction
I0004254,C002469,2024-04-06,Email,Brochure Download,CRM Nurture,Engaged Prospect
I0002470,C002470,2025-11-19,Website,Initial Visit,Always-on Web,Initial Interaction
I0002471,C002471,2025-02-26,Referral,Initial Visit,Customer Referral,Initial Interaction
I0004257,C002471,2025-03-06,Referral,Event Registration,Customer Referral,Engaged Prospect
I0002472,C002472,2024-03-08,Dealer Event,Initial Visit,Van Experience Days,Initial Interaction
I0004259,C002472,2024-03-10,Dealer Event,Brochure Download,Van Experience Days,Engaged Prospect
I0002473,C002473,2024-08-27,Referral,Initial Visit,Customer Referral,Initial Interaction
I0004261,C002473,2024-08-31,Referral,Configurator,Customer Referral,Engaged Prospect
I0002474,C002474,2025-08-10,Email,Initial Visit,CRM Nurture,Initial Interaction
I0004263,C002474,2025-08-11,Email,Configurator,CRM Nurture,Engaged Prospect
I0002475,C002475,2024-11-05,Website,Initial Visit,Always-on Web,Initial Interaction
I0004265,C002475,2024-11-18,Website,Callback Request,Always-on Web,Engaged Prospect
I0002476,C002476,2024-12-12,Paid Search,Initial Visit,Commercial Intent,Initial Interaction
I0004267,C002476,2024-12-22,Paid Search,Configurator,Commercial Intent,Engaged Prospect
I0002477,C002477,2024-04-09,Email,Initial Visit,CRM Nurture,Initial Interaction
I0004269,C002477,2024-04-23,Email,Event Registration,CRM Nurture,Engaged Prospect
I0002478,C002478,2024-03-18,Paid Search,Initial Visit,Commercial Intent,Initial Interaction
I0004271,C002478,2024-03-26,Paid Search,Configurator,Commercial Intent,Engaged Prospect
I0002479,C002479,2025-11-15,Email,Initial Visit,CRM Nurture,Initial Interaction
I0004273,C002479,2025-11-24,Email,Event Registration,CRM Nurture,Engaged Prospect
I0002480,C002480,2025-10-28,Paid Search,Initial Visit,Commercial Intent,Initial Interaction
I0004275,C002480,2025-11-10,Paid Search,Event Registration,Commercial Intent,Engaged Prospect
I0002481,C002481,2024-03-07,Website,Initial Visit,Always-on Web,Initial Interaction
I0002482,C002482,2025-01-19,Social Media,Initial Visit,Urban Mobility,Initial Interaction
I0004278,C002482,2025-01-30,Social Media,Brochure Download,Urban Mobility,Engaged Prospect
I0002483,C002483,2025-04-21,Email,Initial Visit,CRM Nurture,Initial Interaction
I0004280,C002483,2025-04-29,Email,Brochure Download,CRM Nurture,Engaged Prospect
I0002484,C002484,2025-09-08,Social Media,Initial Visit,Urban Mobility,Initial Interaction
I0002485,C002485,2025-01-26,Social Media,Initial Visit,Urban Mobility,Initial Interaction
I0004283,C002485,2025-02-05,Social Media,Configurator,Urban Mobility,Engaged Prospect
I0002486,C002486,2025-08-31,Paid Search,Initial Visit,Commercial Intent,Initial Interaction
I0002487,C002487,2024-03-25,Dealer Event,Initial Visit,Van Experience Days,Initial Interaction
I0004286,C002487,2024-03-27,Dealer Event,Callback Request,Van Experience Days,Engaged Prospect
I0002488,C002488,2024-01-11,Social Media,Initial Visit,Urban Mobility,Initial Interaction
I0004288,C002488,2024-01-16,Social Media,Event Registration,Urban Mobility,Engaged Prospect
I0002489,C002489,2024-11-21,Social Media,Initial Visit,Urban Mobility,Initial Interaction
I0004290,C002489,2024-11-22,Social Media,Configurator,Urban Mobility,Engaged Prospect
I0002490,C002490,2024-07-04,Paid Search,Initial Visit,Commercial Intent,Initial Interaction
I0004292,C002490,2024-07-13,Paid Search,Brochure Download,Commercial Intent,Engaged Prospect
I0002491,C002491,2025-06-12,Social Media,Initial Visit,Urban Mobility,Initial Interaction
I0004294,C002491,2025-06-17,Social Media,Configurator,Urban Mobility,Engaged Prospect
I0002492,C002492,2024-08-23,Website,Initial Visit,Always-on Web,Initial Interaction
I0004296,C002492,2024-09-01,Website,Event Registration,Always-on Web,Engaged Prospect
I0002493,C002493,2024-10-11,Email,Initial Visit,CRM Nurture,Initial Interaction
I0004298,C002493,2024-10-12,Email,Brochure Download,CRM Nurture,Engaged Prospect
I0002494,C002494,2025-01-09,Website,Initial Visit,Always-on Web,Initial Interaction
I0004300,C002494,2025-01-14,Website,Brochure Download,Always-on Web,Engaged Prospect
I0002495,C002495,2025-11-04,Dealer Event,Initial Visit,Van Experience Days,Initial Interaction
I0004302,C002495,2025-11-06,Dealer Event,Callback Request,Van Experience Days,Engaged Prospect
I0002496,C002496,2024-02-20,Dealer Event,Initial Visit,Van Experience Days,Initial Interaction
I0004304,C002496,2024-03-03,Dealer Event,Configurator,Van Experience Days,Engaged Prospect
I0002497,C002497,2025-01-21,Social Media,Initial Visit,Urban Mobility,Initial Interaction
I0002498,C002498,2024-09-29,Dealer Event,Initial Visit,Van Experience Days,Initial Interaction
I0004307,C002498,2024-10-10,Dealer Event,Event Registration,Van Experience Days,Engaged Prospect
I0002499,C002499,2024-01-26,Email,Initial Visit,CRM Nurture,Initial Interaction
I0004309,C002499,2024-02-01,Email,Configurator,CRM Nurture,Engaged Prospect
I0002500,C002500,2025-07-24,Website,Initial Visit,Always-on Web,Initial Interaction
I0002501,C002501,2025-10-01,Email,Initial Visit,CRM Nurture,Initial Interaction
I0004312,C002501,2025-10-12,Email,Configurator,CRM Nurture,Engaged Prospect
I0002502,C002502,2024-05-01,Referral,Initial Visit,Customer Referral,Initial Interaction
I0002503,C002503,2025-06-15,Website,Initial Visit,Always-on Web,Initial Interaction
I0004315,C002503,2025-06-18,Website,Configurator,Always-on Web,Engaged Prospect
I0002504,C002504,2025-05-05,Website,Initial Visit,Always-on Web,Initial Interaction
I0004317,C002504,2025-05-16,Website,Event Registration,Always-on Web,Engaged Prospect
I0002505,C002505,2025-05-08,Social Media,Initial Visit,Urban Mobility,Initial Interaction
I0004319,C002505,2025-05-22,Social Media,Callback Request,Urban Mobility,Engaged Prospect
I0002506,C002506,2024-11-18,Paid Search,Initial Visit,Commercial Intent,Initial Interaction
I0004321,C002506,2024-11-30,Paid Search,Callback Request,Commercial Intent,Engaged Prospect
I0002507,C002507,2024-08-12,Social Media,Initial Visit,Urban Mobility,Initial Interaction
I0004323,C002507,2024-08-23,Social Media,Configurator,Urban Mobility,Engaged Prospect
I0002508,C002508,2024-02-19,Social Media,Initial Visit,Urban Mobility,Initial Interaction
I0002509,C002509,2024-01-25,Dealer Event,Initial Visit,Van Experience Days,Initial Interaction
I0002510,C002510,2024-05-04,Website,Initial Visit,Always-on Web,Initial Interaction
I0004327,C002510,2024-05-17,Website,Event Registration,Always-on Web,Engaged Prospect
I0002511,C002511,2025-01-04,Paid Search,Initial Visit,Commercial Intent,Initial Interaction
I0002512,C002512,2024-04-08,Dealer Event,Initial Visit,Van Experience Days,Initial Interaction
I0002513,C002513,2025-04-25,Paid Search,Initial Visit,Commercial Intent,Initial Interaction
I0004331,C002513,2025-05-05,Paid Search,Event Registration,Commercial Intent,Engaged Prospect
I0002514,C002514,2025-03-09,Social Media,Initial Visit,Urban Mobility,Initial Interaction
I0004333,C002514,2025-03-19,Social Media,Event Registration,Urban Mobility,Engaged Prospect
I0002515,C002515,2024-08-29,Website,Initial Visit,Always-on Web,Initial Interaction
I0002516,C002516,2024-03-02,Website,Initial Visit,Always-on Web,Initial Interaction
I0004336,C002516,2024-03-11,Website,Callback Request,Always-on Web,Engaged Prospect
I0002517,C002517,2024-12-28,Paid Search,Initial Visit,Commercial Intent,Initial Interaction
I0004338,C002517,2025-01-11,Paid Search,Configurator,Commercial Intent,Engaged Prospect
I0002518,C002518,2025-07-30,Paid Search,Initial Visit,Commercial Intent,Initial Interaction
I0004340,C002518,2025-08-12,Paid Search,Brochure Download,Commercial Intent,Engaged Prospect
I0002519,C002519,2024-10-02,Email,Initial Visit,CRM Nurture,Initial Interaction
I0004342,C002519,2024-10-05,Email,Callback Request,CRM Nurture,Engaged Prospect
I0002520,C002520,2025-07-18,Social Media,Initial Visit,Urban Mobility,Initial Interaction
I0004344,C002520,2025-07-23,Social Media,Brochure Download,Urban Mobility,Engaged Prospect
I0002521,C002521,2024-07-19,Dealer Event,Initial Visit,Van Experience Days,Initial Interaction
I0004346,C002521,2024-07-28,Dealer Event,Configurator,Van Experience Days,Engaged Prospect
I0002522,C002522,2024-02-26,Dealer Event,Initial Visit,Van Experience Days,Initial Interaction
I0004348,C002522,2024-03-08,Dealer Event,Callback Request,Van Experience Days,Engaged Prospect
I0002523,C002523,2025-03-30,Website,Initial Visit,Always-on Web,Initial Interaction
I0004350,C002523,2025-04-07,Website,Event Registration,Always-on Web,Engaged Prospect
I0002524,C002524,2025-09-13,Website,Initial Visit,Always-on Web,Initial Interaction
I0002525,C002525,2025-09-10,Dealer Event,Initial Visit,Van Experience Days,Initial Interaction
I0002526,C002526,2025-11-02,Paid Search,Initial Visit,Commercial Intent,Initial Interaction
I0002527,C002527,2024-03-16,Paid Search,Initial Visit,Commercial Intent,Initial Interaction
I0004355,C002527,2024-03-27,Paid Search,Brochure Download,Commercial Intent,Engaged Prospect
I0002528,C002528,2024-01-31,Website,Initial Visit,Always-on Web,Initial Interaction
I0004357,C002528,2024-02-09,Website,Event Registration,Always-on Web,Engaged Prospect
I0002529,C002529,2025-02-02,Email,Initial Visit,CRM Nurture,Initial Interaction
I0004359,C002529,2025-02-15,Email,Brochure Download,CRM Nurture,Engaged Prospect
I0002530,C002530,2025-10-27,Paid Search,Initial Visit,Commercial Intent,Initial Interaction
I0004361,C002530,2025-10-28,Paid Search,Event Registration,Commercial Intent,Engaged Prospect
I0002531,C002531,2025-11-29,Website,Initial Visit,Always-on Web,Initial Interaction
I0002532,C002532,2024-07-14,Social Media,Initial Visit,Urban Mobility,Initial Interaction
I0004364,C002532,2024-07-24,Social Media,Brochure Download,Urban Mobility,Engaged Prospect
I0002533,C002533,2024-09-19,Email,Initial Visit,CRM Nurture,Initial Interaction
I0002534,C002534,2025-04-10,Website,Initial Visit,Always-on Web,Initial Interaction
I0004367,C002534,2025-04-21,Website,Brochure Download,Always-on Web,Engaged Prospect
I0002535,C002535,2025-10-01,Email,Initial Visit,CRM Nurture,Initial Interaction
I0004369,C002535,2025-10-08,Email,Callback Request,CRM Nurture,Engaged Prospect
I0002536,C002536,2024-05-02,Paid Search,Initial Visit,Commercial Intent,Initial Interaction
I0004371,C002536,2024-05-08,Paid Search,Configurator,Commercial Intent,Engaged Prospect
I0002537,C002537,2025-11-13,Paid Search,Initial Visit,Commercial Intent,Initial Interaction
I0004373,C002537,2025-11-27,Paid Search,Brochure Download,Commercial Intent,Engaged Prospect
I0002538,C002538,2025-07-26,Paid Search,Initial Visit,Commercial Intent,Initial Interaction
I0004375,C002538,2025-08-09,Paid Search,Configurator,Commercial Intent,Engaged Prospect
I0002539,C002539,2024-02-17,Website,Initial Visit,Always-on Web,Initial Interaction
I0004377,C002539,2024-03-01,Website,Configurator,Always-on Web,Engaged Prospect
I0002540,C002540,2025-08-12,Paid Search,Initial Visit,Commercial Intent,Initial Interaction
I0002541,C002541,2025-03-25,Dealer Event,Initial Visit,Van Experience Days,Initial Interaction
I0004380,C002541,2025-03-27,Dealer Event,Configurator,Van Experience Days,Engaged Prospect
I0002542,C002542,2025-11-15,Website,Initial Visit,Always-on Web,Initial Interaction
I0002543,C002543,2024-05-26,Referral,Initial Visit,Customer Referral,Initial Interaction
I0004383,C002543,2024-05-29,Referral,Callback Request,Customer Referral,Engaged Prospect
I0002544,C002544,2025-11-25,Website,Initial Visit,Always-on Web,Initial Interaction
I0004385,C002544,2025-12-06,Website,Callback Request,Always-on Web,Engaged Prospect
I0002545,C002545,2024-02-03,Paid Search,Initial Visit,Commercial Intent,Initial Interaction
I0004387,C002545,2024-02-09,Paid Search,Configurator,Commercial Intent,Engaged Prospect
I0002546,C002546,2024-02-23,Social Media,Initial Visit,Urban Mobility,Initial Interaction
I0002547,C002547,2024-11-09,Dealer Event,Initial Visit,Van Experience Days,Initial Interaction
I0004390,C002547,2024-11-19,Dealer Event,Event Registration,Van Experience Days,Engaged Prospect
I0002548,C002548,2025-04-05,Website,Initial Visit,Always-on Web,Initial Interaction
I0004392,C002548,2025-04-10,Website,Event Registration,Always-on Web,Engaged Prospect
I0002549,C002549,2024-04-26,Website,Initial Visit,Always-on Web,Initial Interaction
I0004394,C002549,2024-05-04,Website,Event Registration,Always-on Web,Engaged Prospect
I0002550,C002550,2024-07-10,Social Media,Initial Visit,Urban Mobility,Initial Interaction
I0004396,C002550,2024-07-12,Social Media,Event Registration,Urban Mobility,Engaged Prospect
I0002551,C002551,2024-09-29,Paid Search,Initial Visit,Commercial Intent,Initial Interaction
I0004398,C002551,2024-10-02,Paid Search,Configurator,Commercial Intent,Engaged Prospect
I0002552,C002552,2024-03-28,Social Media,Initial Visit,Urban Mobility,Initial Interaction
I0004400,C002552,2024-03-30,Social Media,Event Registration,Urban Mobility,Engaged Prospect
I0002553,C002553,2024-05-03,Dealer Event,Initial Visit,Van Experience Days,Initial Interaction
I0004402,C002553,2024-05-04,Dealer Event,Brochure Download,Van Experience Days,Engaged Prospect
I0002554,C002554,2024-04-14,Website,Initial Visit,Always-on Web,Initial Interaction
I0004404,C002554,2024-04-18,Website,Event Registration,Always-on Web,Engaged Prospect
I0002555,C002555,2025-10-29,Dealer Event,Initial Visit,Van Experience Days,Initial Interaction
I0004406,C002555,2025-11-05,Dealer Event,Configurator,Van Experience Days,Engaged Prospect
I0002556,C002556,2025-10-17,Website,Initial Visit,Always-on Web,Initial Interaction
I0004408,C002556,2025-10-20,Website,Brochure Download,Always-on Web,Engaged Prospect
I0002557,C002557,2025-03-15,Dealer Event,Initial Visit,Van Experience Days,Initial Interaction
I0004410,C002557,2025-03-24,Dealer Event,Callback Request,Van Experience Days,Engaged Prospect
I0002558,C002558,2025-04-23,Referral,Initial Visit,Customer Referral,Initial Interaction
I0004412,C002558,2025-04-28,Referral,Configurator,Customer Referral,Engaged Prospect
I0002559,C002559,2024-04-05,Email,Initial Visit,CRM Nurture,Initial Interaction
I0002560,C002560,2024-02-05,Referral,Initial Visit,Customer Referral,Initial Interaction
I0004415,C002560,2024-02-10,Referral,Configurator,Customer Referral,Engaged Prospect
I0002561,C002561,2024-09-20,Dealer Event,Initial Visit,Van Experience Days,Initial Interaction
I0004417,C002561,2024-09-27,Dealer Event,Brochure Download,Van Experience Days,Engaged Prospect
I0002562,C002562,2025-11-19,Website,Initial Visit,Always-on Web,Initial Interaction
I0004419,C002562,2025-11-20,Website,Callback Request,Always-on Web,Engaged Prospect
I0002563,C002563,2024-11-30,Website,Initial Visit,Always-on Web,Initial Interaction
I0002564,C002564,2025-07-19,Website,Initial Visit,Always-on Web,Initial Interaction
I0004422,C002564,2025-07-23,Website,Brochure Download,Always-on Web,Engaged Prospect
I0002565,C002565,2024-09-15,Paid Search,Initial Visit,Commercial Intent,Initial Interaction
I0002566,C002566,2024-08-04,Social Media,Initial Visit,Urban Mobility,Initial Interaction
I0002567,C002567,2025-07-22,Paid Search,Initial Visit,Commercial Intent,Initial Interaction
I0004426,C002567,2025-08-04,Paid Search,Brochure Download,Commercial Intent,Engaged Prospect
I0002568,C002568,2024-11-25,Email,Initial Visit,CRM Nurture,Initial Interaction
I0004428,C002568,2024-12-03,Email,Brochure Download,CRM Nurture,Engaged Prospect
I0002569,C002569,2025-05-27,Paid Search,Initial Visit,Commercial Intent,Initial Interaction
I0002570,C002570,2025-05-23,Website,Initial Visit,Always-on Web,Initial Interaction
I0004431,C002570,2025-06-02,Website,Callback Request,Always-on Web,Engaged Prospect
I0002571,C002571,2025-05-23,Website,Initial Visit,Always-on Web,Initial Interaction
I0004433,C002571,2025-06-03,Website,Event Registration,Always-on Web,Engaged Prospect
I0002572,C002572,2025-04-18,Referral,Initial Visit,Customer Referral,Initial Interaction
I0004435,C002572,2025-04-27,Referral,Event Registration,Customer Referral,Engaged Prospect
I0002573,C002573,2025-07-20,Paid Search,Initial Visit,Commercial Intent,Initial Interaction
I0002574,C002574,2024-11-20,Paid Search,Initial Visit,Commercial Intent,Initial Interaction
I0004438,C002574,2024-11-21,Paid Search,Callback Request,Commercial Intent,Engaged Prospect
I0002575,C002575,2024-07-31,Website,Initial Visit,Always-on Web,Initial Interaction
I0002576,C002576,2024-12-24,Referral,Initial Visit,Customer Referral,Initial Interaction
I0002577,C002577,2024-08-15,Website,Initial Visit,Always-on Web,Initial Interaction
I0002578,C002578,2024-01-31,Social Media,Initial Visit,Urban Mobility,Initial Interaction
I0004443,C002578,2024-02-09,Social Media,Configurator,Urban Mobility,Engaged Prospect
I0002579,C002579,2024-09-10,Website,Initial Visit,Always-on Web,Initial Interaction
I0004445,C002579,2024-09-16,Website,Event Registration,Always-on Web,Engaged Prospect
I0002580,C002580,2024-12-16,Website,Initial Visit,Always-on Web,Initial Interaction
I0002581,C002581,2024-12-30,Email,Initial Visit,CRM Nurture,Initial Interaction
I0004448,C002581,2025-01-12,Email,Configurator,CRM Nurture,Engaged Prospect
I0002582,C002582,2024-08-26,Social Media,Initial Visit,Urban Mobility,Initial Interaction
I0004450,C002582,2024-09-06,Social Media,Event Registration,Urban Mobility,Engaged Prospect
I0002583,C002583,2025-05-22,Email,Initial Visit,CRM Nurture,Initial Interaction
I0002584,C002584,2024-07-18,Website,Initial Visit,Always-on Web,Initial Interaction
I0004453,C002584,2024-07-28,Website,Configurator,Always-on Web,Engaged Prospect
I0002585,C002585,2025-03-29,Referral,Initial Visit,Customer Referral,Initial Interaction
I0004455,C002585,2025-04-02,Referral,Brochure Download,Customer Referral,Engaged Prospect
I0002586,C002586,2024-07-07,Social Media,Initial Visit,Urban Mobility,Initial Interaction
I0002587,C002587,2025-11-21,Referral,Initial Visit,Customer Referral,Initial Interaction
I0004458,C002587,2025-11-22,Referral,Configurator,Customer Referral,Engaged Prospect
I0002588,C002588,2025-03-30,Website,Initial Visit,Always-on Web,Initial Interaction
I0004460,C002588,2025-04-12,Website,Event Registration,Always-on Web,Engaged Prospect
I0002589,C002589,2025-01-24,Paid Search,Initial Visit,Commercial Intent,Initial Interaction
I0004462,C002589,2025-01-25,Paid Search,Event Registration,Commercial Intent,Engaged Prospect
I0002590,C002590,2024-10-27,Paid Search,Initial Visit,Commercial Intent,Initial Interaction
I0004464,C002590,2024-11-01,Paid Search,Brochure Download,Commercial Intent,Engaged Prospect
I0002591,C002591,2025-06-13,Email,Initial Visit,CRM Nurture,Initial Interaction
I0004466,C002591,2025-06-23,Email,Event Registration,CRM Nurture,Engaged Prospect
I0002592,C002592,2024-10-25,Email,Initial Visit,CRM Nurture,Initial Interaction
I0004468,C002592,2024-10-31,Email,Event Registration,CRM Nurture,Engaged Prospect
I0002593,C002593,2025-07-16,Paid Search,Initial Visit,Commercial Intent,Initial Interaction
I0002594,C002594,2024-04-21,Website,Initial Visit,Always-on Web,Initial Interaction
I0004471,C002594,2024-04-28,Website,Configurator,Always-on Web,Engaged Prospect
I0002595,C002595,2025-07-28,Website,Initial Visit,Always-on Web,Initial Interaction
I0004473,C002595,2025-08-08,Website,Callback Request,Always-on Web,Engaged Prospect
I0002596,C002596,2025-11-04,Website,Initial Visit,Always-on Web,Initial Interaction
I0004475,C002596,2025-11-09,Website,Configurator,Always-on Web,Engaged Prospect
I0002597,C002597,2024-06-18,Dealer Event,Initial Visit,Van Experience Days,Initial Interaction
I0004477,C002597,2024-06-24,Dealer Event,Callback Request,Van Experience Days,Engaged Prospect
I0002598,C002598,2024-06-05,Paid Search,Initial Visit,Commercial Intent,Initial Interaction
I0004479,C002598,2024-06-09,Paid Search,Event Registration,Commercial Intent,Engaged Prospect
I0002599,C002599,2025-10-30,Website,Initial Visit,Always-on Web,Initial Interaction
I0004481,C002599,2025-11-12,Website,Event Registration,Always-on Web,Engaged Prospect
I0002600,C002600,2024-10-11,Paid Search,Initial Visit,Commercial Intent,Initial Interaction
I0002601,C002601,2025-05-01,Website,Initial Visit,Always-on Web,Initial Interaction
I0004484,C002601,2025-05-06,Website,Brochure Download,Always-on Web,Engaged Prospect
I0002602,C002602,2024-05-13,Referral,Initial Visit,Customer Referral,Initial Interaction
I0004486,C002602,2024-05-16,Referral,Configurator,Customer Referral,Engaged Prospect
I0002603,C002603,2024-10-26,Paid Search,Initial Visit,Commercial Intent,Initial Interaction
I0004488,C002603,2024-10-31,Paid Search,Brochure Download,Commercial Intent,Engaged Prospect
I0002604,C002604,2025-05-07,Referral,Initial Visit,Customer Referral,Initial Interaction
I0004490,C002604,2025-05-10,Referral,Event Registration,Customer Referral,Engaged Prospect
I0002605,C002605,2025-09-18,Email,Initial Visit,CRM Nurture,Initial Interaction
I0004492,C002605,2025-10-01,Email,Brochure Download,CRM Nurture,Engaged Prospect
I0002606,C002606,2024-11-01,Social Media,Initial Visit,Urban Mobility,Initial Interaction
I0004494,C002606,2024-11-04,Social Media,Brochure Download,Urban Mobility,Engaged Prospect
I0002607,C002607,2024-02-22,Paid Search,Initial Visit,Commercial Intent,Initial Interaction
I0004496,C002607,2024-02-23,Paid Search,Event Registration,Commercial Intent,Engaged Prospect
I0002608,C002608,2024-10-16,Email,Initial Visit,CRM Nurture,Initial Interaction
I0004498,C002608,2024-10-30,Email,Callback Request,CRM Nurture,Engaged Prospect
I0002609,C002609,2025-03-26,Email,Initial Visit,CRM Nurture,Initial Interaction
I0004500,C002609,2025-03-29,Email,Configurator,CRM Nurture,Engaged Prospect
I0002610,C002610,2025-09-04,Website,Initial Visit,Always-on Web,Initial Interaction
I0004502,C002610,2025-09-05,Website,Brochure Download,Always-on Web,Engaged Prospect
I0002611,C002611,2025-08-06,Referral,Initial Visit,Customer Referral,Initial Interaction
I0004504,C002611,2025-08-20,Referral,Event Registration,Customer Referral,Engaged Prospect
I0002612,C002612,2025-06-15,Paid Search,Initial Visit,Commercial Intent,Initial Interaction
I0002613,C002613,2024-04-25,Paid Search,Initial Visit,Commercial Intent,Initial Interaction
I0004507,C002613,2024-05-07,Paid Search,Callback Request,Commercial Intent,Engaged Prospect
I0002614,C002614,2024-12-29,Paid Search,Initial Visit,Commercial Intent,Initial Interaction
I0004509,C002614,2025-01-03,Paid Search,Brochure Download,Commercial Intent,Engaged Prospect
I0002615,C002615,2025-02-07,Email,Initial Visit,CRM Nurture,Initial Interaction
I0002616,C002616,2024-11-24,Paid Search,Initial Visit,Commercial Intent,Initial Interaction
I0004512,C002616,2024-11-27,Paid Search,Configurator,Commercial Intent,Engaged Prospect
I0002617,C002617,2025-10-08,Paid Search,Initial Visit,Commercial Intent,Initial Interaction
I0004514,C002617,2025-10-10,Paid Search,Configurator,Commercial Intent,Engaged Prospect
I0002618,C002618,2025-11-02,Website,Initial Visit,Always-on Web,Initial Interaction
I0004516,C002618,2025-11-09,Website,Configurator,Always-on Web,Engaged Prospect
I0002619,C002619,2024-05-27,Paid Search,Initial Visit,Commercial Intent,Initial Interaction
I0004518,C002619,2024-06-01,Paid Search,Brochure Download,Commercial Intent,Engaged Prospect
I0002620,C002620,2025-10-31,Website,Initial Visit,Always-on Web,Initial Interaction
I0004520,C002620,2025-11-04,Website,Brochure Download,Always-on Web,Engaged Prospect
I0002621,C002621,2025-08-15,Dealer Event,Initial Visit,Van Experience Days,Initial Interaction
I0002622,C002622,2025-05-08,Paid Search,Initial Visit,Commercial Intent,Initial Interaction
I0004523,C002622,2025-05-11,Paid Search,Callback Request,Commercial Intent,Engaged Prospect
I0002623,C002623,2024-09-24,Referral,Initial Visit,Customer Referral,Initial Interaction
I0004525,C002623,2024-10-05,Referral,Callback Request,Customer Referral,Engaged Prospect
I0002624,C002624,2025-06-16,Email,Initial Visit,CRM Nurture,Initial Interaction
I0004527,C002624,2025-06-20,Email,Brochure Download,CRM Nurture,Engaged Prospect
I0002625,C002625,2025-02-14,Email,Initial Visit,CRM Nurture,Initial Interaction
I0004529,C002625,2025-02-23,Email,Brochure Download,CRM Nurture,Engaged Prospect
I0002626,C002626,2025-09-21,Referral,Initial Visit,Customer Referral,Initial Interaction
I0004531,C002626,2025-09-23,Referral,Configurator,Customer Referral,Engaged Prospect
I0002627,C002627,2025-05-12,Website,Initial Visit,Always-on Web,Initial Interaction
I0002628,C002628,2025-11-06,Social Media,Initial Visit,Urban Mobility,Initial Interaction
I0002629,C002629,2024-10-20,Website,Initial Visit,Always-on Web,Initial Interaction
I0004535,C002629,2024-10-29,Website,Configurator,Always-on Web,Engaged Prospect
I0002630,C002630,2024-02-27,Website,Initial Visit,Always-on Web,Initial Interaction
I0004537,C002630,2024-03-11,Website,Brochure Download,Always-on Web,Engaged Prospect
I0002631,C002631,2024-12-10,Paid Search,Initial Visit,Commercial Intent,Initial Interaction
I0004539,C002631,2024-12-21,Paid Search,Brochure Download,Commercial Intent,Engaged Prospect
I0002632,C002632,2025-11-29,Email,Initial Visit,CRM Nurture,Initial Interaction
I0004541,C002632,2025-12-12,Email,Event Registration,CRM Nurture,Engaged Prospect
I0002633,C002633,2025-04-03,Dealer Event,Initial Visit,Van Experience Days,Initial Interaction
I0002634,C002634,2025-05-07,Website,Initial Visit,Always-on Web,Initial Interaction
I0004544,C002634,2025-05-12,Website,Configurator,Always-on Web,Engaged Prospect
I0002635,C002635,2025-03-13,Email,Initial Visit,CRM Nurture,Initial Interaction
I0004546,C002635,2025-03-14,Email,Event Registration,CRM Nurture,Engaged Prospect
I0002636,C002636,2025-02-18,Website,Initial Visit,Always-on Web,Initial Interaction
I0002637,C002637,2024-02-12,Website,Initial Visit,Always-on Web,Initial Interaction
I0002638,C002638,2024-10-16,Website,Initial Visit,Always-on Web,Initial Interaction
I0004550,C002638,2024-10-25,Website,Event Registration,Always-on Web,Engaged Prospect
I0002639,C002639,2024-03-01,Social Media,Initial Visit,Urban Mobility,Initial Interaction
I0004552,C002639,2024-03-10,Social Media,Brochure Download,Urban Mobility,Engaged Prospect
I0002640,C002640,2024-08-23,Social Media,Initial Visit,Urban Mobility,Initial Interaction
I0004554,C002640,2024-08-31,Social Media,Brochure Download,Urban Mobility,Engaged Prospect
I0002641,C002641,2025-05-18,Website,Initial Visit,Always-on Web,Initial Interaction
I0004556,C002641,2025-05-21,Website,Callback Request,Always-on Web,Engaged Prospect
I0002642,C002642,2025-07-16,Website,Initial Visit,Always-on Web,Initial Interaction
I0004558,C002642,2025-07-28,Website,Callback Request,Always-on Web,Engaged Prospect
I0002643,C002643,2024-06-05,Social Media,Initial Visit,Urban Mobility,Initial Interaction
I0002644,C002644,2025-04-03,Dealer Event,Initial Visit,Van Experience Days,Initial Interaction
I0004561,C002644,2025-04-15,Dealer Event,Configurator,Van Experience Days,Engaged Prospect
I0002645,C002645,2024-06-07,Website,Initial Visit,Always-on Web,Initial Interaction
I0004563,C002645,2024-06-14,Website,Configurator,Always-on Web,Engaged Prospect
I0002646,C002646,2024-05-20,Email,Initial Visit,CRM Nurture,Initial Interaction
I0004565,C002646,2024-05-27,Email,Callback Request,CRM Nurture,Engaged Prospect
I0002647,C002647,2025-11-02,Social Media,Initial Visit,Urban Mobility,Initial Interaction
I0004567,C002647,2025-11-07,Social Media,Brochure Download,Urban Mobility,Engaged Prospect
I0002648,C002648,2025-03-02,Paid Search,Initial Visit,Commercial Intent,Initial Interaction
I0004569,C002648,2025-03-11,Paid Search,Event Registration,Commercial Intent,Engaged Prospect
I0002649,C002649,2024-05-18,Website,Initial Visit,Always-on Web,Initial Interaction
I0004571,C002649,2024-05-21,Website,Brochure Download,Always-on Web,Engaged Prospect
I0002650,C002650,2024-04-08,Referral,Initial Visit,Customer Referral,Initial Interaction
I0002651,C002651,2024-02-04,Paid Search,Initial Visit,Commercial Intent,Initial Interaction
I0002652,C002652,2024-12-13,Paid Search,Initial Visit,Commercial Intent,Initial Interaction
I0004575,C002652,2024-12-21,Paid Search,Configurator,Commercial Intent,Engaged Prospect
I0002653,C002653,2024-03-11,Dealer Event,Initial Visit,Van Experience Days,Initial Interaction
I0004577,C002653,2024-03-16,Dealer Event,Brochure Download,Van Experience Days,Engaged Prospect
I0002654,C002654,2025-02-12,Dealer Event,Initial Visit,Van Experience Days,Initial Interaction
I0004579,C002654,2025-02-22,Dealer Event,Configurator,Van Experience Days,Engaged Prospect
I0002655,C002655,2024-10-30,Email,Initial Visit,CRM Nurture,Initial Interaction
I0004581,C002655,2024-11-13,Email,Callback Request,CRM Nurture,Engaged Prospect
I0002656,C002656,2025-03-20,Dealer Event,Initial Visit,Van Experience Days,Initial Interaction
I0004583,C002656,2025-04-03,Dealer Event,Configurator,Van Experience Days,Engaged Prospect
I0002657,C002657,2024-05-25,Website,Initial Visit,Always-on Web,Initial Interaction
I0002658,C002658,2024-04-11,Email,Initial Visit,CRM Nurture,Initial Interaction
I0004586,C002658,2024-04-24,Email,Configurator,CRM Nurture,Engaged Prospect
I0002659,C002659,2024-03-11,Paid Search,Initial Visit,Commercial Intent,Initial Interaction
I0002660,C002660,2024-03-07,Dealer Event,Initial Visit,Van Experience Days,Initial Interaction
I0004589,C002660,2024-03-09,Dealer Event,Event Registration,Van Experience Days,Engaged Prospect
I0002661,C002661,2024-02-20,Paid Search,Initial Visit,Commercial Intent,Initial Interaction
I0002662,C002662,2024-06-30,Website,Initial Visit,Always-on Web,Initial Interaction
I0004592,C002662,2024-07-05,Website,Event Registration,Always-on Web,Engaged Prospect
I0002663,C002663,2025-07-14,Paid Search,Initial Visit,Commercial Intent,Initial Interaction
I0004594,C002663,2025-07-21,Paid Search,Event Registration,Commercial Intent,Engaged Prospect
I0002664,C002664,2025-02-28,Email,Initial Visit,CRM Nurture,Initial Interaction
I0002665,C002665,2024-06-24,Social Media,Initial Visit,Urban Mobility,Initial Interaction
I0004597,C002665,2024-07-01,Social Media,Event Registration,Urban Mobility,Engaged Prospect
I0002666,C002666,2025-10-14,Email,Initial Visit,CRM Nurture,Initial Interaction
I0004599,C002666,2025-10-19,Email,Configurator,CRM Nurture,Engaged Prospect
I0002667,C002667,2025-06-16,Website,Initial Visit,Always-on Web,Initial Interaction
I0004601,C002667,2025-06-22,Website,Callback Request,Always-on Web,Engaged Prospect
I0002668,C002668,2025-06-29,Website,Initial Visit,Always-on Web,Initial Interaction
I0002669,C002669,2025-09-20,Social Media,Initial Visit,Urban Mobility,Initial Interaction
I0004604,C002669,2025-09-21,Social Media,Callback Request,Urban Mobility,Engaged Prospect
I0002670,C002670,2025-06-05,Paid Search,Initial Visit,Commercial Intent,Initial Interaction
I0004606,C002670,2025-06-16,Paid Search,Event Registration,Commercial Intent,Engaged Prospect
I0002671,C002671,2025-10-31,Email,Initial Visit,CRM Nurture,Initial Interaction
I0004608,C002671,2025-11-10,Email,Event Registration,CRM Nurture,Engaged Prospect
I0002672,C002672,2024-08-19,Referral,Initial Visit,Customer Referral,Initial Interaction
I0004610,C002672,2024-09-02,Referral,Callback Request,Customer Referral,Engaged Prospect
I0002673,C002673,2025-08-22,Email,Initial Visit,CRM Nurture,Initial Interaction
I0004612,C002673,2025-08-24,Email,Event Registration,CRM Nurture,Engaged Prospect
I0002674,C002674,2024-03-19,Paid Search,Initial Visit,Commercial Intent,Initial Interaction
I0004614,C002674,2024-03-21,Paid Search,Configurator,Commercial Intent,Engaged Prospect
I0002675,C002675,2024-07-29,Social Media,Initial Visit,Urban Mobility,Initial Interaction
I0002676,C002676,2025-09-16,Referral,Initial Visit,Customer Referral,Initial Interaction
I0004617,C002676,2025-09-26,Referral,Brochure Download,Customer Referral,Engaged Prospect
I0002677,C002677,2024-04-03,Email,Initial Visit,CRM Nurture,Initial Interaction
I0002678,C002678,2024-12-16,Dealer Event,Initial Visit,Van Experience Days,Initial Interaction
I0004620,C002678,2024-12-27,Dealer Event,Event Registration,Van Experience Days,Engaged Prospect
I0002679,C002679,2024-08-26,Paid Search,Initial Visit,Commercial Intent,Initial Interaction
I0002680,C002680,2024-03-11,Email,Initial Visit,CRM Nurture,Initial Interaction
I0004623,C002680,2024-03-23,Email,Event Registration,CRM Nurture,Engaged Prospect
I0002681,C002681,2024-06-14,Website,Initial Visit,Always-on Web,Initial Interaction
I0002682,C002682,2025-01-09,Email,Initial Visit,CRM Nurture,Initial Interaction
I0004626,C002682,2025-01-17,Email,Callback Request,CRM Nurture,Engaged Prospect
I0002683,C002683,2025-03-17,Dealer Event,Initial Visit,Van Experience Days,Initial Interaction
I0004628,C002683,2025-03-23,Dealer Event,Event Registration,Van Experience Days,Engaged Prospect
I0002684,C002684,2025-04-17,Referral,Initial Visit,Customer Referral,Initial Interaction
I0004630,C002684,2025-04-28,Referral,Brochure Download,Customer Referral,Engaged Prospect
I0002685,C002685,2024-04-02,Website,Initial Visit,Always-on Web,Initial Interaction
I0004632,C002685,2024-04-07,Website,Callback Request,Always-on Web,Engaged Prospect
I0002686,C002686,2024-08-11,Dealer Event,Initial Visit,Van Experience Days,Initial Interaction
I0004634,C002686,2024-08-13,Dealer Event,Event Registration,Van Experience Days,Engaged Prospect
I0002687,C002687,2024-03-13,Website,Initial Visit,Always-on Web,Initial Interaction
I0004636,C002687,2024-03-24,Website,Event Registration,Always-on Web,Engaged Prospect
I0002688,C002688,2024-01-07,Paid Search,Initial Visit,Commercial Intent,Initial Interaction
I0004638,C002688,2024-01-14,Paid Search,Event Registration,Commercial Intent,Engaged Prospect
I0002689,C002689,2024-09-30,Email,Initial Visit,CRM Nurture,Initial Interaction
I0004640,C002689,2024-10-09,Email,Event Registration,CRM Nurture,Engaged Prospect
I0002690,C002690,2025-03-11,Paid Search,Initial Visit,Commercial Intent,Initial Interaction
I0004642,C002690,2025-03-19,Paid Search,Callback Request,Commercial Intent,Engaged Prospect
I0002691,C002691,2024-09-16,Paid Search,Initial Visit,Commercial Intent,Initial Interaction
I0004644,C002691,2024-09-24,Paid Search,Configurator,Commercial Intent,Engaged Prospect
I0002692,C002692,2024-01-29,Email,Initial Visit,CRM Nurture,Initial Interaction
I0002693,C002693,2024-06-02,Email,Initial Visit,CRM Nurture,Initial Interaction
I0004647,C002693,2024-06-12,Email,Configurator,CRM Nurture,Engaged Prospect
I0002694,C002694,2024-10-29,Social Media,Initial Visit,Urban Mobility,Initial Interaction
I0004649,C002694,2024-11-08,Social Media,Callback Request,Urban Mobility,Engaged Prospect
I0002695,C002695,2024-09-06,Social Media,Initial Visit,Urban Mobility,Initial Interaction
I0002696,C002696,2025-07-31,Email,Initial Visit,CRM Nurture,Initial Interaction
I0004652,C002696,2025-08-08,Email,Callback Request,CRM Nurture,Engaged Prospect
I0002697,C002697,2025-02-22,Paid Search,Initial Visit,Commercial Intent,Initial Interaction
I0004654,C002697,2025-03-03,Paid Search,Event Registration,Commercial Intent,Engaged Prospect
I0002698,C002698,2025-11-30,Website,Initial Visit,Always-on Web,Initial Interaction
I0004656,C002698,2025-12-06,Website,Callback Request,Always-on Web,Engaged Prospect
I0002699,C002699,2024-05-02,Social Media,Initial Visit,Urban Mobility,Initial Interaction
I0004658,C002699,2024-05-05,Social Media,Brochure Download,Urban Mobility,Engaged Prospect
I0002700,C002700,2024-09-16,Email,Initial Visit,CRM Nurture,Initial Interaction
I0004660,C002700,2024-09-17,Email,Event Registration,CRM Nurture,Engaged Prospect
I0002701,C002701,2024-03-02,Paid Search,Initial Visit,Commercial Intent,Initial Interaction
I0004662,C002701,2024-03-08,Paid Search,Callback Request,Commercial Intent,Engaged Prospect
I0002702,C002702,2024-01-15,Website,Initial Visit,Always-on Web,Initial Interaction
I0002703,C002703,2025-10-08,Referral,Initial Visit,Customer Referral,Initial Interaction
I0004665,C002703,2025-10-20,Referral,Brochure Download,Customer Referral,Engaged Prospect
I0002704,C002704,2024-12-11,Dealer Event,Initial Visit,Van Experience Days,Initial Interaction
I0004667,C002704,2024-12-16,Dealer Event,Callback Request,Van Experience Days,Engaged Prospect
I0002705,C002705,2025-04-06,Social Media,Initial Visit,Urban Mobility,Initial Interaction
I0004669,C002705,2025-04-17,Social Media,Brochure Download,Urban Mobility,Engaged Prospect
I0002706,C002706,2024-07-12,Dealer Event,Initial Visit,Van Experience Days,Initial Interaction
I0004671,C002706,2024-07-15,Dealer Event,Callback Request,Van Experience Days,Engaged Prospect
I0002707,C002707,2024-02-06,Referral,Initial Visit,Customer Referral,Initial Interaction
I0004673,C002707,2024-02-11,Referral,Configurator,Customer Referral,Engaged Prospect
I0002708,C002708,2025-09-16,Social Media,Initial Visit,Urban Mobility,Initial Interaction
I0004675,C002708,2025-09-17,Social Media,Callback Request,Urban Mobility,Engaged Prospect
I0002709,C002709,2025-04-05,Website,Initial Visit,Always-on Web,Initial Interaction
I0002710,C002710,2025-05-13,Social Media,Initial Visit,Urban Mobility,Initial Interaction
I0002711,C002711,2025-01-08,Referral,Initial Visit,Customer Referral,Initial Interaction
I0004679,C002711,2025-01-15,Referral,Configurator,Customer Referral,Engaged Prospect
I0002712,C002712,2024-10-10,Email,Initial Visit,CRM Nurture,Initial Interaction
I0004681,C002712,2024-10-17,Email,Event Registration,CRM Nurture,Engaged Prospect
I0002713,C002713,2024-10-22,Website,Initial Visit,Always-on Web,Initial Interaction
I0004683,C002713,2024-10-29,Website,Configurator,Always-on Web,Engaged Prospect
I0002714,C002714,2025-06-17,Referral,Initial Visit,Customer Referral,Initial Interaction
I0004685,C002714,2025-06-30,Referral,Callback Request,Customer Referral,Engaged Prospect
I0002715,C002715,2024-06-08,Email,Initial Visit,CRM Nurture,Initial Interaction
I0004687,C002715,2024-06-20,Email,Brochure Download,CRM Nurture,Engaged Prospect
I0002716,C002716,2024-08-26,Paid Search,Initial Visit,Commercial Intent,Initial Interaction
I0002717,C002717,2024-08-03,Referral,Initial Visit,Customer Referral,Initial Interaction
I0004690,C002717,2024-08-06,Referral,Callback Request,Customer Referral,Engaged Prospect
I0002718,C002718,2024-12-31,Email,Initial Visit,CRM Nurture,Initial Interaction
I0002719,C002719,2025-11-08,Dealer Event,Initial Visit,Van Experience Days,Initial Interaction
I0004693,C002719,2025-11-10,Dealer Event,Configurator,Van Experience Days,Engaged Prospect
I0002720,C002720,2025-10-07,Referral,Initial Visit,Customer Referral,Initial Interaction
I0004695,C002720,2025-10-11,Referral,Configurator,Customer Referral,Engaged Prospect
I0002721,C002721,2025-01-16,Website,Initial Visit,Always-on Web,Initial Interaction
I0004697,C002721,2025-01-27,Website,Configurator,Always-on Web,Engaged Prospect
I0002722,C002722,2024-05-20,Dealer Event,Initial Visit,Van Experience Days,Initial Interaction
I0002723,C002723,2025-10-20,Paid Search,Initial Visit,Commercial Intent,Initial Interaction
I0002724,C002724,2024-08-07,Dealer Event,Initial Visit,Van Experience Days,Initial Interaction
I0004701,C002724,2024-08-08,Dealer Event,Event Registration,Van Experience Days,Engaged Prospect
I0002725,C002725,2024-09-06,Dealer Event,Initial Visit,Van Experience Days,Initial Interaction
I0004703,C002725,2024-09-07,Dealer Event,Configurator,Van Experience Days,Engaged Prospect
I0002726,C002726,2025-09-11,Dealer Event,Initial Visit,Van Experience Days,Initial Interaction
I0004705,C002726,2025-09-14,Dealer Event,Event Registration,Van Experience Days,Engaged Prospect
I0002727,C002727,2024-07-03,Dealer Event,Initial Visit,Van Experience Days,Initial Interaction
I0004707,C002727,2024-07-14,Dealer Event,Brochure Download,Van Experience Days,Engaged Prospect
I0002728,C002728,2024-11-19,Dealer Event,Initial Visit,Van Experience Days,Initial Interaction
I0002729,C002729,2025-10-03,Paid Search,Initial Visit,Commercial Intent,Initial Interaction
I0004710,C002729,2025-10-12,Paid Search,Event Registration,Commercial Intent,Engaged Prospect
I0002730,C002730,2024-08-10,Paid Search,Initial Visit,Commercial Intent,Initial Interaction
I0004712,C002730,2024-08-15,Paid Search,Configurator,Commercial Intent,Engaged Prospect
I0002731,C002731,2025-03-13,Website,Initial Visit,Always-on Web,Initial Interaction
I0004714,C002731,2025-03-25,Website,Callback Request,Always-on Web,Engaged Prospect
I0002732,C002732,2024-01-27,Dealer Event,Initial Visit,Van Experience Days,Initial Interaction
I0002733,C002733,2025-11-27,Social Media,Initial Visit,Urban Mobility,Initial Interaction
I0004717,C002733,2025-11-29,Social Media,Event Registration,Urban Mobility,Engaged Prospect
I0002734,C002734,2024-10-20,Social Media,Initial Visit,Urban Mobility,Initial Interaction
I0004719,C002734,2024-10-31,Social Media,Callback Request,Urban Mobility,Engaged Prospect
I0002735,C002735,2025-04-14,Website,Initial Visit,Always-on Web,Initial Interaction
I0004721,C002735,2025-04-16,Website,Callback Request,Always-on Web,Engaged Prospect
I0002736,C002736,2024-12-16,Social Media,Initial Visit,Urban Mobility,Initial Interaction
I0002737,C002737,2024-10-30,Paid Search,Initial Visit,Commercial Intent,Initial Interaction
I0004724,C002737,2024-11-07,Paid Search,Configurator,Commercial Intent,Engaged Prospect
I0002738,C002738,2024-10-11,Referral,Initial Visit,Customer Referral,Initial Interaction
I0002739,C002739,2024-01-13,Dealer Event,Initial Visit,Van Experience Days,Initial Interaction
I0004727,C002739,2024-01-19,Dealer Event,Callback Request,Van Experience Days,Engaged Prospect
I0002740,C002740,2024-07-13,Social Media,Initial Visit,Urban Mobility,Initial Interaction
I0004729,C002740,2024-07-19,Social Media,Event Registration,Urban Mobility,Engaged Prospect
I0002741,C002741,2024-09-23,Dealer Event,Initial Visit,Van Experience Days,Initial Interaction
I0004731,C002741,2024-10-02,Dealer Event,Event Registration,Van Experience Days,Engaged Prospect
I0002742,C002742,2024-09-15,Website,Initial Visit,Always-on Web,Initial Interaction
I0002743,C002743,2024-07-10,Website,Initial Visit,Always-on Web,Initial Interaction
I0004734,C002743,2024-07-20,Website,Brochure Download,Always-on Web,Engaged Prospect
I0002744,C002744,2025-03-25,Social Media,Initial Visit,Urban Mobility,Initial Interaction
I0002745,C002745,2025-08-03,Email,Initial Visit,CRM Nurture,Initial Interaction
I0002746,C002746,2025-09-15,Website,Initial Visit,Always-on Web,Initial Interaction
I0004738,C002746,2025-09-23,Website,Brochure Download,Always-on Web,Engaged Prospect
I0002747,C002747,2025-11-11,Website,Initial Visit,Always-on Web,Initial Interaction
I0004740,C002747,2025-11-24,Website,Configurator,Always-on Web,Engaged Prospect
I0002748,C002748,2025-03-30,Social Media,Initial Visit,Urban Mobility,Initial Interaction
I0004742,C002748,2025-03-31,Social Media,Brochure Download,Urban Mobility,Engaged Prospect
I0002749,C002749,2024-10-14,Website,Initial Visit,Always-on Web,Initial Interaction
I0004744,C002749,2024-10-15,Website,Brochure Download,Always-on Web,Engaged Prospect
I0002750,C002750,2025-03-28,Paid Search,Initial Visit,Commercial Intent,Initial Interaction
I0004746,C002750,2025-04-05,Paid Search,Brochure Download,Commercial Intent,Engaged Prospect
I0002751,C002751,2024-04-02,Paid Search,Initial Visit,Commercial Intent,Initial Interaction
I0004748,C002751,2024-04-06,Paid Search,Callback Request,Commercial Intent,Engaged Prospect
I0002752,C002752,2025-07-25,Referral,Initial Visit,Customer Referral,Initial Interaction
I0002753,C002753,2025-01-09,Paid Search,Initial Visit,Commercial Intent,Initial Interaction
I0002754,C002754,2024-04-25,Website,Initial Visit,Always-on Web,Initial Interaction
I0002755,C002755,2024-10-25,Website,Initial Visit,Always-on Web,Initial Interaction
I0004753,C002755,2024-10-26,Website,Brochure Download,Always-on Web,Engaged Prospect
I0002756,C002756,2024-07-29,Website,Initial Visit,Always-on Web,Initial Interaction
I0002757,C002757,2024-09-01,Email,Initial Visit,CRM Nurture,Initial Interaction
I0004756,C002757,2024-09-03,Email,Configurator,CRM Nurture,Engaged Prospect
I0002758,C002758,2024-02-05,Paid Search,Initial Visit,Commercial Intent,Initial Interaction
I0004758,C002758,2024-02-16,Paid Search,Configurator,Commercial Intent,Engaged Prospect
I0002759,C002759,2024-01-12,Website,Initial Visit,Always-on Web,Initial Interaction
I0004760,C002759,2024-01-16,Website,Brochure Download,Always-on Web,Engaged Prospect
I0002760,C002760,2024-09-01,Referral,Initial Visit,Customer Referral,Initial Interaction
I0002761,C002761,2024-07-30,Dealer Event,Initial Visit,Van Experience Days,Initial Interaction
I0002762,C002762,2025-11-30,Website,Initial Visit,Always-on Web,Initial Interaction
I0004764,C002762,2025-12-14,Website,Event Registration,Always-on Web,Engaged Prospect
I0002763,C002763,2024-07-02,Website,Initial Visit,Always-on Web,Initial Interaction
I0004766,C002763,2024-07-05,Website,Configurator,Always-on Web,Engaged Prospect
I0002764,C002764,2024-08-18,Dealer Event,Initial Visit,Van Experience Days,Initial Interaction
I0002765,C002765,2025-10-02,Email,Initial Visit,CRM Nurture,Initial Interaction
I0004769,C002765,2025-10-16,Email,Callback Request,CRM Nurture,Engaged Prospect
I0002766,C002766,2025-08-24,Referral,Initial Visit,Customer Referral,Initial Interaction
I0004771,C002766,2025-09-04,Referral,Callback Request,Customer Referral,Engaged Prospect
I0002767,C002767,2024-02-09,Website,Initial Visit,Always-on Web,Initial Interaction
I0004773,C002767,2024-02-12,Website,Brochure Download,Always-on Web,Engaged Prospect
I0002768,C002768,2024-03-01,Dealer Event,Initial Visit,Van Experience Days,Initial Interaction
I0002769,C002769,2024-03-07,Website,Initial Visit,Always-on Web,Initial Interaction
I0002770,C002770,2024-11-17,Paid Search,Initial Visit,Commercial Intent,Initial Interaction
I0004777,C002770,2024-11-26,Paid Search,Brochure Download,Commercial Intent,Engaged Prospect
I0002771,C002771,2025-02-04,Email,Initial Visit,CRM Nurture,Initial Interaction
I0002772,C002772,2024-09-03,Email,Initial Visit,CRM Nurture,Initial Interaction
I0004780,C002772,2024-09-16,Email,Configurator,CRM Nurture,Engaged Prospect
I0002773,C002773,2024-01-10,Website,Initial Visit,Always-on Web,Initial Interaction
I0002774,C002774,2024-05-21,Website,Initial Visit,Always-on Web,Initial Interaction
I0004783,C002774,2024-05-29,Website,Configurator,Always-on Web,Engaged Prospect
I0002775,C002775,2025-03-06,Dealer Event,Initial Visit,Van Experience Days,Initial Interaction
I0004785,C002775,2025-03-10,Dealer Event,Configurator,Van Experience Days,Engaged Prospect
I0002776,C002776,2024-09-17,Website,Initial Visit,Always-on Web,Initial Interaction
I0004787,C002776,2024-09-23,Website,Callback Request,Always-on Web,Engaged Prospect
I0002777,C002777,2024-03-27,Paid Search,Initial Visit,Commercial Intent,Initial Interaction
I0002778,C002778,2025-03-31,Website,Initial Visit,Always-on Web,Initial Interaction
I0002779,C002779,2025-03-05,Website,Initial Visit,Always-on Web,Initial Interaction
I0002780,C002780,2024-12-09,Dealer Event,Initial Visit,Van Experience Days,Initial Interaction
I0004792,C002780,2024-12-21,Dealer Event,Event Registration,Van Experience Days,Engaged Prospect
I0002781,C002781,2025-10-20,Website,Initial Visit,Always-on Web,Initial Interaction
I0002782,C002782,2025-08-14,Social Media,Initial Visit,Urban Mobility,Initial Interaction
I0004795,C002782,2025-08-19,Social Media,Brochure Download,Urban Mobility,Engaged Prospect
I0002783,C002783,2024-01-28,Email,Initial Visit,CRM Nurture,Initial Interaction
I0004797,C002783,2024-02-05,Email,Configurator,CRM Nurture,Engaged Prospect
I0002784,C002784,2025-09-25,Website,Initial Visit,Always-on Web,Initial Interaction
I0002785,C002785,2024-02-04,Social Media,Initial Visit,Urban Mobility,Initial Interaction
I0004800,C002785,2024-02-14,Social Media,Callback Request,Urban Mobility,Engaged Prospect
I0002786,C002786,2024-12-03,Paid Search,Initial Visit,Commercial Intent,Initial Interaction
I0004802,C002786,2024-12-11,Paid Search,Configurator,Commercial Intent,Engaged Prospect
I0002787,C002787,2025-09-23,Dealer Event,Initial Visit,Van Experience Days,Initial Interaction
I0002788,C002788,2025-11-18,Dealer Event,Initial Visit,Van Experience Days,Initial Interaction
I0004805,C002788,2025-11-21,Dealer Event,Event Registration,Van Experience Days,Engaged Prospect
I0002789,C002789,2024-01-16,Dealer Event,Initial Visit,Van Experience Days,Initial Interaction
I0002790,C002790,2024-02-20,Paid Search,Initial Visit,Commercial Intent,Initial Interaction
I0004808,C002790,2024-03-02,Paid Search,Callback Request,Commercial Intent,Engaged Prospect
I0002791,C002791,2024-06-17,Dealer Event,Initial Visit,Van Experience Days,Initial Interaction
I0002792,C002792,2024-07-12,Social Media,Initial Visit,Urban Mobility,Initial Interaction
I0002793,C002793,2024-07-14,Paid Search,Initial Visit,Commercial Intent,Initial Interaction
I0004812,C002793,2024-07-16,Paid Search,Brochure Download,Commercial Intent,Engaged Prospect
I0002794,C002794,2024-10-18,Website,Initial Visit,Always-on Web,Initial Interaction
I0002795,C002795,2024-08-11,Website,Initial Visit,Always-on Web,Initial Interaction
I0004815,C002795,2024-08-15,Website,Callback Request,Always-on Web,Engaged Prospect
I0002796,C002796,2025-02-11,Website,Initial Visit,Always-on Web,Initial Interaction
I0004817,C002796,2025-02-18,Website,Brochure Download,Always-on Web,Engaged Prospect
I0002797,C002797,2025-08-20,Paid Search,Initial Visit,Commercial Intent,Initial Interaction
I0004819,C002797,2025-09-01,Paid Search,Configurator,Commercial Intent,Engaged Prospect
I0002798,C002798,2025-01-17,Referral,Initial Visit,Customer Referral,Initial Interaction
I0004821,C002798,2025-01-21,Referral,Configurator,Customer Referral,Engaged Prospect
I0002799,C002799,2024-08-20,Referral,Initial Visit,Customer Referral,Initial Interaction
I0002800,C002800,2025-02-01,Website,Initial Visit,Always-on Web,Initial Interaction
I0004824,C002800,2025-02-10,Website,Configurator,Always-on Web,Engaged Prospect
I0002801,C002801,2025-03-10,Referral,Initial Visit,Customer Referral,Initial Interaction
I0002802,C002802,2025-09-19,Email,Initial Visit,CRM Nurture,Initial Interaction
I0004827,C002802,2025-10-01,Email,Callback Request,CRM Nurture,Engaged Prospect
I0002803,C002803,2025-10-25,Social Media,Initial Visit,Urban Mobility,Initial Interaction
I0002804,C002804,2024-07-13,Referral,Initial Visit,Customer Referral,Initial Interaction
I0004830,C002804,2024-07-27,Referral,Configurator,Customer Referral,Engaged Prospect
I0002805,C002805,2025-10-04,Email,Initial Visit,CRM Nurture,Initial Interaction
I0004832,C002805,2025-10-05,Email,Event Registration,CRM Nurture,Engaged Prospect
I0002806,C002806,2025-07-25,Social Media,Initial Visit,Urban Mobility,Initial Interaction
I0004834,C002806,2025-08-07,Social Media,Callback Request,Urban Mobility,Engaged Prospect
I0002807,C002807,2024-03-30,Website,Initial Visit,Always-on Web,Initial Interaction
I0002808,C002808,2025-01-25,Website,Initial Visit,Always-on Web,Initial Interaction
I0004837,C002808,2025-02-06,Website,Configurator,Always-on Web,Engaged Prospect
I0002809,C002809,2024-04-16,Referral,Initial Visit,Customer Referral,Initial Interaction
I0004839,C002809,2024-04-21,Referral,Brochure Download,Customer Referral,Engaged Prospect
I0002810,C002810,2024-12-09,Website,Initial Visit,Always-on Web,Initial Interaction
I0004841,C002810,2024-12-20,Website,Event Registration,Always-on Web,Engaged Prospect
I0002811,C002811,2024-02-01,Website,Initial Visit,Always-on Web,Initial Interaction
I0002812,C002812,2024-07-28,Website,Initial Visit,Always-on Web,Initial Interaction
I0002813,C002813,2025-02-15,Paid Search,Initial Visit,Commercial Intent,Initial Interaction
I0004845,C002813,2025-03-01,Paid Search,Event Registration,Commercial Intent,Engaged Prospect
I0002814,C002814,2024-07-31,Paid Search,Initial Visit,Commercial Intent,Initial Interaction
I0004847,C002814,2024-08-04,Paid Search,Callback Request,Commercial Intent,Engaged Prospect
I0002815,C002815,2024-01-08,Referral,Initial Visit,Customer Referral,Initial Interaction
I0004849,C002815,2024-01-18,Referral,Brochure Download,Customer Referral,Engaged Prospect
I0002816,C002816,2024-09-28,Paid Search,Initial Visit,Commercial Intent,Initial Interaction
I0004851,C002816,2024-10-09,Paid Search,Brochure Download,Commercial Intent,Engaged Prospect
I0002817,C002817,2025-01-13,Dealer Event,Initial Visit,Van Experience Days,Initial Interaction
I0002818,C002818,2025-06-18,Social Media,Initial Visit,Urban Mobility,Initial Interaction
I0004854,C002818,2025-06-19,Social Media,Configurator,Urban Mobility,Engaged Prospect
I0002819,C002819,2024-04-05,Social Media,Initial Visit,Urban Mobility,Initial Interaction
I0002820,C002820,2024-11-29,Website,Initial Visit,Always-on Web,Initial Interaction
I0004857,C002820,2024-12-05,Website,Brochure Download,Always-on Web,Engaged Prospect
I0002821,C002821,2024-05-19,Website,Initial Visit,Always-on Web,Initial Interaction
I0004859,C002821,2024-05-31,Website,Event Registration,Always-on Web,Engaged Prospect
I0002822,C002822,2024-04-17,Dealer Event,Initial Visit,Van Experience Days,Initial Interaction
I0002823,C002823,2024-03-26,Dealer Event,Initial Visit,Van Experience Days,Initial Interaction
I0004862,C002823,2024-04-07,Dealer Event,Callback Request,Van Experience Days,Engaged Prospect
I0002824,C002824,2025-06-15,Paid Search,Initial Visit,Commercial Intent,Initial Interaction
I0004864,C002824,2025-06-16,Paid Search,Brochure Download,Commercial Intent,Engaged Prospect
I0002825,C002825,2025-10-05,Referral,Initial Visit,Customer Referral,Initial Interaction
I0002826,C002826,2025-04-09,Dealer Event,Initial Visit,Van Experience Days,Initial Interaction
I0004867,C002826,2025-04-15,Dealer Event,Event Registration,Van Experience Days,Engaged Prospect
I0002827,C002827,2024-09-21,Website,Initial Visit,Always-on Web,Initial Interaction
I0004869,C002827,2024-09-22,Website,Callback Request,Always-on Web,Engaged Prospect
I0002828,C002828,2025-10-26,Social Media,Initial Visit,Urban Mobility,Initial Interaction
I0002829,C002829,2024-12-14,Dealer Event,Initial Visit,Van Experience Days,Initial Interaction
I0004872,C002829,2024-12-20,Dealer Event,Callback Request,Van Experience Days,Engaged Prospect
I0002830,C002830,2025-01-05,Dealer Event,Initial Visit,Van Experience Days,Initial Interaction
I0004874,C002830,2025-01-09,Dealer Event,Callback Request,Van Experience Days,Engaged Prospect
I0002831,C002831,2025-03-20,Website,Initial Visit,Always-on Web,Initial Interaction
I0004876,C002831,2025-03-26,Website,Event Registration,Always-on Web,Engaged Prospect
I0002832,C002832,2025-04-03,Website,Initial Visit,Always-on Web,Initial Interaction
I0004878,C002832,2025-04-14,Website,Event Registration,Always-on Web,Engaged Prospect
I0002833,C002833,2024-12-10,Paid Search,Initial Visit,Commercial Intent,Initial Interaction
I0002834,C002834,2024-12-01,Website,Initial Visit,Always-on Web,Initial Interaction
I0004881,C002834,2024-12-02,Website,Configurator,Always-on Web,Engaged Prospect
I0002835,C002835,2024-08-10,Website,Initial Visit,Always-on Web,Initial Interaction
I0004883,C002835,2024-08-22,Website,Event Registration,Always-on Web,Engaged Prospect
I0002836,C002836,2025-04-21,Social Media,Initial Visit,Urban Mobility,Initial Interaction
I0004885,C002836,2025-05-05,Social Media,Brochure Download,Urban Mobility,Engaged Prospect
I0002837,C002837,2025-04-15,Social Media,Initial Visit,Urban Mobility,Initial Interaction
I0002838,C002838,2024-11-01,Website,Initial Visit,Always-on Web,Initial Interaction
I0004888,C002838,2024-11-08,Website,Event Registration,Always-on Web,Engaged Prospect
I0002839,C002839,2025-05-13,Social Media,Initial Visit,Urban Mobility,Initial Interaction
I0004890,C002839,2025-05-16,Social Media,Brochure Download,Urban Mobility,Engaged Prospect
I0002840,C002840,2024-04-06,Website,Initial Visit,Always-on Web,Initial Interaction
I0004892,C002840,2024-04-08,Website,Callback Request,Always-on Web,Engaged Prospect
I0002841,C002841,2024-10-18,Paid Search,Initial Visit,Commercial Intent,Initial Interaction
I0002842,C002842,2025-11-21,Dealer Event,Initial Visit,Van Experience Days,Initial Interaction
I0002843,C002843,2025-05-28,Dealer Event,Initial Visit,Van Experience Days,Initial Interaction
I0002844,C002844,2025-05-19,Website,Initial Visit,Always-on Web,Initial Interaction
I0002845,C002845,2025-08-27,Dealer Event,Initial Visit,Van Experience Days,Initial Interaction
I0004898,C002845,2025-09-05,Dealer Event,Callback Request,Van Experience Days,Engaged Prospect
I0002846,C002846,2025-03-02,Dealer Event,Initial Visit,Van Experience Days,Initial Interaction
I0004900,C002846,2025-03-07,Dealer Event,Event Registration,Van Experience Days,Engaged Prospect
I0002847,C002847,2025-04-08,Social Media,Initial Visit,Urban Mobility,Initial Interaction
I0004902,C002847,2025-04-18,Social Media,Brochure Download,Urban Mobility,Engaged Prospect
I0002848,C002848,2024-12-02,Referral,Initial Visit,Customer Referral,Initial Interaction
I0004904,C002848,2024-12-09,Referral,Callback Request,Customer Referral,Engaged Prospect
I0002849,C002849,2025-08-01,Website,Initial Visit,Always-on Web,Initial Interaction
I0004906,C002849,2025-08-06,Website,Brochure Download,Always-on Web,Engaged Prospect
I0002850,C002850,2025-05-13,Website,Initial Visit,Always-on Web,Initial Interaction
I0004908,C002850,2025-05-25,Website,Event Registration,Always-on Web,Engaged Prospect
I0002851,C002851,2025-01-01,Dealer Event,Initial Visit,Van Experience Days,Initial Interaction
I0004910,C002851,2025-01-12,Dealer Event,Callback Request,Van Experience Days,Engaged Prospect
I0002852,C002852,2024-03-29,Social Media,Initial Visit,Urban Mobility,Initial Interaction
I0004912,C002852,2024-04-11,Social Media,Event Registration,Urban Mobility,Engaged Prospect
I0002853,C002853,2025-07-18,Paid Search,Initial Visit,Commercial Intent,Initial Interaction
I0002854,C002854,2024-08-16,Website,Initial Visit,Always-on Web,Initial Interaction
I0004915,C002854,2024-08-27,Website,Event Registration,Always-on Web,Engaged Prospect
I0002855,C002855,2024-09-08,Website,Initial Visit,Always-on Web,Initial Interaction
I0004917,C002855,2024-09-10,Website,Event Registration,Always-on Web,Engaged Prospect
I0002856,C002856,2024-03-28,Website,Initial Visit,Always-on Web,Initial Interaction
I0004919,C002856,2024-04-02,Website,Configurator,Always-on Web,Engaged Prospect
I0002857,C002857,2024-05-31,Website,Initial Visit,Always-on Web,Initial Interaction
I0002858,C002858,2024-03-29,Referral,Initial Visit,Customer Referral,Initial Interaction
I0002859,C002859,2024-03-09,Paid Search,Initial Visit,Commercial Intent,Initial Interaction
I0004923,C002859,2024-03-15,Paid Search,Event Registration,Commercial Intent,Engaged Prospect
I0002860,C002860,2024-01-15,Dealer Event,Initial Visit,Van Experience Days,Initial Interaction
I0002861,C002861,2024-07-25,Website,Initial Visit,Always-on Web,Initial Interaction
I0004926,C002861,2024-08-01,Website,Configurator,Always-on Web,Engaged Prospect
I0002862,C002862,2025-06-13,Paid Search,Initial Visit,Commercial Intent,Initial Interaction
I0004928,C002862,2025-06-20,Paid Search,Brochure Download,Commercial Intent,Engaged Prospect
I0002863,C002863,2025-08-27,Referral,Initial Visit,Customer Referral,Initial Interaction
I0002864,C002864,2024-06-08,Website,Initial Visit,Always-on Web,Initial Interaction
I0004931,C002864,2024-06-22,Website,Callback Request,Always-on Web,Engaged Prospect
I0002865,C002865,2024-10-23,Paid Search,Initial Visit,Commercial Intent,Initial Interaction
I0004933,C002865,2024-11-03,Paid Search,Brochure Download,Commercial Intent,Engaged Prospect
I0002866,C002866,2025-08-05,Dealer Event,Initial Visit,Van Experience Days,Initial Interaction
I0004935,C002866,2025-08-16,Dealer Event,Event Registration,Van Experience Days,Engaged Prospect
I0002867,C002867,2025-05-09,Website,Initial Visit,Always-on Web,Initial Interaction
I0004937,C002867,2025-05-12,Website,Configurator,Always-on Web,Engaged Prospect
I0002868,C002868,2025-09-25,Website,Initial Visit,Always-on Web,Initial Interaction
I0002869,C002869,2024-10-21,Referral,Initial Visit,Customer Referral,Initial Interaction
I0004940,C002869,2024-11-03,Referral,Brochure Download,Customer Referral,Engaged Prospect
I0002870,C002870,2024-04-27,Paid Search,Initial Visit,Commercial Intent,Initial Interaction
I0004942,C002870,2024-05-09,Paid Search,Event Registration,Commercial Intent,Engaged Prospect
I0002871,C002871,2024-04-10,Email,Initial Visit,CRM Nurture,Initial Interaction
I0004944,C002871,2024-04-12,Email,Brochure Download,CRM Nurture,Engaged Prospect
I0002872,C002872,2025-05-11,Website,Initial Visit,Always-on Web,Initial Interaction
I0004946,C002872,2025-05-14,Website,Event Registration,Always-on Web,Engaged Prospect
I0002873,C002873,2024-01-19,Website,Initial Visit,Always-on Web,Initial Interaction
I0004948,C002873,2024-01-23,Website,Brochure Download,Always-on Web,Engaged Prospect
I0002874,C002874,2024-11-18,Paid Search,Initial Visit,Commercial Intent,Initial Interaction
I0002875,C002875,2024-09-04,Email,Initial Visit,CRM Nurture,Initial Interaction
I0004951,C002875,2024-09-11,Email,Callback Request,CRM Nurture,Engaged Prospect
I0002876,C002876,2025-10-05,Paid Search,Initial Visit,Commercial Intent,Initial Interaction
I0002877,C002877,2025-11-29,Dealer Event,Initial Visit,Van Experience Days,Initial Interaction
I0004954,C002877,2025-12-01,Dealer Event,Configurator,Van Experience Days,Engaged Prospect
I0002878,C002878,2024-12-05,Dealer Event,Initial Visit,Van Experience Days,Initial Interaction
I0004956,C002878,2024-12-07,Dealer Event,Configurator,Van Experience Days,Engaged Prospect
I0002879,C002879,2025-02-10,Social Media,Initial Visit,Urban Mobility,Initial Interaction
I0004958,C002879,2025-02-19,Social Media,Configurator,Urban Mobility,Engaged Prospect
I0002880,C002880,2024-09-22,Paid Search,Initial Visit,Commercial Intent,Initial Interaction
I0004960,C002880,2024-09-25,Paid Search,Event Registration,Commercial Intent,Engaged Prospect
I0002881,C002881,2025-06-27,Social Media,Initial Visit,Urban Mobility,Initial Interaction
I0004962,C002881,2025-07-01,Social Media,Brochure Download,Urban Mobility,Engaged Prospect
I0002882,C002882,2024-07-25,Email,Initial Visit,CRM Nurture,Initial Interaction
I0002883,C002883,2025-06-05,Website,Initial Visit,Always-on Web,Initial Interaction
I0004965,C002883,2025-06-16,Website,Event Registration,Always-on Web,Engaged Prospect
I0002884,C002884,2025-09-24,Dealer Event,Initial Visit,Van Experience Days,Initial Interaction
I0004967,C002884,2025-10-03,Dealer Event,Callback Request,Van Experience Days,Engaged Prospect
I0002885,C002885,2024-04-30,Paid Search,Initial Visit,Commercial Intent,Initial Interaction
I0002886,C002886,2024-06-07,Referral,Initial Visit,Customer Referral,Initial Interaction
I0004970,C002886,2024-06-09,Referral,Brochure Download,Customer Referral,Engaged Prospect
I0002887,C002887,2024-09-21,Referral,Initial Visit,Customer Referral,Initial Interaction
I0004972,C002887,2024-09-29,Referral,Brochure Download,Customer Referral,Engaged Prospect
I0002888,C002888,2025-08-02,Website,Initial Visit,Always-on Web,Initial Interaction
I0004974,C002888,2025-08-15,Website,Brochure Download,Always-on Web,Engaged Prospect
I0002889,C002889,2025-03-24,Paid Search,Initial Visit,Commercial Intent,Initial Interaction
I0004976,C002889,2025-03-27,Paid Search,Configurator,Commercial Intent,Engaged Prospect
I0002890,C002890,2024-05-15,Social Media,Initial Visit,Urban Mobility,Initial Interaction
I0004978,C002890,2024-05-28,Social Media,Brochure Download,Urban Mobility,Engaged Prospect
I0002891,C002891,2024-09-14,Social Media,Initial Visit,Urban Mobility,Initial Interaction
I0004980,C002891,2024-09-21,Social Media,Event Registration,Urban Mobility,Engaged Prospect
I0002892,C002892,2025-03-26,Dealer Event,Initial Visit,Van Experience Days,Initial Interaction
I0002893,C002893,2025-11-06,Website,Initial Visit,Always-on Web,Initial Interaction
I0004983,C002893,2025-11-14,Website,Event Registration,Always-on Web,Engaged Prospect
I0002894,C002894,2024-11-11,Social Media,Initial Visit,Urban Mobility,Initial Interaction
I0002895,C002895,2024-02-22,Referral,Initial Visit,Customer Referral,Initial Interaction
I0004986,C002895,2024-03-01,Referral,Brochure Download,Customer Referral,Engaged Prospect
I0002896,C002896,2024-03-14,Referral,Initial Visit,Customer Referral,Initial Interaction
I0004988,C002896,2024-03-25,Referral,Configurator,Customer Referral,Engaged Prospect
I0002897,C002897,2024-01-21,Website,Initial Visit,Always-on Web,Initial Interaction
I0004990,C002897,2024-01-24,Website,Brochure Download,Always-on Web,Engaged Prospect
I0002898,C002898,2024-03-29,Referral,Initial Visit,Customer Referral,Initial Interaction
I0004992,C002898,2024-04-04,Referral,Configurator,Customer Referral,Engaged Prospect
I0002899,C002899,2024-10-15,Website,Initial Visit,Always-on Web,Initial Interaction
I0002900,C002900,2024-07-16,Social Media,Initial Visit,Urban Mobility,Initial Interaction
I0004995,C002900,2024-07-18,Social Media,Callback Request,Urban Mobility,Engaged Prospect
I0002901,C002901,2024-07-29,Website,Initial Visit,Always-on Web,Initial Interaction
I0004997,C002901,2024-08-06,Website,Brochure Download,Always-on Web,Engaged Prospect
I0002902,C002902,2025-06-20,Social Media,Initial Visit,Urban Mobility,Initial Interaction
I0004999,C002902,2025-06-24,Social Media,Configurator,Urban Mobility,Engaged Prospect
I0002903,C002903,2024-11-29,Website,Initial Visit,Always-on Web,Initial Interaction
I0005001,C002903,2024-12-12,Website,Event Registration,Always-on Web,Engaged Prospect
I0002904,C002904,2025-05-25,Website,Initial Visit,Always-on Web,Initial Interaction
I0005003,C002904,2025-06-01,Website,Event Registration,Always-on Web,Engaged Prospect
I0002905,C002905,2025-01-14,Paid Search,Initial Visit,Commercial Intent,Initial Interaction
I0005005,C002905,2025-01-20,Paid Search,Configurator,Commercial Intent,Engaged Prospect
I0002906,C002906,2024-05-23,Referral,Initial Visit,Customer Referral,Initial Interaction
I0005007,C002906,2024-06-05,Referral,Callback Request,Customer Referral,Engaged Prospect
I0002907,C002907,2025-10-25,Social Media,Initial Visit,Urban Mobility,Initial Interaction
I0005009,C002907,2025-11-08,Social Media,Brochure Download,Urban Mobility,Engaged Prospect
I0002908,C002908,2024-11-29,Email,Initial Visit,CRM Nurture,Initial Interaction
I0002909,C002909,2025-08-08,Email,Initial Visit,CRM Nurture,Initial Interaction
I0005012,C002909,2025-08-12,Email,Event Registration,CRM Nurture,Engaged Prospect
I0002910,C002910,2024-03-08,Paid Search,Initial Visit,Commercial Intent,Initial Interaction
I0005014,C002910,2024-03-18,Paid Search,Event Registration,Commercial Intent,Engaged Prospect
I0002911,C002911,2025-08-17,Website,Initial Visit,Always-on Web,Initial Interaction
I0005016,C002911,2025-08-21,Website,Callback Request,Always-on Web,Engaged Prospect
I0002912,C002912,2025-05-16,Website,Initial Visit,Always-on Web,Initial Interaction
I0002913,C002913,2024-06-23,Paid Search,Initial Visit,Commercial Intent,Initial Interaction
I0005019,C002913,2024-06-30,Paid Search,Configurator,Commercial Intent,Engaged Prospect
I0002914,C002914,2025-07-09,Referral,Initial Visit,Customer Referral,Initial Interaction
I0002915,C002915,2025-06-03,Website,Initial Visit,Always-on Web,Initial Interaction
I0005022,C002915,2025-06-08,Website,Brochure Download,Always-on Web,Engaged Prospect
I0002916,C002916,2025-09-17,Email,Initial Visit,CRM Nurture,Initial Interaction
I0005024,C002916,2025-09-26,Email,Event Registration,CRM Nurture,Engaged Prospect
I0002917,C002917,2024-05-26,Dealer Event,Initial Visit,Van Experience Days,Initial Interaction
I0005026,C002917,2024-05-28,Dealer Event,Event Registration,Van Experience Days,Engaged Prospect
I0002918,C002918,2025-09-12,Referral,Initial Visit,Customer Referral,Initial Interaction
I0002919,C002919,2025-06-17,Paid Search,Initial Visit,Commercial Intent,Initial Interaction
I0002920,C002920,2024-08-24,Referral,Initial Visit,Customer Referral,Initial Interaction
I0005030,C002920,2024-08-30,Referral,Brochure Download,Customer Referral,Engaged Prospect
I0002921,C002921,2024-09-02,Social Media,Initial Visit,Urban Mobility,Initial Interaction
I0005032,C002921,2024-09-14,Social Media,Event Registration,Urban Mobility,Engaged Prospect
I0002922,C002922,2024-06-27,Social Media,Initial Visit,Urban Mobility,Initial Interaction
I0005034,C002922,2024-07-07,Social Media,Brochure Download,Urban Mobility,Engaged Prospect
I0002923,C002923,2024-11-29,Dealer Event,Initial Visit,Van Experience Days,Initial Interaction
I0005036,C002923,2024-12-01,Dealer Event,Event Registration,Van Experience Days,Engaged Prospect
I0002924,C002924,2025-09-19,Website,Initial Visit,Always-on Web,Initial Interaction
I0002925,C002925,2025-08-09,Dealer Event,Initial Visit,Van Experience Days,Initial Interaction
I0002926,C002926,2024-04-12,Social Media,Initial Visit,Urban Mobility,Initial Interaction
I0005040,C002926,2024-04-25,Social Media,Brochure Download,Urban Mobility,Engaged Prospect
I0002927,C002927,2024-04-01,Dealer Event,Initial Visit,Van Experience Days,Initial Interaction
I0005042,C002927,2024-04-05,Dealer Event,Event Registration,Van Experience Days,Engaged Prospect
I0002928,C002928,2024-02-11,Dealer Event,Initial Visit,Van Experience Days,Initial Interaction
I0005044,C002928,2024-02-23,Dealer Event,Configurator,Van Experience Days,Engaged Prospect
I0002929,C002929,2025-03-05,Social Media,Initial Visit,Urban Mobility,Initial Interaction
I0002930,C002930,2024-08-07,Website,Initial Visit,Always-on Web,Initial Interaction
I0005047,C002930,2024-08-18,Website,Configurator,Always-on Web,Engaged Prospect
I0002931,C002931,2025-06-16,Paid Search,Initial Visit,Commercial Intent,Initial Interaction
I0005049,C002931,2025-06-18,Paid Search,Brochure Download,Commercial Intent,Engaged Prospect
I0002932,C002932,2025-06-16,Dealer Event,Initial Visit,Van Experience Days,Initial Interaction
I0005051,C002932,2025-06-25,Dealer Event,Brochure Download,Van Experience Days,Engaged Prospect
I0002933,C002933,2024-05-18,Social Media,Initial Visit,Urban Mobility,Initial Interaction
I0005053,C002933,2024-05-24,Social Media,Configurator,Urban Mobility,Engaged Prospect
I0002934,C002934,2025-04-30,Dealer Event,Initial Visit,Van Experience Days,Initial Interaction
I0005055,C002934,2025-05-10,Dealer Event,Brochure Download,Van Experience Days,Engaged Prospect
I0002935,C002935,2025-06-19,Paid Search,Initial Visit,Commercial Intent,Initial Interaction
I0005057,C002935,2025-06-26,Paid Search,Brochure Download,Commercial Intent,Engaged Prospect
I0002936,C002936,2025-11-21,Social Media,Initial Visit,Urban Mobility,Initial Interaction
I0002937,C002937,2025-05-20,Dealer Event,Initial Visit,Van Experience Days,Initial Interaction
I0005060,C002937,2025-05-28,Dealer Event,Brochure Download,Van Experience Days,Engaged Prospect
I0002938,C002938,2024-09-08,Email,Initial Visit,CRM Nurture,Initial Interaction
I0005062,C002938,2024-09-10,Email,Callback Request,CRM Nurture,Engaged Prospect
I0002939,C002939,2025-11-30,Paid Search,Initial Visit,Commercial Intent,Initial Interaction
I0005064,C002939,2025-12-10,Paid Search,Configurator,Commercial Intent,Engaged Prospect
I0002940,C002940,2024-07-12,Website,Initial Visit,Always-on Web,Initial Interaction
I0005066,C002940,2024-07-26,Website,Event Registration,Always-on Web,Engaged Prospect
I0002941,C002941,2025-07-17,Dealer Event,Initial Visit,Van Experience Days,Initial Interaction
I0002942,C002942,2024-09-21,Dealer Event,Initial Visit,Van Experience Days,Initial Interaction
I0002943,C002943,2025-10-16,Paid Search,Initial Visit,Commercial Intent,Initial Interaction
I0002944,C002944,2025-07-01,Social Media,Initial Visit,Urban Mobility,Initial Interaction
I0002945,C002945,2025-02-23,Website,Initial Visit,Always-on Web,Initial Interaction
I0005072,C002945,2025-03-05,Website,Event Registration,Always-on Web,Engaged Prospect
I0002946,C002946,2024-05-30,Paid Search,Initial Visit,Commercial Intent,Initial Interaction
I0005074,C002946,2024-06-09,Paid Search,Configurator,Commercial Intent,Engaged Prospect
I0002947,C002947,2024-05-11,Website,Initial Visit,Always-on Web,Initial Interaction
I0005076,C002947,2024-05-24,Website,Brochure Download,Always-on Web,Engaged Prospect
I0002948,C002948,2025-10-25,Website,Initial Visit,Always-on Web,Initial Interaction
I0005078,C002948,2025-10-30,Website,Callback Request,Always-on Web,Engaged Prospect
I0002949,C002949,2025-07-15,Dealer Event,Initial Visit,Van Experience Days,Initial Interaction
I0005080,C002949,2025-07-24,Dealer Event,Brochure Download,Van Experience Days,Engaged Prospect
I0002950,C002950,2024-12-24,Paid Search,Initial Visit,Commercial Intent,Initial Interaction
I0002951,C002951,2025-09-06,Dealer Event,Initial Visit,Van Experience Days,Initial Interaction
I0005083,C002951,2025-09-10,Dealer Event,Event Registration,Van Experience Days,Engaged Prospect
I0002952,C002952,2025-07-02,Paid Search,Initial Visit,Commercial Intent,Initial Interaction
I0005085,C002952,2025-07-06,Paid Search,Brochure Download,Commercial Intent,Engaged Prospect
I0002953,C002953,2024-09-28,Website,Initial Visit,Always-on Web,Initial Interaction
I0005087,C002953,2024-10-03,Website,Configurator,Always-on Web,Engaged Prospect
I0002954,C002954,2025-08-02,Paid Search,Initial Visit,Commercial Intent,Initial Interaction
I0005089,C002954,2025-08-14,Paid Search,Brochure Download,Commercial Intent,Engaged Prospect
I0002955,C002955,2025-07-11,Website,Initial Visit,Always-on Web,Initial Interaction
I0005091,C002955,2025-07-23,Website,Event Registration,Always-on Web,Engaged Prospect
I0002956,C002956,2024-12-01,Email,Initial Visit,CRM Nurture,Initial Interaction
I0002957,C002957,2024-01-14,Referral,Initial Visit,Customer Referral,Initial Interaction
I0002958,C002958,2025-06-02,Email,Initial Visit,CRM Nurture,Initial Interaction
I0005095,C002958,2025-06-09,Email,Callback Request,CRM Nurture,Engaged Prospect
I0002959,C002959,2024-08-25,Dealer Event,Initial Visit,Van Experience Days,Initial Interaction
I0005097,C002959,2024-09-07,Dealer Event,Brochure Download,Van Experience Days,Engaged Prospect
I0002960,C002960,2024-09-12,Dealer Event,Initial Visit,Van Experience Days,Initial Interaction
I0002961,C002961,2025-05-14,Dealer Event,Initial Visit,Van Experience Days,Initial Interaction
I0005100,C002961,2025-05-16,Dealer Event,Configurator,Van Experience Days,Engaged Prospect
I0002962,C002962,2025-07-21,Social Media,Initial Visit,Urban Mobility,Initial Interaction
I0002963,C002963,2024-03-02,Email,Initial Visit,CRM Nurture,Initial Interaction
I0005103,C002963,2024-03-09,Email,Brochure Download,CRM Nurture,Engaged Prospect
I0002964,C002964,2025-07-30,Paid Search,Initial Visit,Commercial Intent,Initial Interaction
I0005105,C002964,2025-08-01,Paid Search,Event Registration,Commercial Intent,Engaged Prospect
I0002965,C002965,2024-07-24,Website,Initial Visit,Always-on Web,Initial Interaction
I0005107,C002965,2024-07-29,Website,Brochure Download,Always-on Web,Engaged Prospect
I0002966,C002966,2025-01-31,Email,Initial Visit,CRM Nurture,Initial Interaction
I0002967,C002967,2025-08-30,Email,Initial Visit,CRM Nurture,Initial Interaction
I0002968,C002968,2024-06-01,Website,Initial Visit,Always-on Web,Initial Interaction
I0005111,C002968,2024-06-12,Website,Callback Request,Always-on Web,Engaged Prospect
I0002969,C002969,2024-06-03,Referral,Initial Visit,Customer Referral,Initial Interaction
I0002970,C002970,2025-11-10,Website,Initial Visit,Always-on Web,Initial Interaction
I0005114,C002970,2025-11-13,Website,Brochure Download,Always-on Web,Engaged Prospect
I0002971,C002971,2024-09-18,Email,Initial Visit,CRM Nurture,Initial Interaction
I0002972,C002972,2025-10-24,Referral,Initial Visit,Customer Referral,Initial Interaction
I0005117,C002972,2025-11-05,Referral,Callback Request,Customer Referral,Engaged Prospect
I0002973,C002973,2024-09-07,Paid Search,Initial Visit,Commercial Intent,Initial Interaction
I0005119,C002973,2024-09-19,Paid Search,Callback Request,Commercial Intent,Engaged Prospect
I0002974,C002974,2025-03-09,Referral,Initial Visit,Customer Referral,Initial Interaction
I0005121,C002974,2025-03-12,Referral,Event Registration,Customer Referral,Engaged Prospect
I0002975,C002975,2024-12-23,Dealer Event,Initial Visit,Van Experience Days,Initial Interaction
I0005123,C002975,2024-12-31,Dealer Event,Event Registration,Van Experience Days,Engaged Prospect
I0002976,C002976,2025-11-19,Email,Initial Visit,CRM Nurture,Initial Interaction
I0002977,C002977,2025-01-20,Referral,Initial Visit,Customer Referral,Initial Interaction
I0002978,C002978,2024-12-17,Email,Initial Visit,CRM Nurture,Initial Interaction
I0002979,C002979,2024-11-22,Social Media,Initial Visit,Urban Mobility,Initial Interaction
I0005128,C002979,2024-12-06,Social Media,Event Registration,Urban Mobility,Engaged Prospect
I0002980,C002980,2024-09-19,Email,Initial Visit,CRM Nurture,Initial Interaction
I0002981,C002981,2024-11-04,Paid Search,Initial Visit,Commercial Intent,Initial Interaction
I0002982,C002982,2024-11-18,Paid Search,Initial Visit,Commercial Intent,Initial Interaction
I0002983,C002983,2025-06-18,Website,Initial Visit,Always-on Web,Initial Interaction
I0005133,C002983,2025-06-26,Website,Callback Request,Always-on Web,Engaged Prospect
I0002984,C002984,2024-02-02,Paid Search,Initial Visit,Commercial Intent,Initial Interaction
I0002985,C002985,2024-12-16,Dealer Event,Initial Visit,Van Experience Days,Initial Interaction
I0005136,C002985,2024-12-29,Dealer Event,Configurator,Van Experience Days,Engaged Prospect
I0002986,C002986,2025-01-19,Referral,Initial Visit,Customer Referral,Initial Interaction
I0005138,C002986,2025-01-24,Referral,Callback Request,Customer Referral,Engaged Prospect
I0002987,C002987,2025-06-11,Referral,Initial Visit,Customer Referral,Initial Interaction
I0005140,C002987,2025-06-13,Referral,Configurator,Customer Referral,Engaged Prospect
I0002988,C002988,2025-04-11,Website,Initial Visit,Always-on Web,Initial Interaction
I0002989,C002989,2024-10-29,Social Media,Initial Visit,Urban Mobility,Initial Interaction
I0005143,C002989,2024-11-01,Social Media,Callback Request,Urban Mobility,Engaged Prospect
I0002990,C002990,2024-03-17,Social Media,Initial Visit,Urban Mobility,Initial Interaction
I0005145,C002990,2024-03-31,Social Media,Brochure Download,Urban Mobility,Engaged Prospect
I0002991,C002991,2024-09-17,Website,Initial Visit,Always-on Web,Initial Interaction
I0005147,C002991,2024-09-29,Website,Callback Request,Always-on Web,Engaged Prospect
I0002992,C002992,2024-06-27,Social Media,Initial Visit,Urban Mobility,Initial Interaction
I0002993,C002993,2024-05-22,Paid Search,Initial Visit,Commercial Intent,Initial Interaction
I0005150,C002993,2024-05-23,Paid Search,Brochure Download,Commercial Intent,Engaged Prospect
I0002994,C002994,2025-05-19,Referral,Initial Visit,Customer Referral,Initial Interaction
I0002995,C002995,2024-11-30,Website,Initial Visit,Always-on Web,Initial Interaction
I0005153,C002995,2024-12-01,Website,Event Registration,Always-on Web,Engaged Prospect
I0002996,C002996,2025-07-09,Dealer Event,Initial Visit,Van Experience Days,Initial Interaction
I0005155,C002996,2025-07-21,Dealer Event,Configurator,Van Experience Days,Engaged Prospect
I0002997,C002997,2024-04-06,Dealer Event,Initial Visit,Van Experience Days,Initial Interaction
I0002998,C002998,2025-11-21,Email,Initial Visit,CRM Nurture,Initial Interaction
I0005158,C002998,2025-12-04,Email,Callback Request,CRM Nurture,Engaged Prospect
I0002999,C002999,2024-11-27,Website,Initial Visit,Always-on Web,Initial Interaction
I0003000,C003000,2024-06-26,Website,Initial Visit,Always-on Web,Initial Interaction
I0005161,C003000,2024-07-05,Website,Brochure Download,Always-on Web,Engaged Prospect
I0003001,C003001,2024-09-11,Referral,Initial Visit,Customer Referral,Initial Interaction
I0005163,C003001,2024-09-24,Referral,Configurator,Customer Referral,Engaged Prospect
I0003002,C003002,2025-08-12,Website,Initial Visit,Always-on Web,Initial Interaction
I0005165,C003002,2025-08-22,Website,Brochure Download,Always-on Web,Engaged Prospect
I0003003,C003003,2025-05-11,Website,Initial Visit,Always-on Web,Initial Interaction
I0005167,C003003,2025-05-13,Website,Event Registration,Always-on Web,Engaged Prospect
I0003004,C003004,2024-04-30,Referral,Initial Visit,Customer Referral,Initial Interaction
I0005169,C003004,2024-05-06,Referral,Configurator,Customer Referral,Engaged Prospect
I0003005,C003005,2025-11-24,Dealer Event,Initial Visit,Van Experience Days,Initial Interaction
I0003006,C003006,2024-04-01,Email,Initial Visit,CRM Nurture,Initial Interaction
I0005172,C003006,2024-04-15,Email,Callback Request,CRM Nurture,Engaged Prospect
I0003007,C003007,2024-07-11,Website,Initial Visit,Always-on Web,Initial Interaction
I0005174,C003007,2024-07-23,Website,Event Registration,Always-on Web,Engaged Prospect
I0003008,C003008,2025-05-25,Paid Search,Initial Visit,Commercial Intent,Initial Interaction
I0005176,C003008,2025-05-29,Paid Search,Callback Request,Commercial Intent,Engaged Prospect
I0003009,C003009,2025-01-05,Dealer Event,Initial Visit,Van Experience Days,Initial Interaction
I0003010,C003010,2024-11-08,Paid Search,Initial Visit,Commercial Intent,Initial Interaction
I0003011,C003011,2025-10-10,Website,Initial Visit,Always-on Web,Initial Interaction
I0005180,C003011,2025-10-22,Website,Callback Request,Always-on Web,Engaged Prospect
I0003012,C003012,2025-07-09,Website,Initial Visit,Always-on Web,Initial Interaction
I0003013,C003013,2025-11-04,Social Media,Initial Visit,Urban Mobility,Initial Interaction
I0005183,C003013,2025-11-08,Social Media,Configurator,Urban Mobility,Engaged Prospect
I0003014,C003014,2024-07-16,Paid Search,Initial Visit,Commercial Intent,Initial Interaction
I0005185,C003014,2024-07-25,Paid Search,Configurator,Commercial Intent,Engaged Prospect
I0003015,C003015,2025-08-18,Dealer Event,Initial Visit,Van Experience Days,Initial Interaction
I0005187,C003015,2025-08-25,Dealer Event,Callback Request,Van Experience Days,Engaged Prospect
I0003016,C003016,2024-05-29,Paid Search,Initial Visit,Commercial Intent,Initial Interaction
I0005189,C003016,2024-06-01,Paid Search,Event Registration,Commercial Intent,Engaged Prospect
I0003017,C003017,2025-07-18,Website,Initial Visit,Always-on Web,Initial Interaction
I0005191,C003017,2025-07-22,Website,Callback Request,Always-on Web,Engaged Prospect
I0003018,C003018,2025-01-19,Referral,Initial Visit,Customer Referral,Initial Interaction
I0005193,C003018,2025-01-25,Referral,Callback Request,Customer Referral,Engaged Prospect
I0003019,C003019,2025-02-22,Referral,Initial Visit,Customer Referral,Initial Interaction
I0005195,C003019,2025-03-03,Referral,Event Registration,Customer Referral,Engaged Prospect
I0003020,C003020,2024-03-21,Email,Initial Visit,CRM Nurture,Initial Interaction
I0005197,C003020,2024-04-04,Email,Configurator,CRM Nurture,Engaged Prospect
I0003021,C003021,2025-09-07,Referral,Initial Visit,Customer Referral,Initial Interaction
I0005199,C003021,2025-09-10,Referral,Configurator,Customer Referral,Engaged Prospect
I0003022,C003022,2024-07-14,Website,Initial Visit,Always-on Web,Initial Interaction
I0003023,C003023,2025-02-22,Paid Search,Initial Visit,Commercial Intent,Initial Interaction
I0003024,C003024,2024-04-26,Website,Initial Visit,Always-on Web,Initial Interaction
I0005203,C003024,2024-05-01,Website,Configurator,Always-on Web,Engaged Prospect
I0003025,C003025,2025-10-10,Paid Search,Initial Visit,Commercial Intent,Initial Interaction
I0003026,C003026,2024-08-12,Dealer Event,Initial Visit,Van Experience Days,Initial Interaction
I0005206,C003026,2024-08-13,Dealer Event,Event Registration,Van Experience Days,Engaged Prospect
I0003027,C003027,2025-06-17,Dealer Event,Initial Visit,Van Experience Days,Initial Interaction
I0005208,C003027,2025-06-19,Dealer Event,Event Registration,Van Experience Days,Engaged Prospect
I0003028,C003028,2025-06-19,Website,Initial Visit,Always-on Web,Initial Interaction
I0005210,C003028,2025-06-29,Website,Configurator,Always-on Web,Engaged Prospect
I0003029,C003029,2025-01-20,Paid Search,Initial Visit,Commercial Intent,Initial Interaction
I0003030,C003030,2024-03-25,Referral,Initial Visit,Customer Referral,Initial Interaction
I0005213,C003030,2024-03-30,Referral,Callback Request,Customer Referral,Engaged Prospect
I0003031,C003031,2024-07-14,Social Media,Initial Visit,Urban Mobility,Initial Interaction
I0005215,C003031,2024-07-19,Social Media,Event Registration,Urban Mobility,Engaged Prospect
I0003032,C003032,2025-03-04,Paid Search,Initial Visit,Commercial Intent,Initial Interaction
I0005217,C003032,2025-03-13,Paid Search,Event Registration,Commercial Intent,Engaged Prospect
I0003033,C003033,2025-01-10,Paid Search,Initial Visit,Commercial Intent,Initial Interaction
I0005219,C003033,2025-01-19,Paid Search,Callback Request,Commercial Intent,Engaged Prospect
I0003034,C003034,2025-02-13,Paid Search,Initial Visit,Commercial Intent,Initial Interaction
I0005221,C003034,2025-02-16,Paid Search,Configurator,Commercial Intent,Engaged Prospect
I0003035,C003035,2024-06-23,Paid Search,Initial Visit,Commercial Intent,Initial Interaction
I0003036,C003036,2025-01-11,Paid Search,Initial Visit,Commercial Intent,Initial Interaction
I0005224,C003036,2025-01-24,Paid Search,Configurator,Commercial Intent,Engaged Prospect
I0003037,C003037,2024-02-29,Social Media,Initial Visit,Urban Mobility,Initial Interaction
I0005226,C003037,2024-03-11,Social Media,Configurator,Urban Mobility,Engaged Prospect
I0003038,C003038,2024-12-04,Paid Search,Initial Visit,Commercial Intent,Initial Interaction
I0005228,C003038,2024-12-17,Paid Search,Event Registration,Commercial Intent,Engaged Prospect
I0003039,C003039,2024-03-04,Social Media,Initial Visit,Urban Mobility,Initial Interaction
I0005230,C003039,2024-03-05,Social Media,Event Registration,Urban Mobility,Engaged Prospect
I0003040,C003040,2025-04-09,Website,Initial Visit,Always-on Web,Initial Interaction
I0003041,C003041,2025-01-31,Website,Initial Visit,Always-on Web,Initial Interaction
I0003042,C003042,2025-08-19,Paid Search,Initial Visit,Commercial Intent,Initial Interaction
I0005234,C003042,2025-08-23,Paid Search,Brochure Download,Commercial Intent,Engaged Prospect
I0003043,C003043,2024-11-19,Dealer Event,Initial Visit,Van Experience Days,Initial Interaction
I0005236,C003043,2024-12-01,Dealer Event,Configurator,Van Experience Days,Engaged Prospect
I0003044,C003044,2024-04-23,Dealer Event,Initial Visit,Van Experience Days,Initial Interaction
I0005238,C003044,2024-05-03,Dealer Event,Configurator,Van Experience Days,Engaged Prospect
I0003045,C003045,2024-06-13,Website,Initial Visit,Always-on Web,Initial Interaction
I0005240,C003045,2024-06-21,Website,Event Registration,Always-on Web,Engaged Prospect
I0003046,C003046,2025-07-23,Social Media,Initial Visit,Urban Mobility,Initial Interaction
I0003047,C003047,2025-11-01,Social Media,Initial Visit,Urban Mobility,Initial Interaction
I0005243,C003047,2025-11-05,Social Media,Event Registration,Urban Mobility,Engaged Prospect
I0003048,C003048,2024-02-13,Paid Search,Initial Visit,Commercial Intent,Initial Interaction
I0003049,C003049,2025-04-18,Email,Initial Visit,CRM Nurture,Initial Interaction
I0005246,C003049,2025-05-02,Email,Configurator,CRM Nurture,Engaged Prospect
I0003050,C003050,2024-12-03,Referral,Initial Visit,Customer Referral,Initial Interaction
I0005248,C003050,2024-12-07,Referral,Brochure Download,Customer Referral,Engaged Prospect
I0003051,C003051,2024-06-29,Website,Initial Visit,Always-on Web,Initial Interaction
I0003052,C003052,2024-12-24,Social Media,Initial Visit,Urban Mobility,Initial Interaction
I0005251,C003052,2024-12-27,Social Media,Event Registration,Urban Mobility,Engaged Prospect
I0003053,C003053,2025-10-17,Social Media,Initial Visit,Urban Mobility,Initial Interaction
I0005253,C003053,2025-10-24,Social Media,Callback Request,Urban Mobility,Engaged Prospect
I0003054,C003054,2024-05-18,Social Media,Initial Visit,Urban Mobility,Initial Interaction
I0005255,C003054,2024-05-23,Social Media,Callback Request,Urban Mobility,Engaged Prospect
I0003055,C003055,2025-08-08,Website,Initial Visit,Always-on Web,Initial Interaction
I0003056,C003056,2024-03-03,Social Media,Initial Visit,Urban Mobility,Initial Interaction
I0005258,C003056,2024-03-13,Social Media,Brochure Download,Urban Mobility,Engaged Prospect
I0003057,C003057,2025-05-19,Website,Initial Visit,Always-on Web,Initial Interaction
I0005260,C003057,2025-05-21,Website,Event Registration,Always-on Web,Engaged Prospect
I0003058,C003058,2024-02-22,Email,Initial Visit,CRM Nurture,Initial Interaction
I0003059,C003059,2024-02-12,Email,Initial Visit,CRM Nurture,Initial Interaction
I0005263,C003059,2024-02-22,Email,Configurator,CRM Nurture,Engaged Prospect
I0003060,C003060,2024-01-27,Paid Search,Initial Visit,Commercial Intent,Initial Interaction
I0003061,C003061,2025-07-17,Referral,Initial Visit,Customer Referral,Initial Interaction
I0005266,C003061,2025-07-18,Referral,Callback Request,Customer Referral,Engaged Prospect
I0003062,C003062,2025-02-05,Dealer Event,Initial Visit,Van Experience Days,Initial Interaction
I0005268,C003062,2025-02-19,Dealer Event,Configurator,Van Experience Days,Engaged Prospect
I0003063,C003063,2025-04-28,Social Media,Initial Visit,Urban Mobility,Initial Interaction
I0003064,C003064,2024-04-18,Referral,Initial Visit,Customer Referral,Initial Interaction
I0005271,C003064,2024-04-22,Referral,Configurator,Customer Referral,Engaged Prospect
I0003065,C003065,2025-10-07,Dealer Event,Initial Visit,Van Experience Days,Initial Interaction
I0005273,C003065,2025-10-11,Dealer Event,Callback Request,Van Experience Days,Engaged Prospect
I0003066,C003066,2025-07-20,Website,Initial Visit,Always-on Web,Initial Interaction
I0003067,C003067,2024-12-08,Social Media,Initial Visit,Urban Mobility,Initial Interaction
I0003068,C003068,2025-09-21,Social Media,Initial Visit,Urban Mobility,Initial Interaction
I0003069,C003069,2024-04-10,Email,Initial Visit,CRM Nurture,Initial Interaction
I0005278,C003069,2024-04-14,Email,Configurator,CRM Nurture,Engaged Prospect
I0003070,C003070,2024-07-23,Referral,Initial Visit,Customer Referral,Initial Interaction
I0005280,C003070,2024-08-03,Referral,Event Registration,Customer Referral,Engaged Prospect
I0003071,C003071,2024-02-03,Social Media,Initial Visit,Urban Mobility,Initial Interaction
I0003072,C003072,2024-04-25,Website,Initial Visit,Always-on Web,Initial Interaction
I0005283,C003072,2024-05-07,Website,Configurator,Always-on Web,Engaged Prospect
I0003073,C003073,2025-08-12,Paid Search,Initial Visit,Commercial Intent,Initial Interaction
I0005285,C003073,2025-08-26,Paid Search,Event Registration,Commercial Intent,Engaged Prospect
I0003074,C003074,2024-10-13,Dealer Event,Initial Visit,Van Experience Days,Initial Interaction
I0003075,C003075,2025-03-27,Paid Search,Initial Visit,Commercial Intent,Initial Interaction
I0005288,C003075,2025-04-03,Paid Search,Configurator,Commercial Intent,Engaged Prospect
I0003076,C003076,2025-09-09,Website,Initial Visit,Always-on Web,Initial Interaction
I0003077,C003077,2025-06-18,Paid Search,Initial Visit,Commercial Intent,Initial Interaction
I0005291,C003077,2025-06-30,Paid Search,Configurator,Commercial Intent,Engaged Prospect
I0003078,C003078,2024-10-06,Email,Initial Visit,CRM Nurture,Initial Interaction
I0005293,C003078,2024-10-17,Email,Brochure Download,CRM Nurture,Engaged Prospect
I0003079,C003079,2024-08-31,Website,Initial Visit,Always-on Web,Initial Interaction
I0005295,C003079,2024-09-02,Website,Brochure Download,Always-on Web,Engaged Prospect
I0003080,C003080,2024-03-16,Paid Search,Initial Visit,Commercial Intent,Initial Interaction
I0003081,C003081,2025-08-03,Website,Initial Visit,Always-on Web,Initial Interaction
I0003082,C003082,2025-11-20,Paid Search,Initial Visit,Commercial Intent,Initial Interaction
I0005299,C003082,2025-11-21,Paid Search,Configurator,Commercial Intent,Engaged Prospect
I0003083,C003083,2024-12-16,Website,Initial Visit,Always-on Web,Initial Interaction
I0005301,C003083,2024-12-27,Website,Brochure Download,Always-on Web,Engaged Prospect
I0003084,C003084,2024-12-15,Website,Initial Visit,Always-on Web,Initial Interaction
I0005303,C003084,2024-12-24,Website,Callback Request,Always-on Web,Engaged Prospect
I0003085,C003085,2025-08-16,Email,Initial Visit,CRM Nurture,Initial Interaction
I0005305,C003085,2025-08-26,Email,Event Registration,CRM Nurture,Engaged Prospect
I0003086,C003086,2024-08-27,Website,Initial Visit,Always-on Web,Initial Interaction
I0003087,C003087,2024-10-11,Website,Initial Visit,Always-on Web,Initial Interaction
I0003088,C003088,2025-09-17,Social Media,Initial Visit,Urban Mobility,Initial Interaction
I0003089,C003089,2024-09-22,Website,Initial Visit,Always-on Web,Initial Interaction
I0005310,C003089,2024-10-03,Website,Callback Request,Always-on Web,Engaged Prospect
I0003090,C003090,2025-10-11,Website,Initial Visit,Always-on Web,Initial Interaction
I0005312,C003090,2025-10-23,Website,Brochure Download,Always-on Web,Engaged Prospect
I0003091,C003091,2024-04-22,Paid Search,Initial Visit,Commercial Intent,Initial Interaction
I0005314,C003091,2024-04-30,Paid Search,Configurator,Commercial Intent,Engaged Prospect
I0003092,C003092,2024-12-13,Paid Search,Initial Visit,Commercial Intent,Initial Interaction
I0003093,C003093,2024-12-08,Social Media,Initial Visit,Urban Mobility,Initial Interaction
I0005317,C003093,2024-12-16,Social Media,Callback Request,Urban Mobility,Engaged Prospect
I0003094,C003094,2024-08-02,Referral,Initial Visit,Customer Referral,Initial Interaction
I0005319,C003094,2024-08-08,Referral,Configurator,Customer Referral,Engaged Prospect
I0003095,C003095,2025-11-05,Paid Search,Initial Visit,Commercial Intent,Initial Interaction
I0003096,C003096,2024-12-03,Social Media,Initial Visit,Urban Mobility,Initial Interaction
I0003097,C003097,2025-09-07,Referral,Initial Visit,Customer Referral,Initial Interaction
I0003098,C003098,2024-06-02,Paid Search,Initial Visit,Commercial Intent,Initial Interaction
I0003099,C003099,2024-09-01,Dealer Event,Initial Visit,Van Experience Days,Initial Interaction
I0005325,C003099,2024-09-03,Dealer Event,Brochure Download,Van Experience Days,Engaged Prospect
I0003100,C003100,2024-11-30,Social Media,Initial Visit,Urban Mobility,Initial Interaction
I0005327,C003100,2024-12-07,Social Media,Event Registration,Urban Mobility,Engaged Prospect
I0003101,C003101,2025-01-29,Social Media,Initial Visit,Urban Mobility,Initial Interaction
I0005329,C003101,2025-02-05,Social Media,Callback Request,Urban Mobility,Engaged Prospect
I0003102,C003102,2024-06-09,Referral,Initial Visit,Customer Referral,Initial Interaction
I0005331,C003102,2024-06-22,Referral,Callback Request,Customer Referral,Engaged Prospect
I0003103,C003103,2024-08-07,Website,Initial Visit,Always-on Web,Initial Interaction
I0005333,C003103,2024-08-16,Website,Callback Request,Always-on Web,Engaged Prospect
I0003104,C003104,2025-03-11,Referral,Initial Visit,Customer Referral,Initial Interaction
I0005335,C003104,2025-03-19,Referral,Configurator,Customer Referral,Engaged Prospect
I0003105,C003105,2024-07-13,Social Media,Initial Visit,Urban Mobility,Initial Interaction
I0005337,C003105,2024-07-25,Social Media,Callback Request,Urban Mobility,Engaged Prospect
I0003106,C003106,2025-06-15,Social Media,Initial Visit,Urban Mobility,Initial Interaction
I0005339,C003106,2025-06-17,Social Media,Callback Request,Urban Mobility,Engaged Prospect
I0003107,C003107,2024-11-29,Paid Search,Initial Visit,Commercial Intent,Initial Interaction
I0003108,C003108,2025-11-09,Website,Initial Visit,Always-on Web,Initial Interaction
I0003109,C003109,2024-06-15,Website,Initial Visit,Always-on Web,Initial Interaction
I0005343,C003109,2024-06-21,Website,Brochure Download,Always-on Web,Engaged Prospect
I0003110,C003110,2025-08-12,Referral,Initial Visit,Customer Referral,Initial Interaction
I0005345,C003110,2025-08-22,Referral,Callback Request,Customer Referral,Engaged Prospect
I0003111,C003111,2024-12-09,Social Media,Initial Visit,Urban Mobility,Initial Interaction
I0005347,C003111,2024-12-18,Social Media,Brochure Download,Urban Mobility,Engaged Prospect
I0003112,C003112,2024-03-01,Dealer Event,Initial Visit,Van Experience Days,Initial Interaction
I0005349,C003112,2024-03-04,Dealer Event,Configurator,Van Experience Days,Engaged Prospect
I0003113,C003113,2025-05-08,Paid Search,Initial Visit,Commercial Intent,Initial Interaction
I0003114,C003114,2024-05-28,Website,Initial Visit,Always-on Web,Initial Interaction
I0003115,C003115,2024-04-06,Paid Search,Initial Visit,Commercial Intent,Initial Interaction
I0005353,C003115,2024-04-11,Paid Search,Configurator,Commercial Intent,Engaged Prospect
I0003116,C003116,2025-01-07,Website,Initial Visit,Always-on Web,Initial Interaction
I0005355,C003116,2025-01-11,Website,Event Registration,Always-on Web,Engaged Prospect
I0003117,C003117,2025-07-04,Social Media,Initial Visit,Urban Mobility,Initial Interaction
I0003118,C003118,2024-06-29,Referral,Initial Visit,Customer Referral,Initial Interaction
I0005358,C003118,2024-07-06,Referral,Brochure Download,Customer Referral,Engaged Prospect
I0003119,C003119,2025-03-12,Dealer Event,Initial Visit,Van Experience Days,Initial Interaction
I0005360,C003119,2025-03-14,Dealer Event,Brochure Download,Van Experience Days,Engaged Prospect
I0003120,C003120,2024-01-11,Social Media,Initial Visit,Urban Mobility,Initial Interaction
I0005362,C003120,2024-01-23,Social Media,Event Registration,Urban Mobility,Engaged Prospect
I0003121,C003121,2024-05-09,Paid Search,Initial Visit,Commercial Intent,Initial Interaction
I0005364,C003121,2024-05-12,Paid Search,Callback Request,Commercial Intent,Engaged Prospect
I0003122,C003122,2025-06-12,Social Media,Initial Visit,Urban Mobility,Initial Interaction
I0003123,C003123,2024-01-10,Social Media,Initial Visit,Urban Mobility,Initial Interaction
I0005367,C003123,2024-01-14,Social Media,Brochure Download,Urban Mobility,Engaged Prospect
I0003124,C003124,2024-09-07,Email,Initial Visit,CRM Nurture,Initial Interaction
I0005369,C003124,2024-09-14,Email,Callback Request,CRM Nurture,Engaged Prospect
I0003125,C003125,2024-12-21,Social Media,Initial Visit,Urban Mobility,Initial Interaction
I0005371,C003125,2024-12-25,Social Media,Event Registration,Urban Mobility,Engaged Prospect
I0003126,C003126,2024-02-16,Website,Initial Visit,Always-on Web,Initial Interaction
I0005373,C003126,2024-02-19,Website,Callback Request,Always-on Web,Engaged Prospect
I0003127,C003127,2025-11-15,Website,Initial Visit,Always-on Web,Initial Interaction
I0003128,C003128,2024-12-22,Referral,Initial Visit,Customer Referral,Initial Interaction
I0005376,C003128,2024-12-27,Referral,Event Registration,Customer Referral,Engaged Prospect
I0003129,C003129,2024-08-25,Email,Initial Visit,CRM Nurture,Initial Interaction
I0005378,C003129,2024-08-28,Email,Event Registration,CRM Nurture,Engaged Prospect
I0003130,C003130,2025-11-15,Referral,Initial Visit,Customer Referral,Initial Interaction
I0005380,C003130,2025-11-24,Referral,Event Registration,Customer Referral,Engaged Prospect
I0003131,C003131,2025-01-25,Paid Search,Initial Visit,Commercial Intent,Initial Interaction
I0005382,C003131,2025-01-30,Paid Search,Brochure Download,Commercial Intent,Engaged Prospect
I0003132,C003132,2025-04-19,Social Media,Initial Visit,Urban Mobility,Initial Interaction
I0005384,C003132,2025-04-28,Social Media,Brochure Download,Urban Mobility,Engaged Prospect
I0003133,C003133,2024-03-04,Paid Search,Initial Visit,Commercial Intent,Initial Interaction
I0005386,C003133,2024-03-18,Paid Search,Configurator,Commercial Intent,Engaged Prospect
I0003134,C003134,2024-04-21,Referral,Initial Visit,Customer Referral,Initial Interaction
I0005388,C003134,2024-05-01,Referral,Callback Request,Customer Referral,Engaged Prospect
I0003135,C003135,2024-02-01,Paid Search,Initial Visit,Commercial Intent,Initial Interaction
I0005390,C003135,2024-02-15,Paid Search,Callback Request,Commercial Intent,Engaged Prospect
I0003136,C003136,2024-12-26,Email,Initial Visit,CRM Nurture,Initial Interaction
I0005392,C003136,2024-12-30,Email,Configurator,CRM Nurture,Engaged Prospect
I0003137,C003137,2025-08-08,Website,Initial Visit,Always-on Web,Initial Interaction
I0005394,C003137,2025-08-16,Website,Brochure Download,Always-on Web,Engaged Prospect
I0003138,C003138,2025-09-23,Website,Initial Visit,Always-on Web,Initial Interaction
I0005396,C003138,2025-10-06,Website,Configurator,Always-on Web,Engaged Prospect
I0003139,C003139,2025-02-06,Website,Initial Visit,Always-on Web,Initial Interaction
I0003140,C003140,2024-02-07,Social Media,Initial Visit,Urban Mobility,Initial Interaction
I0005399,C003140,2024-02-12,Social Media,Event Registration,Urban Mobility,Engaged Prospect
I0003141,C003141,2025-03-14,Dealer Event,Initial Visit,Van Experience Days,Initial Interaction
I0003142,C003142,2025-03-22,Referral,Initial Visit,Customer Referral,Initial Interaction
I0003143,C003143,2025-02-21,Social Media,Initial Visit,Urban Mobility,Initial Interaction
I0005403,C003143,2025-02-24,Social Media,Event Registration,Urban Mobility,Engaged Prospect
I0003144,C003144,2025-05-19,Social Media,Initial Visit,Urban Mobility,Initial Interaction
I0003145,C003145,2025-01-25,Dealer Event,Initial Visit,Van Experience Days,Initial Interaction
I0003146,C003146,2025-05-07,Website,Initial Visit,Always-on Web,Initial Interaction
I0005407,C003146,2025-05-21,Website,Callback Request,Always-on Web,Engaged Prospect
I0003147,C003147,2024-12-06,Dealer Event,Initial Visit,Van Experience Days,Initial Interaction
I0005409,C003147,2024-12-13,Dealer Event,Brochure Download,Van Experience Days,Engaged Prospect
I0003148,C003148,2024-04-15,Email,Initial Visit,CRM Nurture,Initial Interaction
I0005411,C003148,2024-04-18,Email,Event Registration,CRM Nurture,Engaged Prospect
I0003149,C003149,2024-02-25,Social Media,Initial Visit,Urban Mobility,Initial Interaction
I0003150,C003150,2025-09-27,Website,Initial Visit,Always-on Web,Initial Interaction
I0003151,C003151,2024-11-04,Website,Initial Visit,Always-on Web,Initial Interaction
I0003152,C003152,2024-08-13,Paid Search,Initial Visit,Commercial Intent,Initial Interaction
I0005416,C003152,2024-08-27,Paid Search,Brochure Download,Commercial Intent,Engaged Prospect
I0003153,C003153,2024-07-24,Referral,Initial Visit,Customer Referral,Initial Interaction
I0005418,C003153,2024-08-02,Referral,Configurator,Customer Referral,Engaged Prospect
I0003154,C003154,2024-02-06,Social Media,Initial Visit,Urban Mobility,Initial Interaction
I0005420,C003154,2024-02-09,Social Media,Configurator,Urban Mobility,Engaged Prospect
I0003155,C003155,2025-10-23,Social Media,Initial Visit,Urban Mobility,Initial Interaction
I0005422,C003155,2025-11-04,Social Media,Brochure Download,Urban Mobility,Engaged Prospect
I0003156,C003156,2024-02-28,Paid Search,Initial Visit,Commercial Intent,Initial Interaction
I0005424,C003156,2024-03-09,Paid Search,Callback Request,Commercial Intent,Engaged Prospect
I0003157,C003157,2024-06-02,Dealer Event,Initial Visit,Van Experience Days,Initial Interaction
I0005426,C003157,2024-06-15,Dealer Event,Configurator,Van Experience Days,Engaged Prospect
I0003158,C003158,2024-11-16,Paid Search,Initial Visit,Commercial Intent,Initial Interaction
I0005428,C003158,2024-11-22,Paid Search,Configurator,Commercial Intent,Engaged Prospect
I0003159,C003159,2024-09-07,Website,Initial Visit,Always-on Web,Initial Interaction
I0003160,C003160,2024-01-28,Email,Initial Visit,CRM Nurture,Initial Interaction
I0005431,C003160,2024-02-04,Email,Configurator,CRM Nurture,Engaged Prospect
I0003161,C003161,2024-08-18,Paid Search,Initial Visit,Commercial Intent,Initial Interaction
I0005433,C003161,2024-09-01,Paid Search,Event Registration,Commercial Intent,Engaged Prospect
I0003162,C003162,2025-06-29,Paid Search,Initial Visit,Commercial Intent,Initial Interaction
I0005435,C003162,2025-07-01,Paid Search,Brochure Download,Commercial Intent,Engaged Prospect
I0003163,C003163,2024-06-24,Paid Search,Initial Visit,Commercial Intent,Initial Interaction
I0005437,C003163,2024-07-04,Paid Search,Brochure Download,Commercial Intent,Engaged Prospect
I0003164,C003164,2025-08-29,Website,Initial Visit,Always-on Web,Initial Interaction
I0005439,C003164,2025-09-04,Website,Event Registration,Always-on Web,Engaged Prospect
I0003165,C003165,2024-09-09,Referral,Initial Visit,Customer Referral,Initial Interaction
I0003166,C003166,2024-01-10,Dealer Event,Initial Visit,Van Experience Days,Initial Interaction
I0005442,C003166,2024-01-23,Dealer Event,Brochure Download,Van Experience Days,Engaged Prospect
I0003167,C003167,2024-03-17,Referral,Initial Visit,Customer Referral,Initial Interaction
I0005444,C003167,2024-03-22,Referral,Callback Request,Customer Referral,Engaged Prospect
I0003168,C003168,2025-07-21,Referral,Initial Visit,Customer Referral,Initial Interaction
I0005446,C003168,2025-08-03,Referral,Brochure Download,Customer Referral,Engaged Prospect
I0003169,C003169,2024-10-10,Paid Search,Initial Visit,Commercial Intent,Initial Interaction
I0005448,C003169,2024-10-13,Paid Search,Brochure Download,Commercial Intent,Engaged Prospect
I0003170,C003170,2025-11-17,Paid Search,Initial Visit,Commercial Intent,Initial Interaction
I0005450,C003170,2025-11-25,Paid Search,Brochure Download,Commercial Intent,Engaged Prospect
I0003171,C003171,2025-07-06,Email,Initial Visit,CRM Nurture,Initial Interaction
I0005452,C003171,2025-07-13,Email,Configurator,CRM Nurture,Engaged Prospect
I0003172,C003172,2024-01-22,Website,Initial Visit,Always-on Web,Initial Interaction
I0005454,C003172,2024-02-01,Website,Configurator,Always-on Web,Engaged Prospect
I0003173,C003173,2024-08-06,Referral,Initial Visit,Customer Referral,Initial Interaction
I0005456,C003173,2024-08-14,Referral,Callback Request,Customer Referral,Engaged Prospect
I0003174,C003174,2025-05-22,Website,Initial Visit,Always-on Web,Initial Interaction
I0005458,C003174,2025-05-28,Website,Brochure Download,Always-on Web,Engaged Prospect
I0003175,C003175,2024-02-14,Social Media,Initial Visit,Urban Mobility,Initial Interaction
I0005460,C003175,2024-02-21,Social Media,Event Registration,Urban Mobility,Engaged Prospect
I0003176,C003176,2025-11-30,Email,Initial Visit,CRM Nurture,Initial Interaction
I0005462,C003176,2025-12-07,Email,Configurator,CRM Nurture,Engaged Prospect
I0003177,C003177,2024-04-26,Referral,Initial Visit,Customer Referral,Initial Interaction
I0005464,C003177,2024-05-04,Referral,Brochure Download,Customer Referral,Engaged Prospect
I0003178,C003178,2025-07-11,Social Media,Initial Visit,Urban Mobility,Initial Interaction
I0005466,C003178,2025-07-22,Social Media,Callback Request,Urban Mobility,Engaged Prospect
I0003179,C003179,2025-08-11,Social Media,Initial Visit,Urban Mobility,Initial Interaction
I0005468,C003179,2025-08-23,Social Media,Event Registration,Urban Mobility,Engaged Prospect
I0003180,C003180,2024-12-19,Paid Search,Initial Visit,Commercial Intent,Initial Interaction
I0003181,C003181,2025-07-16,Social Media,Initial Visit,Urban Mobility,Initial Interaction
I0005471,C003181,2025-07-28,Social Media,Callback Request,Urban Mobility,Engaged Prospect
I0003182,C003182,2025-09-11,Email,Initial Visit,CRM Nurture,Initial Interaction
I0005473,C003182,2025-09-18,Email,Event Registration,CRM Nurture,Engaged Prospect
I0003183,C003183,2025-05-29,Social Media,Initial Visit,Urban Mobility,Initial Interaction
I0005475,C003183,2025-06-03,Social Media,Configurator,Urban Mobility,Engaged Prospect
I0003184,C003184,2025-05-10,Dealer Event,Initial Visit,Van Experience Days,Initial Interaction
I0005477,C003184,2025-05-16,Dealer Event,Callback Request,Van Experience Days,Engaged Prospect
I0003185,C003185,2024-09-29,Website,Initial Visit,Always-on Web,Initial Interaction
I0005479,C003185,2024-10-06,Website,Callback Request,Always-on Web,Engaged Prospect
I0003186,C003186,2024-07-23,Paid Search,Initial Visit,Commercial Intent,Initial Interaction
I0003187,C003187,2025-08-30,Referral,Initial Visit,Customer Referral,Initial Interaction
I0003188,C003188,2024-06-06,Paid Search,Initial Visit,Commercial Intent,Initial Interaction
I0005483,C003188,2024-06-10,Paid Search,Event Registration,Commercial Intent,Engaged Prospect
I0003189,C003189,2024-10-17,Social Media,Initial Visit,Urban Mobility,Initial Interaction
I0005485,C003189,2024-10-29,Social Media,Callback Request,Urban Mobility,Engaged Prospect
I0003190,C003190,2024-12-24,Social Media,Initial Visit,Urban Mobility,Initial Interaction
I0005487,C003190,2024-12-25,Social Media,Brochure Download,Urban Mobility,Engaged Prospect
I0003191,C003191,2024-09-30,Referral,Initial Visit,Customer Referral,Initial Interaction
I0005489,C003191,2024-10-11,Referral,Configurator,Customer Referral,Engaged Prospect
I0003192,C003192,2024-09-18,Website,Initial Visit,Always-on Web,Initial Interaction
I0005491,C003192,2024-09-19,Website,Callback Request,Always-on Web,Engaged Prospect
I0003193,C003193,2025-02-23,Paid Search,Initial Visit,Commercial Intent,Initial Interaction
I0005493,C003193,2025-03-03,Paid Search,Brochure Download,Commercial Intent,Engaged Prospect
I0003194,C003194,2024-08-18,Dealer Event,Initial Visit,Van Experience Days,Initial Interaction
I0003195,C003195,2025-11-23,Email,Initial Visit,CRM Nurture,Initial Interaction
I0003196,C003196,2024-05-04,Social Media,Initial Visit,Urban Mobility,Initial Interaction
I0003197,C003197,2024-09-29,Paid Search,Initial Visit,Commercial Intent,Initial Interaction
I0005498,C003197,2024-10-13,Paid Search,Event Registration,Commercial Intent,Engaged Prospect
I0003198,C003198,2025-08-14,Paid Search,Initial Visit,Commercial Intent,Initial Interaction
I0005500,C003198,2025-08-27,Paid Search,Brochure Download,Commercial Intent,Engaged Prospect
I0003199,C003199,2024-11-28,Referral,Initial Visit,Customer Referral,Initial Interaction
I0003200,C003200,2025-05-08,Email,Initial Visit,CRM Nurture,Initial Interaction
I0005503,C003200,2025-05-17,Email,Configurator,CRM Nurture,Engaged Prospect
I0003201,C003201,2025-03-28,Referral,Initial Visit,Customer Referral,Initial Interaction
I0003202,C003202,2024-08-19,Referral,Initial Visit,Customer Referral,Initial Interaction
I0005506,C003202,2024-08-30,Referral,Event Registration,Customer Referral,Engaged Prospect
I0003203,C003203,2025-06-04,Social Media,Initial Visit,Urban Mobility,Initial Interaction
I0005508,C003203,2025-06-13,Social Media,Configurator,Urban Mobility,Engaged Prospect
I0003204,C003204,2024-06-15,Social Media,Initial Visit,Urban Mobility,Initial Interaction
I0005510,C003204,2024-06-23,Social Media,Event Registration,Urban Mobility,Engaged Prospect
I0003205,C003205,2025-06-08,Email,Initial Visit,CRM Nurture,Initial Interaction
I0005512,C003205,2025-06-16,Email,Brochure Download,CRM Nurture,Engaged Prospect
I0003206,C003206,2024-03-30,Dealer Event,Initial Visit,Van Experience Days,Initial Interaction
I0005514,C003206,2024-04-01,Dealer Event,Brochure Download,Van Experience Days,Engaged Prospect
I0003207,C003207,2025-04-30,Email,Initial Visit,CRM Nurture,Initial Interaction
I0005516,C003207,2025-05-05,Email,Configurator,CRM Nurture,Engaged Prospect
I0003208,C003208,2024-03-19,Website,Initial Visit,Always-on Web,Initial Interaction
I0005518,C003208,2024-04-02,Website,Configurator,Always-on Web,Engaged Prospect
I0003209,C003209,2025-08-31,Referral,Initial Visit,Customer Referral,Initial Interaction
I0005520,C003209,2025-09-10,Referral,Event Registration,Customer Referral,Engaged Prospect
I0003210,C003210,2025-03-13,Email,Initial Visit,CRM Nurture,Initial Interaction
I0005522,C003210,2025-03-20,Email,Callback Request,CRM Nurture,Engaged Prospect
I0003211,C003211,2024-01-29,Dealer Event,Initial Visit,Van Experience Days,Initial Interaction
I0003212,C003212,2024-03-17,Paid Search,Initial Visit,Commercial Intent,Initial Interaction
I0003213,C003213,2024-05-11,Paid Search,Initial Visit,Commercial Intent,Initial Interaction
I0005526,C003213,2024-05-19,Paid Search,Event Registration,Commercial Intent,Engaged Prospect
I0003214,C003214,2025-11-03,Email,Initial Visit,CRM Nurture,Initial Interaction
I0003215,C003215,2025-02-16,Dealer Event,Initial Visit,Van Experience Days,Initial Interaction
I0003216,C003216,2024-07-14,Website,Initial Visit,Always-on Web,Initial Interaction
I0003217,C003217,2024-07-12,Paid Search,Initial Visit,Commercial Intent,Initial Interaction
I0005531,C003217,2024-07-17,Paid Search,Callback Request,Commercial Intent,Engaged Prospect
I0003218,C003218,2024-01-19,Email,Initial Visit,CRM Nurture,Initial Interaction
I0005533,C003218,2024-01-26,Email,Brochure Download,CRM Nurture,Engaged Prospect
I0003219,C003219,2024-05-22,Referral,Initial Visit,Customer Referral,Initial Interaction
I0003220,C003220,2025-08-21,Website,Initial Visit,Always-on Web,Initial Interaction
I0005536,C003220,2025-09-01,Website,Brochure Download,Always-on Web,Engaged Prospect
I0003221,C003221,2025-02-23,Website,Initial Visit,Always-on Web,Initial Interaction
I0003222,C003222,2024-09-14,Paid Search,Initial Visit,Commercial Intent,Initial Interaction
I0003223,C003223,2024-01-15,Website,Initial Visit,Always-on Web,Initial Interaction
I0005540,C003223,2024-01-17,Website,Callback Request,Always-on Web,Engaged Prospect
I0003224,C003224,2024-08-28,Website,Initial Visit,Always-on Web,Initial Interaction
I0003225,C003225,2024-09-25,Social Media,Initial Visit,Urban Mobility,Initial Interaction
I0003226,C003226,2024-03-24,Social Media,Initial Visit,Urban Mobility,Initial Interaction
I0005544,C003226,2024-03-27,Social Media,Callback Request,Urban Mobility,Engaged Prospect
I0003227,C003227,2025-03-01,Paid Search,Initial Visit,Commercial Intent,Initial Interaction
I0003228,C003228,2025-04-07,Paid Search,Initial Visit,Commercial Intent,Initial Interaction
I0003229,C003229,2025-11-29,Referral,Initial Visit,Customer Referral,Initial Interaction
I0003230,C003230,2024-09-08,Paid Search,Initial Visit,Commercial Intent,Initial Interaction
I0005549,C003230,2024-09-16,Paid Search,Callback Request,Commercial Intent,Engaged Prospect
I0003231,C003231,2024-07-12,Dealer Event,Initial Visit,Van Experience Days,Initial Interaction
I0005551,C003231,2024-07-23,Dealer Event,Brochure Download,Van Experience Days,Engaged Prospect
I0003232,C003232,2025-07-30,Paid Search,Initial Visit,Commercial Intent,Initial Interaction
I0003233,C003233,2024-09-02,Dealer Event,Initial Visit,Van Experience Days,Initial Interaction
I0005554,C003233,2024-09-11,Dealer Event,Configurator,Van Experience Days,Engaged Prospect
I0003234,C003234,2025-03-17,Dealer Event,Initial Visit,Van Experience Days,Initial Interaction
I0005556,C003234,2025-03-30,Dealer Event,Brochure Download,Van Experience Days,Engaged Prospect
I0003235,C003235,2025-05-31,Website,Initial Visit,Always-on Web,Initial Interaction
I0005558,C003235,2025-06-07,Website,Event Registration,Always-on Web,Engaged Prospect
I0003236,C003236,2025-09-07,Email,Initial Visit,CRM Nurture,Initial Interaction
I0005560,C003236,2025-09-17,Email,Callback Request,CRM Nurture,Engaged Prospect
I0003237,C003237,2024-08-11,Email,Initial Visit,CRM Nurture,Initial Interaction
I0005562,C003237,2024-08-15,Email,Callback Request,CRM Nurture,Engaged Prospect
I0003238,C003238,2025-03-11,Paid Search,Initial Visit,Commercial Intent,Initial Interaction
I0005564,C003238,2025-03-23,Paid Search,Callback Request,Commercial Intent,Engaged Prospect
I0003239,C003239,2024-04-01,Dealer Event,Initial Visit,Van Experience Days,Initial Interaction
I0005566,C003239,2024-04-10,Dealer Event,Event Registration,Van Experience Days,Engaged Prospect
I0003240,C003240,2025-06-29,Paid Search,Initial Visit,Commercial Intent,Initial Interaction
I0003241,C003241,2024-02-01,Paid Search,Initial Visit,Commercial Intent,Initial Interaction
I0005569,C003241,2024-02-03,Paid Search,Brochure Download,Commercial Intent,Engaged Prospect
I0003242,C003242,2025-05-02,Referral,Initial Visit,Customer Referral,Initial Interaction
I0005571,C003242,2025-05-11,Referral,Callback Request,Customer Referral,Engaged Prospect
I0003243,C003243,2024-05-26,Website,Initial Visit,Always-on Web,Initial Interaction
I0003244,C003244,2024-11-19,Website,Initial Visit,Always-on Web,Initial Interaction
I0005574,C003244,2024-11-28,Website,Brochure Download,Always-on Web,Engaged Prospect
I0003245,C003245,2024-02-23,Website,Initial Visit,Always-on Web,Initial Interaction
I0005576,C003245,2024-03-04,Website,Configurator,Always-on Web,Engaged Prospect
I0003246,C003246,2025-04-27,Referral,Initial Visit,Customer Referral,Initial Interaction
I0005578,C003246,2025-05-05,Referral,Brochure Download,Customer Referral,Engaged Prospect
I0003247,C003247,2024-12-03,Website,Initial Visit,Always-on Web,Initial Interaction
I0003248,C003248,2025-04-09,Website,Initial Visit,Always-on Web,Initial Interaction
I0005581,C003248,2025-04-20,Website,Callback Request,Always-on Web,Engaged Prospect
I0003249,C003249,2024-08-31,Email,Initial Visit,CRM Nurture,Initial Interaction
I0005583,C003249,2024-09-10,Email,Configurator,CRM Nurture,Engaged Prospect
I0003250,C003250,2024-01-05,Email,Initial Visit,CRM Nurture,Initial Interaction
I0005585,C003250,2024-01-19,Email,Configurator,CRM Nurture,Engaged Prospect
I0003251,C003251,2025-02-10,Social Media,Initial Visit,Urban Mobility,Initial Interaction
I0005587,C003251,2025-02-23,Social Media,Configurator,Urban Mobility,Engaged Prospect
I0003252,C003252,2025-05-04,Referral,Initial Visit,Customer Referral,Initial Interaction
I0003253,C003253,2025-04-10,Website,Initial Visit,Always-on Web,Initial Interaction
I0005590,C003253,2025-04-13,Website,Brochure Download,Always-on Web,Engaged Prospect
I0003254,C003254,2024-07-02,Social Media,Initial Visit,Urban Mobility,Initial Interaction
I0005592,C003254,2024-07-12,Social Media,Event Registration,Urban Mobility,Engaged Prospect
I0003255,C003255,2025-05-16,Social Media,Initial Visit,Urban Mobility,Initial Interaction
I0003256,C003256,2025-01-14,Paid Search,Initial Visit,Commercial Intent,Initial Interaction
I0005595,C003256,2025-01-16,Paid Search,Callback Request,Commercial Intent,Engaged Prospect
I0003257,C003257,2024-05-27,Dealer Event,Initial Visit,Van Experience Days,Initial Interaction
I0005597,C003257,2024-06-10,Dealer Event,Brochure Download,Van Experience Days,Engaged Prospect
I0003258,C003258,2024-03-18,Social Media,Initial Visit,Urban Mobility,Initial Interaction
I0005599,C003258,2024-03-30,Social Media,Callback Request,Urban Mobility,Engaged Prospect
I0003259,C003259,2024-08-15,Website,Initial Visit,Always-on Web,Initial Interaction
I0005601,C003259,2024-08-22,Website,Event Registration,Always-on Web,Engaged Prospect
I0003260,C003260,2024-01-17,Website,Initial Visit,Always-on Web,Initial Interaction
I0003261,C003261,2025-05-16,Website,Initial Visit,Always-on Web,Initial Interaction
I0003262,C003262,2024-01-11,Dealer Event,Initial Visit,Van Experience Days,Initial Interaction
I0005605,C003262,2024-01-13,Dealer Event,Event Registration,Van Experience Days,Engaged Prospect
I0003263,C003263,2024-02-03,Website,Initial Visit,Always-on Web,Initial Interaction
I0005607,C003263,2024-02-14,Website,Configurator,Always-on Web,Engaged Prospect
I0003264,C003264,2024-04-20,Referral,Initial Visit,Customer Referral,Initial Interaction
I0005609,C003264,2024-05-03,Referral,Event Registration,Customer Referral,Engaged Prospect
I0003265,C003265,2024-08-16,Website,Initial Visit,Always-on Web,Initial Interaction
I0005611,C003265,2024-08-17,Website,Event Registration,Always-on Web,Engaged Prospect
I0003266,C003266,2024-01-14,Referral,Initial Visit,Customer Referral,Initial Interaction
I0005613,C003266,2024-01-17,Referral,Configurator,Customer Referral,Engaged Prospect
I0003267,C003267,2025-03-16,Dealer Event,Initial Visit,Van Experience Days,Initial Interaction
I0005615,C003267,2025-03-29,Dealer Event,Configurator,Van Experience Days,Engaged Prospect
I0003268,C003268,2024-04-02,Website,Initial Visit,Always-on Web,Initial Interaction
I0005617,C003268,2024-04-07,Website,Configurator,Always-on Web,Engaged Prospect
I0003269,C003269,2025-07-16,Website,Initial Visit,Always-on Web,Initial Interaction
I0005619,C003269,2025-07-18,Website,Configurator,Always-on Web,Engaged Prospect
I0003270,C003270,2025-01-26,Dealer Event,Initial Visit,Van Experience Days,Initial Interaction
I0003271,C003271,2024-02-28,Website,Initial Visit,Always-on Web,Initial Interaction
I0005622,C003271,2024-02-29,Website,Brochure Download,Always-on Web,Engaged Prospect
I0003272,C003272,2024-10-07,Website,Initial Visit,Always-on Web,Initial Interaction
I0005624,C003272,2024-10-12,Website,Callback Request,Always-on Web,Engaged Prospect
I0003273,C003273,2024-04-08,Dealer Event,Initial Visit,Van Experience Days,Initial Interaction
I0005626,C003273,2024-04-22,Dealer Event,Callback Request,Van Experience Days,Engaged Prospect
I0003274,C003274,2025-11-17,Referral,Initial Visit,Customer Referral,Initial Interaction
I0005628,C003274,2025-11-25,Referral,Event Registration,Customer Referral,Engaged Prospect
I0003275,C003275,2025-02-18,Email,Initial Visit,CRM Nurture,Initial Interaction
I0005630,C003275,2025-02-26,Email,Brochure Download,CRM Nurture,Engaged Prospect
I0003276,C003276,2025-07-20,Dealer Event,Initial Visit,Van Experience Days,Initial Interaction
I0005632,C003276,2025-08-01,Dealer Event,Brochure Download,Van Experience Days,Engaged Prospect
I0003277,C003277,2024-09-19,Social Media,Initial Visit,Urban Mobility,Initial Interaction
I0005634,C003277,2024-09-28,Social Media,Brochure Download,Urban Mobility,Engaged Prospect
I0003278,C003278,2024-04-12,Dealer Event,Initial Visit,Van Experience Days,Initial Interaction
I0003279,C003279,2024-06-13,Paid Search,Initial Visit,Commercial Intent,Initial Interaction
I0005637,C003279,2024-06-21,Paid Search,Configurator,Commercial Intent,Engaged Prospect
I0003280,C003280,2024-10-18,Dealer Event,Initial Visit,Van Experience Days,Initial Interaction
I0005639,C003280,2024-10-28,Dealer Event,Configurator,Van Experience Days,Engaged Prospect
I0003281,C003281,2025-06-23,Email,Initial Visit,CRM Nurture,Initial Interaction
I0005641,C003281,2025-07-01,Email,Configurator,CRM Nurture,Engaged Prospect
I0003282,C003282,2024-10-28,Social Media,Initial Visit,Urban Mobility,Initial Interaction
I0005643,C003282,2024-11-06,Social Media,Event Registration,Urban Mobility,Engaged Prospect
I0003283,C003283,2025-10-12,Referral,Initial Visit,Customer Referral,Initial Interaction
I0005645,C003283,2025-10-17,Referral,Brochure Download,Customer Referral,Engaged Prospect
I0003284,C003284,2024-09-10,Paid Search,Initial Visit,Commercial Intent,Initial Interaction
I0003285,C003285,2024-06-12,Social Media,Initial Visit,Urban Mobility,Initial Interaction
I0003286,C003286,2024-12-12,Social Media,Initial Visit,Urban Mobility,Initial Interaction
I0005649,C003286,2024-12-17,Social Media,Event Registration,Urban Mobility,Engaged Prospect
I0003287,C003287,2024-03-18,Website,Initial Visit,Always-on Web,Initial Interaction
I0005651,C003287,2024-03-20,Website,Brochure Download,Always-on Web,Engaged Prospect
I0003288,C003288,2025-04-13,Paid Search,Initial Visit,Commercial Intent,Initial Interaction
I0003289,C003289,2024-03-11,Referral,Initial Visit,Customer Referral,Initial Interaction
I0005654,C003289,2024-03-13,Referral,Event Registration,Customer Referral,Engaged Prospect
I0003290,C003290,2025-03-24,Paid Search,Initial Visit,Commercial Intent,Initial Interaction
I0005656,C003290,2025-03-26,Paid Search,Brochure Download,Commercial Intent,Engaged Prospect
I0003291,C003291,2024-09-24,Email,Initial Visit,CRM Nurture,Initial Interaction
I0003292,C003292,2024-09-06,Social Media,Initial Visit,Urban Mobility,Initial Interaction
I0005659,C003292,2024-09-17,Social Media,Brochure Download,Urban Mobility,Engaged Prospect
I0003293,C003293,2025-03-03,Dealer Event,Initial Visit,Van Experience Days,Initial Interaction
I0003294,C003294,2025-05-08,Email,Initial Visit,CRM Nurture,Initial Interaction
I0003295,C003295,2025-10-12,Website,Initial Visit,Always-on Web,Initial Interaction
I0003296,C003296,2024-07-21,Paid Search,Initial Visit,Commercial Intent,Initial Interaction
I0005664,C003296,2024-08-01,Paid Search,Callback Request,Commercial Intent,Engaged Prospect
I0003297,C003297,2025-07-22,Email,Initial Visit,CRM Nurture,Initial Interaction
I0005666,C003297,2025-07-24,Email,Brochure Download,CRM Nurture,Engaged Prospect
I0003298,C003298,2025-08-07,Website,Initial Visit,Always-on Web,Initial Interaction
I0003299,C003299,2025-11-27,Social Media,Initial Visit,Urban Mobility,Initial Interaction
I0005669,C003299,2025-12-09,Social Media,Event Registration,Urban Mobility,Engaged Prospect
I0003300,C003300,2025-11-06,Paid Search,Initial Visit,Commercial Intent,Initial Interaction
I0005671,C003300,2025-11-11,Paid Search,Event Registration,Commercial Intent,Engaged Prospect
I0003301,C003301,2025-07-07,Website,Initial Visit,Always-on Web,Initial Interaction
I0003302,C003302,2024-07-25,Referral,Initial Visit,Customer Referral,Initial Interaction
I0003303,C003303,2025-05-01,Referral,Initial Visit,Customer Referral,Initial Interaction
I0005675,C003303,2025-05-08,Referral,Callback Request,Customer Referral,Engaged Prospect
I0003304,C003304,2025-07-03,Email,Initial Visit,CRM Nurture,Initial Interaction
I0005677,C003304,2025-07-08,Email,Callback Request,CRM Nurture,Engaged Prospect
I0003305,C003305,2024-07-23,Website,Initial Visit,Always-on Web,Initial Interaction
I0005679,C003305,2024-07-26,Website,Event Registration,Always-on Web,Engaged Prospect
I0003306,C003306,2025-07-23,Referral,Initial Visit,Customer Referral,Initial Interaction
I0005681,C003306,2025-07-31,Referral,Callback Request,Customer Referral,Engaged Prospect
I0003307,C003307,2025-05-06,Social Media,Initial Visit,Urban Mobility,Initial Interaction
I0005683,C003307,2025-05-18,Social Media,Event Registration,Urban Mobility,Engaged Prospect
I0003308,C003308,2024-12-09,Referral,Initial Visit,Customer Referral,Initial Interaction
I0003309,C003309,2025-08-26,Website,Initial Visit,Always-on Web,Initial Interaction
I0003310,C003310,2024-03-02,Website,Initial Visit,Always-on Web,Initial Interaction
I0005687,C003310,2024-03-06,Website,Brochure Download,Always-on Web,Engaged Prospect
I0003311,C003311,2025-04-23,Email,Initial Visit,CRM Nurture,Initial Interaction
I0005689,C003311,2025-05-03,Email,Configurator,CRM Nurture,Engaged Prospect
I0003312,C003312,2025-07-04,Referral,Initial Visit,Customer Referral,Initial Interaction
I0003313,C003313,2024-01-29,Website,Initial Visit,Always-on Web,Initial Interaction
I0003314,C003314,2024-10-12,Paid Search,Initial Visit,Commercial Intent,Initial Interaction
I0005693,C003314,2024-10-15,Paid Search,Configurator,Commercial Intent,Engaged Prospect
I0003315,C003315,2024-12-27,Social Media,Initial Visit,Urban Mobility,Initial Interaction
I0003316,C003316,2024-05-25,Referral,Initial Visit,Customer Referral,Initial Interaction
I0005696,C003316,2024-05-28,Referral,Brochure Download,Customer Referral,Engaged Prospect
I0003317,C003317,2025-09-07,Dealer Event,Initial Visit,Van Experience Days,Initial Interaction
I0005698,C003317,2025-09-16,Dealer Event,Configurator,Van Experience Days,Engaged Prospect
I0003318,C003318,2025-03-14,Referral,Initial Visit,Customer Referral,Initial Interaction
I0003319,C003319,2024-07-11,Email,Initial Visit,CRM Nurture,Initial Interaction
I0005701,C003319,2024-07-24,Email,Callback Request,CRM Nurture,Engaged Prospect
I0003320,C003320,2024-11-01,Dealer Event,Initial Visit,Van Experience Days,Initial Interaction
I0005703,C003320,2024-11-11,Dealer Event,Callback Request,Van Experience Days,Engaged Prospect
I0003321,C003321,2024-03-19,Social Media,Initial Visit,Urban Mobility,Initial Interaction
I0005705,C003321,2024-03-21,Social Media,Configurator,Urban Mobility,Engaged Prospect
I0003322,C003322,2024-03-02,Website,Initial Visit,Always-on Web,Initial Interaction
I0005707,C003322,2024-03-16,Website,Configurator,Always-on Web,Engaged Prospect
I0003323,C003323,2025-06-06,Email,Initial Visit,CRM Nurture,Initial Interaction
I0003324,C003324,2025-11-19,Social Media,Initial Visit,Urban Mobility,Initial Interaction
I0005710,C003324,2025-11-26,Social Media,Configurator,Urban Mobility,Engaged Prospect
I0003325,C003325,2024-07-12,Paid Search,Initial Visit,Commercial Intent,Initial Interaction
I0005712,C003325,2024-07-21,Paid Search,Brochure Download,Commercial Intent,Engaged Prospect
I0003326,C003326,2024-06-20,Website,Initial Visit,Always-on Web,Initial Interaction
I0005714,C003326,2024-06-25,Website,Brochure Download,Always-on Web,Engaged Prospect
I0003327,C003327,2025-04-23,Dealer Event,Initial Visit,Van Experience Days,Initial Interaction
I0005716,C003327,2025-04-27,Dealer Event,Callback Request,Van Experience Days,Engaged Prospect
I0003328,C003328,2024-12-23,Dealer Event,Initial Visit,Van Experience Days,Initial Interaction
I0005718,C003328,2025-01-04,Dealer Event,Callback Request,Van Experience Days,Engaged Prospect
I0003329,C003329,2024-04-07,Paid Search,Initial Visit,Commercial Intent,Initial Interaction
I0005720,C003329,2024-04-11,Paid Search,Configurator,Commercial Intent,Engaged Prospect
I0003330,C003330,2025-04-12,Referral,Initial Visit,Customer Referral,Initial Interaction
I0003331,C003331,2024-05-26,Paid Search,Initial Visit,Commercial Intent,Initial Interaction
I0005723,C003331,2024-06-02,Paid Search,Event Registration,Commercial Intent,Engaged Prospect
I0003332,C003332,2024-03-21,Website,Initial Visit,Always-on Web,Initial Interaction
I0003333,C003333,2024-11-20,Website,Initial Visit,Always-on Web,Initial Interaction
I0005726,C003333,2024-11-26,Website,Callback Request,Always-on Web,Engaged Prospect
I0003334,C003334,2025-06-01,Social Media,Initial Visit,Urban Mobility,Initial Interaction
I0005728,C003334,2025-06-03,Social Media,Brochure Download,Urban Mobility,Engaged Prospect
I0003335,C003335,2024-12-30,Website,Initial Visit,Always-on Web,Initial Interaction
I0005730,C003335,2025-01-09,Website,Brochure Download,Always-on Web,Engaged Prospect
I0003336,C003336,2025-03-29,Email,Initial Visit,CRM Nurture,Initial Interaction
I0003337,C003337,2024-06-15,Dealer Event,Initial Visit,Van Experience Days,Initial Interaction
I0005733,C003337,2024-06-21,Dealer Event,Event Registration,Van Experience Days,Engaged Prospect
I0003338,C003338,2024-12-11,Social Media,Initial Visit,Urban Mobility,Initial Interaction
I0005735,C003338,2024-12-17,Social Media,Configurator,Urban Mobility,Engaged Prospect
I0003339,C003339,2025-05-14,Dealer Event,Initial Visit,Van Experience Days,Initial Interaction
I0005737,C003339,2025-05-17,Dealer Event,Callback Request,Van Experience Days,Engaged Prospect
I0003340,C003340,2025-01-04,Referral,Initial Visit,Customer Referral,Initial Interaction
I0005739,C003340,2025-01-05,Referral,Callback Request,Customer Referral,Engaged Prospect
I0003341,C003341,2024-06-16,Paid Search,Initial Visit,Commercial Intent,Initial Interaction
I0003342,C003342,2025-10-30,Website,Initial Visit,Always-on Web,Initial Interaction
I0005742,C003342,2025-10-31,Website,Configurator,Always-on Web,Engaged Prospect
I0003343,C003343,2024-02-17,Website,Initial Visit,Always-on Web,Initial Interaction
I0005744,C003343,2024-02-18,Website,Callback Request,Always-on Web,Engaged Prospect
I0003344,C003344,2025-09-29,Email,Initial Visit,CRM Nurture,Initial Interaction
I0005746,C003344,2025-10-06,Email,Configurator,CRM Nurture,Engaged Prospect
I0003345,C003345,2025-05-22,Paid Search,Initial Visit,Commercial Intent,Initial Interaction
I0005748,C003345,2025-05-27,Paid Search,Event Registration,Commercial Intent,Engaged Prospect
I0003346,C003346,2024-03-19,Email,Initial Visit,CRM Nurture,Initial Interaction
I0003347,C003347,2024-06-27,Email,Initial Visit,CRM Nurture,Initial Interaction
I0003348,C003348,2024-09-15,Social Media,Initial Visit,Urban Mobility,Initial Interaction
I0005752,C003348,2024-09-21,Social Media,Callback Request,Urban Mobility,Engaged Prospect
I0003349,C003349,2025-11-01,Website,Initial Visit,Always-on Web,Initial Interaction
I0005754,C003349,2025-11-13,Website,Configurator,Always-on Web,Engaged Prospect
I0003350,C003350,2024-12-27,Paid Search,Initial Visit,Commercial Intent,Initial Interaction
I0005756,C003350,2024-12-28,Paid Search,Brochure Download,Commercial Intent,Engaged Prospect
I0003351,C003351,2024-06-29,Paid Search,Initial Visit,Commercial Intent,Initial Interaction
I0005758,C003351,2024-07-12,Paid Search,Brochure Download,Commercial Intent,Engaged Prospect
I0003352,C003352,2025-10-05,Dealer Event,Initial Visit,Van Experience Days,Initial Interaction
I0005760,C003352,2025-10-08,Dealer Event,Callback Request,Van Experience Days,Engaged Prospect
I0003353,C003353,2024-03-23,Email,Initial Visit,CRM Nurture,Initial Interaction
I0005762,C003353,2024-04-03,Email,Configurator,CRM Nurture,Engaged Prospect
I0003354,C003354,2025-07-25,Social Media,Initial Visit,Urban Mobility,Initial Interaction
I0005764,C003354,2025-08-05,Social Media,Callback Request,Urban Mobility,Engaged Prospect
I0003355,C003355,2025-08-04,Email,Initial Visit,CRM Nurture,Initial Interaction
I0005766,C003355,2025-08-13,Email,Configurator,CRM Nurture,Engaged Prospect
I0003356,C003356,2024-09-27,Social Media,Initial Visit,Urban Mobility,Initial Interaction
I0003357,C003357,2024-01-31,Website,Initial Visit,Always-on Web,Initial Interaction
I0005769,C003357,2024-02-05,Website,Event Registration,Always-on Web,Engaged Prospect
I0003358,C003358,2025-09-12,Website,Initial Visit,Always-on Web,Initial Interaction
I0005771,C003358,2025-09-21,Website,Event Registration,Always-on Web,Engaged Prospect
I0003359,C003359,2025-11-08,Website,Initial Visit,Always-on Web,Initial Interaction
I0003360,C003360,2024-09-21,Website,Initial Visit,Always-on Web,Initial Interaction
I0003361,C003361,2024-05-10,Paid Search,Initial Visit,Commercial Intent,Initial Interaction
I0003362,C003362,2024-07-08,Dealer Event,Initial Visit,Van Experience Days,Initial Interaction
I0003363,C003363,2024-04-05,Website,Initial Visit,Always-on Web,Initial Interaction
I0003364,C003364,2025-03-02,Website,Initial Visit,Always-on Web,Initial Interaction
I0005778,C003364,2025-03-04,Website,Brochure Download,Always-on Web,Engaged Prospect
I0003365,C003365,2024-12-29,Website,Initial Visit,Always-on Web,Initial Interaction
I0005780,C003365,2025-01-10,Website,Callback Request,Always-on Web,Engaged Prospect
I0003366,C003366,2024-09-06,Website,Initial Visit,Always-on Web,Initial Interaction
I0003367,C003367,2025-03-31,Website,Initial Visit,Always-on Web,Initial Interaction
I0005783,C003367,2025-04-11,Website,Callback Request,Always-on Web,Engaged Prospect
I0003368,C003368,2025-03-11,Website,Initial Visit,Always-on Web,Initial Interaction
I0005785,C003368,2025-03-18,Website,Callback Request,Always-on Web,Engaged Prospect
I0003369,C003369,2024-01-08,Website,Initial Visit,Always-on Web,Initial Interaction
I0005787,C003369,2024-01-21,Website,Callback Request,Always-on Web,Engaged Prospect
I0003370,C003370,2024-10-13,Referral,Initial Visit,Customer Referral,Initial Interaction
I0005789,C003370,2024-10-26,Referral,Event Registration,Customer Referral,Engaged Prospect
I0003371,C003371,2025-08-27,Paid Search,Initial Visit,Commercial Intent,Initial Interaction
I0005791,C003371,2025-08-29,Paid Search,Brochure Download,Commercial Intent,Engaged Prospect
I0003372,C003372,2025-07-11,Website,Initial Visit,Always-on Web,Initial Interaction
I0005793,C003372,2025-07-14,Website,Event Registration,Always-on Web,Engaged Prospect
I0003373,C003373,2025-08-21,Social Media,Initial Visit,Urban Mobility,Initial Interaction
I0005795,C003373,2025-09-04,Social Media,Callback Request,Urban Mobility,Engaged Prospect
I0003374,C003374,2025-10-30,Website,Initial Visit,Always-on Web,Initial Interaction
I0005797,C003374,2025-11-13,Website,Event Registration,Always-on Web,Engaged Prospect
I0003375,C003375,2024-02-12,Social Media,Initial Visit,Urban Mobility,Initial Interaction
I0005799,C003375,2024-02-25,Social Media,Brochure Download,Urban Mobility,Engaged Prospect
I0003376,C003376,2024-07-08,Paid Search,Initial Visit,Commercial Intent,Initial Interaction
I0005801,C003376,2024-07-17,Paid Search,Callback Request,Commercial Intent,Engaged Prospect
I0003377,C003377,2024-11-17,Dealer Event,Initial Visit,Van Experience Days,Initial Interaction
I0003378,C003378,2024-12-23,Referral,Initial Visit,Customer Referral,Initial Interaction
I0005804,C003378,2024-12-29,Referral,Callback Request,Customer Referral,Engaged Prospect
I0003379,C003379,2025-07-04,Email,Initial Visit,CRM Nurture,Initial Interaction
I0003380,C003380,2025-05-22,Website,Initial Visit,Always-on Web,Initial Interaction
I0003381,C003381,2025-05-09,Paid Search,Initial Visit,Commercial Intent,Initial Interaction
I0003382,C003382,2024-04-20,Paid Search,Initial Visit,Commercial Intent,Initial Interaction
I0005809,C003382,2024-05-02,Paid Search,Event Registration,Commercial Intent,Engaged Prospect
I0003383,C003383,2025-04-19,Dealer Event,Initial Visit,Van Experience Days,Initial Interaction
I0005811,C003383,2025-04-25,Dealer Event,Configurator,Van Experience Days,Engaged Prospect
I0003384,C003384,2025-07-11,Website,Initial Visit,Always-on Web,Initial Interaction
I0005813,C003384,2025-07-19,Website,Configurator,Always-on Web,Engaged Prospect
I0003385,C003385,2025-06-10,Email,Initial Visit,CRM Nurture,Initial Interaction
I0005815,C003385,2025-06-16,Email,Callback Request,CRM Nurture,Engaged Prospect
I0003386,C003386,2025-02-12,Paid Search,Initial Visit,Commercial Intent,Initial Interaction
I0005817,C003386,2025-02-14,Paid Search,Configurator,Commercial Intent,Engaged Prospect
I0003387,C003387,2024-03-02,Paid Search,Initial Visit,Commercial Intent,Initial Interaction
I0005819,C003387,2024-03-10,Paid Search,Configurator,Commercial Intent,Engaged Prospect
I0003388,C003388,2024-04-14,Paid Search,Initial Visit,Commercial Intent,Initial Interaction
I0005821,C003388,2024-04-26,Paid Search,Callback Request,Commercial Intent,Engaged Prospect
I0003389,C003389,2025-06-04,Paid Search,Initial Visit,Commercial Intent,Initial Interaction
I0005823,C003389,2025-06-05,Paid Search,Brochure Download,Commercial Intent,Engaged Prospect
I0003390,C003390,2025-08-30,Email,Initial Visit,CRM Nurture,Initial Interaction
I0003391,C003391,2025-07-31,Social Media,Initial Visit,Urban Mobility,Initial Interaction
I0003392,C003392,2024-10-25,Website,Initial Visit,Always-on Web,Initial Interaction
I0005827,C003392,2024-11-06,Website,Brochure Download,Always-on Web,Engaged Prospect
I0003393,C003393,2025-02-15,Website,Initial Visit,Always-on Web,Initial Interaction
I0003394,C003394,2024-05-03,Dealer Event,Initial Visit,Van Experience Days,Initial Interaction
I0005830,C003394,2024-05-10,Dealer Event,Event Registration,Van Experience Days,Engaged Prospect
I0003395,C003395,2025-02-18,Social Media,Initial Visit,Urban Mobility,Initial Interaction
I0003396,C003396,2024-05-16,Social Media,Initial Visit,Urban Mobility,Initial Interaction
I0005833,C003396,2024-05-29,Social Media,Callback Request,Urban Mobility,Engaged Prospect
I0003397,C003397,2025-07-10,Paid Search,Initial Visit,Commercial Intent,Initial Interaction
I0005835,C003397,2025-07-19,Paid Search,Callback Request,Commercial Intent,Engaged Prospect
I0003398,C003398,2025-07-03,Social Media,Initial Visit,Urban Mobility,Initial Interaction
I0003399,C003399,2024-02-05,Social Media,Initial Visit,Urban Mobility,Initial Interaction
I0005838,C003399,2024-02-06,Social Media,Brochure Download,Urban Mobility,Engaged Prospect
I0003400,C003400,2025-10-17,Website,Initial Visit,Always-on Web,Initial Interaction
I0003401,C003401,2025-07-11,Social Media,Initial Visit,Urban Mobility,Initial Interaction
I0005841,C003401,2025-07-20,Social Media,Brochure Download,Urban Mobility,Engaged Prospect
I0003402,C003402,2024-09-21,Social Media,Initial Visit,Urban Mobility,Initial Interaction
I0005843,C003402,2024-10-03,Social Media,Callback Request,Urban Mobility,Engaged Prospect
I0003403,C003403,2024-11-11,Website,Initial Visit,Always-on Web,Initial Interaction
I0005845,C003403,2024-11-18,Website,Callback Request,Always-on Web,Engaged Prospect
I0003404,C003404,2024-02-25,Email,Initial Visit,CRM Nurture,Initial Interaction
I0005847,C003404,2024-03-01,Email,Callback Request,CRM Nurture,Engaged Prospect
I0003405,C003405,2025-10-17,Website,Initial Visit,Always-on Web,Initial Interaction
I0005849,C003405,2025-10-21,Website,Event Registration,Always-on Web,Engaged Prospect
I0003406,C003406,2024-03-11,Website,Initial Visit,Always-on Web,Initial Interaction
I0005851,C003406,2024-03-22,Website,Callback Request,Always-on Web,Engaged Prospect
I0003407,C003407,2025-10-07,Dealer Event,Initial Visit,Van Experience Days,Initial Interaction
I0005853,C003407,2025-10-13,Dealer Event,Configurator,Van Experience Days,Engaged Prospect
I0003408,C003408,2025-04-03,Dealer Event,Initial Visit,Van Experience Days,Initial Interaction
I0005855,C003408,2025-04-14,Dealer Event,Event Registration,Van Experience Days,Engaged Prospect
I0003409,C003409,2025-10-05,Website,Initial Visit,Always-on Web,Initial Interaction
I0005857,C003409,2025-10-18,Website,Event Registration,Always-on Web,Engaged Prospect
I0003410,C003410,2024-09-16,Email,Initial Visit,CRM Nurture,Initial Interaction
I0005859,C003410,2024-09-28,Email,Brochure Download,CRM Nurture,Engaged Prospect
I0003411,C003411,2025-09-18,Website,Initial Visit,Always-on Web,Initial Interaction
I0005861,C003411,2025-10-01,Website,Configurator,Always-on Web,Engaged Prospect
I0003412,C003412,2024-10-25,Email,Initial Visit,CRM Nurture,Initial Interaction
I0003413,C003413,2024-09-02,Paid Search,Initial Visit,Commercial Intent,Initial Interaction
I0005864,C003413,2024-09-10,Paid Search,Event Registration,Commercial Intent,Engaged Prospect
I0003414,C003414,2024-08-23,Dealer Event,Initial Visit,Van Experience Days,Initial Interaction
I0005866,C003414,2024-08-27,Dealer Event,Configurator,Van Experience Days,Engaged Prospect
I0003415,C003415,2025-10-28,Paid Search,Initial Visit,Commercial Intent,Initial Interaction
I0003416,C003416,2024-11-21,Paid Search,Initial Visit,Commercial Intent,Initial Interaction
I0005869,C003416,2024-11-30,Paid Search,Brochure Download,Commercial Intent,Engaged Prospect
I0003417,C003417,2024-11-30,Dealer Event,Initial Visit,Van Experience Days,Initial Interaction
I0005871,C003417,2024-12-02,Dealer Event,Configurator,Van Experience Days,Engaged Prospect
I0003418,C003418,2025-03-26,Website,Initial Visit,Always-on Web,Initial Interaction
I0005873,C003418,2025-03-27,Website,Brochure Download,Always-on Web,Engaged Prospect
I0003419,C003419,2025-01-24,Website,Initial Visit,Always-on Web,Initial Interaction
I0005875,C003419,2025-01-31,Website,Event Registration,Always-on Web,Engaged Prospect
I0003420,C003420,2025-01-13,Paid Search,Initial Visit,Commercial Intent,Initial Interaction
I0005877,C003420,2025-01-20,Paid Search,Callback Request,Commercial Intent,Engaged Prospect
I0003421,C003421,2024-09-22,Social Media,Initial Visit,Urban Mobility,Initial Interaction
I0005879,C003421,2024-10-04,Social Media,Brochure Download,Urban Mobility,Engaged Prospect
I0003422,C003422,2024-04-24,Website,Initial Visit,Always-on Web,Initial Interaction
I0005881,C003422,2024-05-08,Website,Event Registration,Always-on Web,Engaged Prospect
I0003423,C003423,2025-11-27,Social Media,Initial Visit,Urban Mobility,Initial Interaction
I0005883,C003423,2025-12-04,Social Media,Event Registration,Urban Mobility,Engaged Prospect
I0003424,C003424,2024-12-09,Paid Search,Initial Visit,Commercial Intent,Initial Interaction
I0005885,C003424,2024-12-21,Paid Search,Brochure Download,Commercial Intent,Engaged Prospect
I0003425,C003425,2025-11-11,Social Media,Initial Visit,Urban Mobility,Initial Interaction
I0005887,C003425,2025-11-22,Social Media,Callback Request,Urban Mobility,Engaged Prospect
I0003426,C003426,2024-11-18,Referral,Initial Visit,Customer Referral,Initial Interaction
I0005889,C003426,2024-11-23,Referral,Callback Request,Customer Referral,Engaged Prospect
I0003427,C003427,2025-02-23,Paid Search,Initial Visit,Commercial Intent,Initial Interaction
I0005891,C003427,2025-02-25,Paid Search,Event Registration,Commercial Intent,Engaged Prospect
I0003428,C003428,2025-01-17,Social Media,Initial Visit,Urban Mobility,Initial Interaction
I0003429,C003429,2025-11-07,Paid Search,Initial Visit,Commercial Intent,Initial Interaction
I0005894,C003429,2025-11-14,Paid Search,Event Registration,Commercial Intent,Engaged Prospect
I0003430,C003430,2024-03-18,Website,Initial Visit,Always-on Web,Initial Interaction
I0005896,C003430,2024-03-21,Website,Callback Request,Always-on Web,Engaged Prospect
I0003431,C003431,2024-12-28,Dealer Event,Initial Visit,Van Experience Days,Initial Interaction
I0005898,C003431,2025-01-01,Dealer Event,Configurator,Van Experience Days,Engaged Prospect
I0003432,C003432,2024-04-17,Dealer Event,Initial Visit,Van Experience Days,Initial Interaction
I0005900,C003432,2024-04-19,Dealer Event,Event Registration,Van Experience Days,Engaged Prospect
I0003433,C003433,2025-08-30,Dealer Event,Initial Visit,Van Experience Days,Initial Interaction
I0005902,C003433,2025-09-12,Dealer Event,Callback Request,Van Experience Days,Engaged Prospect
I0003434,C003434,2025-01-06,Referral,Initial Visit,Customer Referral,Initial Interaction
I0005904,C003434,2025-01-15,Referral,Configurator,Customer Referral,Engaged Prospect
I0003435,C003435,2025-10-08,Paid Search,Initial Visit,Commercial Intent,Initial Interaction
I0005906,C003435,2025-10-19,Paid Search,Brochure Download,Commercial Intent,Engaged Prospect
I0003436,C003436,2024-07-11,Email,Initial Visit,CRM Nurture,Initial Interaction
I0005908,C003436,2024-07-16,Email,Brochure Download,CRM Nurture,Engaged Prospect
I0003437,C003437,2024-04-24,Website,Initial Visit,Always-on Web,Initial Interaction
I0003438,C003438,2025-03-16,Referral,Initial Visit,Customer Referral,Initial Interaction
I0005911,C003438,2025-03-26,Referral,Callback Request,Customer Referral,Engaged Prospect
I0003439,C003439,2024-04-12,Social Media,Initial Visit,Urban Mobility,Initial Interaction
I0005913,C003439,2024-04-24,Social Media,Configurator,Urban Mobility,Engaged Prospect
I0003440,C003440,2024-09-17,Website,Initial Visit,Always-on Web,Initial Interaction
I0005915,C003440,2024-09-24,Website,Callback Request,Always-on Web,Engaged Prospect
I0003441,C003441,2024-08-07,Dealer Event,Initial Visit,Van Experience Days,Initial Interaction
I0005917,C003441,2024-08-15,Dealer Event,Brochure Download,Van Experience Days,Engaged Prospect
I0003442,C003442,2024-06-03,Social Media,Initial Visit,Urban Mobility,Initial Interaction
I0003443,C003443,2024-04-01,Referral,Initial Visit,Customer Referral,Initial Interaction
I0005920,C003443,2024-04-04,Referral,Configurator,Customer Referral,Engaged Prospect
I0003444,C003444,2025-04-04,Email,Initial Visit,CRM Nurture,Initial Interaction
I0005922,C003444,2025-04-16,Email,Configurator,CRM Nurture,Engaged Prospect
I0003445,C003445,2025-06-14,Dealer Event,Initial Visit,Van Experience Days,Initial Interaction
I0005924,C003445,2025-06-24,Dealer Event,Callback Request,Van Experience Days,Engaged Prospect
I0003446,C003446,2024-10-02,Social Media,Initial Visit,Urban Mobility,Initial Interaction
I0003447,C003447,2024-07-15,Social Media,Initial Visit,Urban Mobility,Initial Interaction
I0005927,C003447,2024-07-27,Social Media,Brochure Download,Urban Mobility,Engaged Prospect
I0003448,C003448,2024-04-20,Email,Initial Visit,CRM Nurture,Initial Interaction
I0003449,C003449,2025-04-18,Website,Initial Visit,Always-on Web,Initial Interaction
I0005930,C003449,2025-05-01,Website,Callback Request,Always-on Web,Engaged Prospect
I0003450,C003450,2025-07-20,Website,Initial Visit,Always-on Web,Initial Interaction
I0005932,C003450,2025-07-23,Website,Brochure Download,Always-on Web,Engaged Prospect
I0003451,C003451,2025-01-18,Referral,Initial Visit,Customer Referral,Initial Interaction
I0005934,C003451,2025-01-30,Referral,Brochure Download,Customer Referral,Engaged Prospect
I0003452,C003452,2024-10-29,Referral,Initial Visit,Customer Referral,Initial Interaction
I0005936,C003452,2024-11-07,Referral,Callback Request,Customer Referral,Engaged Prospect
I0003453,C003453,2025-03-29,Referral,Initial Visit,Customer Referral,Initial Interaction
I0005938,C003453,2025-04-02,Referral,Event Registration,Customer Referral,Engaged Prospect
I0003454,C003454,2025-10-02,Website,Initial Visit,Always-on Web,Initial Interaction
I0005940,C003454,2025-10-13,Website,Brochure Download,Always-on Web,Engaged Prospect
I0003455,C003455,2025-11-23,Website,Initial Visit,Always-on Web,Initial Interaction
I0005942,C003455,2025-12-04,Website,Configurator,Always-on Web,Engaged Prospect
I0003456,C003456,2024-05-15,Referral,Initial Visit,Customer Referral,Initial Interaction
I0003457,C003457,2024-11-29,Website,Initial Visit,Always-on Web,Initial Interaction
I0005945,C003457,2024-12-11,Website,Brochure Download,Always-on Web,Engaged Prospect
I0003458,C003458,2025-09-05,Paid Search,Initial Visit,Commercial Intent,Initial Interaction
I0003459,C003459,2025-03-18,Paid Search,Initial Visit,Commercial Intent,Initial Interaction
I0005948,C003459,2025-03-30,Paid Search,Callback Request,Commercial Intent,Engaged Prospect
I0003460,C003460,2025-07-25,Dealer Event,Initial Visit,Van Experience Days,Initial Interaction
I0005950,C003460,2025-08-05,Dealer Event,Callback Request,Van Experience Days,Engaged Prospect
I0003461,C003461,2025-11-28,Social Media,Initial Visit,Urban Mobility,Initial Interaction
I0005952,C003461,2025-12-10,Social Media,Brochure Download,Urban Mobility,Engaged Prospect
I0003462,C003462,2024-03-13,Paid Search,Initial Visit,Commercial Intent,Initial Interaction
I0003463,C003463,2025-03-04,Social Media,Initial Visit,Urban Mobility,Initial Interaction
I0003464,C003464,2025-01-07,Website,Initial Visit,Always-on Web,Initial Interaction
I0003465,C003465,2024-07-18,Email,Initial Visit,CRM Nurture,Initial Interaction
I0005957,C003465,2024-07-24,Email,Event Registration,CRM Nurture,Engaged Prospect
I0003466,C003466,2025-04-02,Social Media,Initial Visit,Urban Mobility,Initial Interaction
I0003467,C003467,2024-03-13,Social Media,Initial Visit,Urban Mobility,Initial Interaction
I0005960,C003467,2024-03-25,Social Media,Configurator,Urban Mobility,Engaged Prospect
I0003468,C003468,2024-12-12,Paid Search,Initial Visit,Commercial Intent,Initial Interaction
I0005962,C003468,2024-12-25,Paid Search,Callback Request,Commercial Intent,Engaged Prospect
I0003469,C003469,2024-10-17,Paid Search,Initial Visit,Commercial Intent,Initial Interaction
I0005964,C003469,2024-10-28,Paid Search,Configurator,Commercial Intent,Engaged Prospect
I0003470,C003470,2024-09-30,Website,Initial Visit,Always-on Web,Initial Interaction
I0005966,C003470,2024-10-13,Website,Configurator,Always-on Web,Engaged Prospect
I0003471,C003471,2025-03-05,Referral,Initial Visit,Customer Referral,Initial Interaction
I0005968,C003471,2025-03-19,Referral,Callback Request,Customer Referral,Engaged Prospect
I0003472,C003472,2025-10-22,Paid Search,Initial Visit,Commercial Intent,Initial Interaction
I0005970,C003472,2025-11-01,Paid Search,Configurator,Commercial Intent,Engaged Prospect
I0003473,C003473,2025-10-25,Social Media,Initial Visit,Urban Mobility,Initial Interaction
I0005972,C003473,2025-11-06,Social Media,Event Registration,Urban Mobility,Engaged Prospect
I0003474,C003474,2025-05-05,Paid Search,Initial Visit,Commercial Intent,Initial Interaction
I0005974,C003474,2025-05-06,Paid Search,Event Registration,Commercial Intent,Engaged Prospect
I0003475,C003475,2024-08-19,Referral,Initial Visit,Customer Referral,Initial Interaction
I0005976,C003475,2024-09-01,Referral,Event Registration,Customer Referral,Engaged Prospect
I0003476,C003476,2025-11-07,Dealer Event,Initial Visit,Van Experience Days,Initial Interaction
I0003477,C003477,2025-11-29,Website,Initial Visit,Always-on Web,Initial Interaction
I0003478,C003478,2025-08-15,Social Media,Initial Visit,Urban Mobility,Initial Interaction
I0005980,C003478,2025-08-27,Social Media,Callback Request,Urban Mobility,Engaged Prospect
I0003479,C003479,2025-09-03,Paid Search,Initial Visit,Commercial Intent,Initial Interaction
I0005982,C003479,2025-09-06,Paid Search,Callback Request,Commercial Intent,Engaged Prospect
I0003480,C003480,2025-07-25,Dealer Event,Initial Visit,Van Experience Days,Initial Interaction
I0005984,C003480,2025-08-01,Dealer Event,Configurator,Van Experience Days,Engaged Prospect
I0003481,C003481,2025-06-16,Referral,Initial Visit,Customer Referral,Initial Interaction
I0005986,C003481,2025-06-22,Referral,Brochure Download,Customer Referral,Engaged Prospect
I0003482,C003482,2025-05-22,Email,Initial Visit,CRM Nurture,Initial Interaction
I0003483,C003483,2025-03-22,Dealer Event,Initial Visit,Van Experience Days,Initial Interaction
I0003484,C003484,2025-03-28,Social Media,Initial Visit,Urban Mobility,Initial Interaction
I0005990,C003484,2025-04-11,Social Media,Brochure Download,Urban Mobility,Engaged Prospect
I0003485,C003485,2024-09-29,Paid Search,Initial Visit,Commercial Intent,Initial Interaction
I0005992,C003485,2024-10-12,Paid Search,Callback Request,Commercial Intent,Engaged Prospect
I0003486,C003486,2025-09-12,Social Media,Initial Visit,Urban Mobility,Initial Interaction
I0005994,C003486,2025-09-18,Social Media,Brochure Download,Urban Mobility,Engaged Prospect
I0003487,C003487,2025-03-20,Email,Initial Visit,CRM Nurture,Initial Interaction
I0003488,C003488,2025-03-05,Website,Initial Visit,Always-on Web,Initial Interaction
I0003489,C003489,2025-06-03,Social Media,Initial Visit,Urban Mobility,Initial Interaction
I0003490,C003490,2024-02-22,Website,Initial Visit,Always-on Web,Initial Interaction
I0005999,C003490,2024-03-06,Website,Configurator,Always-on Web,Engaged Prospect
I0003491,C003491,2025-10-05,Website,Initial Visit,Always-on Web,Initial Interaction
I0006001,C003491,2025-10-19,Website,Brochure Download,Always-on Web,Engaged Prospect
I0003492,C003492,2025-02-11,Dealer Event,Initial Visit,Van Experience Days,Initial Interaction
I0006003,C003492,2025-02-24,Dealer Event,Brochure Download,Van Experience Days,Engaged Prospect
I0003493,C003493,2025-10-23,Website,Initial Visit,Always-on Web,Initial Interaction
I0006005,C003493,2025-11-02,Website,Callback Request,Always-on Web,Engaged Prospect
I0003494,C003494,2024-03-12,Dealer Event,Initial Visit,Van Experience Days,Initial Interaction
I0003495,C003495,2024-06-12,Paid Search,Initial Visit,Commercial Intent,Initial Interaction
I0003496,C003496,2025-10-26,Email,Initial Visit,CRM Nurture,Initial Interaction
I0003497,C003497,2025-04-29,Referral,Initial Visit,Customer Referral,Initial Interaction
I0006010,C003497,2025-05-03,Referral,Callback Request,Customer Referral,Engaged Prospect
I0003498,C003498,2025-03-28,Dealer Event,Initial Visit,Van Experience Days,Initial Interaction
I0003499,C003499,2024-10-10,Dealer Event,Initial Visit,Van Experience Days,Initial Interaction
I0006013,C003499,2024-10-16,Dealer Event,Event Registration,Van Experience Days,Engaged Prospect
I0003500,C003500,2025-01-23,Website,Initial Visit,Always-on Web,Initial Interaction
I0006015,C003500,2025-02-04,Website,Callback Request,Always-on Web,Engaged Prospect
I0003501,C003501,2025-01-17,Paid Search,Initial Visit,Commercial Intent,Initial Interaction
I0003502,C003502,2024-05-18,Email,Initial Visit,CRM Nurture,Initial Interaction
I0003503,C003503,2025-01-31,Dealer Event,Initial Visit,Van Experience Days,Initial Interaction
I0006019,C003503,2025-02-13,Dealer Event,Configurator,Van Experience Days,Engaged Prospect
I0003504,C003504,2024-12-27,Dealer Event,Initial Visit,Van Experience Days,Initial Interaction
I0003505,C003505,2024-08-07,Email,Initial Visit,CRM Nurture,Initial Interaction
I0003506,C003506,2024-08-27,Website,Initial Visit,Always-on Web,Initial Interaction
I0003507,C003507,2025-06-21,Paid Search,Initial Visit,Commercial Intent,Initial Interaction
I0006024,C003507,2025-06-28,Paid Search,Configurator,Commercial Intent,Engaged Prospect
I0003508,C003508,2025-04-17,Referral,Initial Visit,Customer Referral,Initial Interaction
I0006026,C003508,2025-04-26,Referral,Configurator,Customer Referral,Engaged Prospect
I0003509,C003509,2024-11-24,Social Media,Initial Visit,Urban Mobility,Initial Interaction
I0006028,C003509,2024-12-01,Social Media,Event Registration,Urban Mobility,Engaged Prospect
I0003510,C003510,2025-02-27,Email,Initial Visit,CRM Nurture,Initial Interaction
I0003511,C003511,2024-06-17,Social Media,Initial Visit,Urban Mobility,Initial Interaction
I0003512,C003512,2024-12-15,Referral,Initial Visit,Customer Referral,Initial Interaction
I0006032,C003512,2024-12-28,Referral,Configurator,Customer Referral,Engaged Prospect
I0003513,C003513,2025-01-28,Dealer Event,Initial Visit,Van Experience Days,Initial Interaction
I0003514,C003514,2024-06-25,Website,Initial Visit,Always-on Web,Initial Interaction
I0006035,C003514,2024-07-02,Website,Configurator,Always-on Web,Engaged Prospect
I0003515,C003515,2024-04-28,Dealer Event,Initial Visit,Van Experience Days,Initial Interaction
I0006037,C003515,2024-05-10,Dealer Event,Event Registration,Van Experience Days,Engaged Prospect
I0003516,C003516,2025-01-03,Paid Search,Initial Visit,Commercial Intent,Initial Interaction
I0006039,C003516,2025-01-11,Paid Search,Callback Request,Commercial Intent,Engaged Prospect
I0003517,C003517,2025-10-20,Paid Search,Initial Visit,Commercial Intent,Initial Interaction
I0006041,C003517,2025-10-26,Paid Search,Configurator,Commercial Intent,Engaged Prospect
I0003518,C003518,2024-11-19,Dealer Event,Initial Visit,Van Experience Days,Initial Interaction
I0006043,C003518,2024-11-23,Dealer Event,Callback Request,Van Experience Days,Engaged Prospect
I0003519,C003519,2025-09-23,Paid Search,Initial Visit,Commercial Intent,Initial Interaction
I0006045,C003519,2025-10-01,Paid Search,Configurator,Commercial Intent,Engaged Prospect
I0003520,C003520,2025-08-18,Paid Search,Initial Visit,Commercial Intent,Initial Interaction
I0006047,C003520,2025-08-22,Paid Search,Event Registration,Commercial Intent,Engaged Prospect
I0003521,C003521,2025-06-05,Email,Initial Visit,CRM Nurture,Initial Interaction
I0006049,C003521,2025-06-15,Email,Configurator,CRM Nurture,Engaged Prospect
I0003522,C003522,2025-09-18,Referral,Initial Visit,Customer Referral,Initial Interaction
I0003523,C003523,2024-10-14,Website,Initial Visit,Always-on Web,Initial Interaction
I0006052,C003523,2024-10-23,Website,Event Registration,Always-on Web,Engaged Prospect
I0003524,C003524,2025-06-15,Email,Initial Visit,CRM Nurture,Initial Interaction
I0006054,C003524,2025-06-29,Email,Event Registration,CRM Nurture,Engaged Prospect
I0003525,C003525,2024-04-11,Social Media,Initial Visit,Urban Mobility,Initial Interaction
I0003526,C003526,2024-08-11,Paid Search,Initial Visit,Commercial Intent,Initial Interaction
I0006057,C003526,2024-08-14,Paid Search,Event Registration,Commercial Intent,Engaged Prospect
I0003527,C003527,2025-01-31,Email,Initial Visit,CRM Nurture,Initial Interaction
I0006059,C003527,2025-02-12,Email,Event Registration,CRM Nurture,Engaged Prospect
I0003528,C003528,2024-01-27,Social Media,Initial Visit,Urban Mobility,Initial Interaction
I0003529,C003529,2025-06-19,Dealer Event,Initial Visit,Van Experience Days,Initial Interaction
I0006062,C003529,2025-06-27,Dealer Event,Event Registration,Van Experience Days,Engaged Prospect
I0003530,C003530,2025-10-09,Email,Initial Visit,CRM Nurture,Initial Interaction
I0006064,C003530,2025-10-21,Email,Event Registration,CRM Nurture,Engaged Prospect
I0003531,C003531,2024-03-14,Referral,Initial Visit,Customer Referral,Initial Interaction
I0006066,C003531,2024-03-16,Referral,Brochure Download,Customer Referral,Engaged Prospect
I0003532,C003532,2025-11-25,Dealer Event,Initial Visit,Van Experience Days,Initial Interaction
I0006068,C003532,2025-12-09,Dealer Event,Configurator,Van Experience Days,Engaged Prospect
I0003533,C003533,2024-03-02,Website,Initial Visit,Always-on Web,Initial Interaction
I0003534,C003534,2024-03-29,Dealer Event,Initial Visit,Van Experience Days,Initial Interaction
I0006071,C003534,2024-04-09,Dealer Event,Event Registration,Van Experience Days,Engaged Prospect
I0003535,C003535,2025-06-17,Social Media,Initial Visit,Urban Mobility,Initial Interaction
I0006073,C003535,2025-07-01,Social Media,Configurator,Urban Mobility,Engaged Prospect
I0003536,C003536,2025-04-24,Website,Initial Visit,Always-on Web,Initial Interaction
I0003537,C003537,2025-10-17,Social Media,Initial Visit,Urban Mobility,Initial Interaction
I0006076,C003537,2025-10-30,Social Media,Callback Request,Urban Mobility,Engaged Prospect
I0003538,C003538,2024-10-24,Email,Initial Visit,CRM Nurture,Initial Interaction
I0006078,C003538,2024-11-06,Email,Event Registration,CRM Nurture,Engaged Prospect
I0003539,C003539,2025-02-04,Website,Initial Visit,Always-on Web,Initial Interaction
I0006080,C003539,2025-02-08,Website,Event Registration,Always-on Web,Engaged Prospect
I0003540,C003540,2024-04-13,Paid Search,Initial Visit,Commercial Intent,Initial Interaction
I0006082,C003540,2024-04-17,Paid Search,Brochure Download,Commercial Intent,Engaged Prospect
I0003541,C003541,2025-04-29,Social Media,Initial Visit,Urban Mobility,Initial Interaction
I0006084,C003541,2025-05-08,Social Media,Configurator,Urban Mobility,Engaged Prospect
I0003542,C003542,2025-11-29,Paid Search,Initial Visit,Commercial Intent,Initial Interaction
I0003543,C003543,2025-02-21,Dealer Event,Initial Visit,Van Experience Days,Initial Interaction
I0006087,C003543,2025-02-22,Dealer Event,Callback Request,Van Experience Days,Engaged Prospect
I0003544,C003544,2025-10-15,Website,Initial Visit,Always-on Web,Initial Interaction
I0006089,C003544,2025-10-27,Website,Configurator,Always-on Web,Engaged Prospect
I0003545,C003545,2024-10-02,Dealer Event,Initial Visit,Van Experience Days,Initial Interaction
I0006091,C003545,2024-10-14,Dealer Event,Configurator,Van Experience Days,Engaged Prospect
I0003546,C003546,2025-11-18,Dealer Event,Initial Visit,Van Experience Days,Initial Interaction
I0006093,C003546,2025-11-19,Dealer Event,Event Registration,Van Experience Days,Engaged Prospect
I0003547,C003547,2025-01-10,Paid Search,Initial Visit,Commercial Intent,Initial Interaction
I0006095,C003547,2025-01-20,Paid Search,Configurator,Commercial Intent,Engaged Prospect
I0003548,C003548,2024-04-10,Social Media,Initial Visit,Urban Mobility,Initial Interaction
I0006097,C003548,2024-04-16,Social Media,Callback Request,Urban Mobility,Engaged Prospect
I0003549,C003549,2024-09-10,Website,Initial Visit,Always-on Web,Initial Interaction
I0006099,C003549,2024-09-14,Website,Configurator,Always-on Web,Engaged Prospect
I0003550,C003550,2024-12-10,Website,Initial Visit,Always-on Web,Initial Interaction
I0006101,C003550,2024-12-16,Website,Event Registration,Always-on Web,Engaged Prospect
I0003551,C003551,2024-02-16,Social Media,Initial Visit,Urban Mobility,Initial Interaction
I0006103,C003551,2024-02-24,Social Media,Event Registration,Urban Mobility,Engaged Prospect
I0003552,C003552,2025-09-19,Website,Initial Visit,Always-on Web,Initial Interaction
I0006105,C003552,2025-09-26,Website,Callback Request,Always-on Web,Engaged Prospect
I0003553,C003553,2024-06-16,Dealer Event,Initial Visit,Van Experience Days,Initial Interaction
I0006107,C003553,2024-06-30,Dealer Event,Brochure Download,Van Experience Days,Engaged Prospect
I0003554,C003554,2025-04-17,Social Media,Initial Visit,Urban Mobility,Initial Interaction
I0003555,C003555,2025-10-05,Website,Initial Visit,Always-on Web,Initial Interaction
I0006110,C003555,2025-10-19,Website,Brochure Download,Always-on Web,Engaged Prospect
I0003556,C003556,2024-10-31,Paid Search,Initial Visit,Commercial Intent,Initial Interaction
I0003557,C003557,2025-03-02,Dealer Event,Initial Visit,Van Experience Days,Initial Interaction
I0006113,C003557,2025-03-07,Dealer Event,Event Registration,Van Experience Days,Engaged Prospect
I0003558,C003558,2024-12-27,Website,Initial Visit,Always-on Web,Initial Interaction
I0006115,C003558,2025-01-05,Website,Event Registration,Always-on Web,Engaged Prospect
I0003559,C003559,2025-06-18,Email,Initial Visit,CRM Nurture,Initial Interaction
I0006117,C003559,2025-06-20,Email,Callback Request,CRM Nurture,Engaged Prospect
I0003560,C003560,2024-01-28,Website,Initial Visit,Always-on Web,Initial Interaction
I0006119,C003560,2024-02-02,Website,Brochure Download,Always-on Web,Engaged Prospect
I0003561,C003561,2024-09-08,Referral,Initial Visit,Customer Referral,Initial Interaction
I0006121,C003561,2024-09-13,Referral,Brochure Download,Customer Referral,Engaged Prospect
I0003562,C003562,2025-03-04,Paid Search,Initial Visit,Commercial Intent,Initial Interaction
I0006123,C003562,2025-03-17,Paid Search,Callback Request,Commercial Intent,Engaged Prospect
I0003563,C003563,2024-03-04,Social Media,Initial Visit,Urban Mobility,Initial Interaction
I0006125,C003563,2024-03-12,Social Media,Callback Request,Urban Mobility,Engaged Prospect
I0003564,C003564,2025-08-24,Social Media,Initial Visit,Urban Mobility,Initial Interaction
I0006127,C003564,2025-08-26,Social Media,Event Registration,Urban Mobility,Engaged Prospect
I0003565,C003565,2025-03-18,Paid Search,Initial Visit,Commercial Intent,Initial Interaction
I0006129,C003565,2025-03-29,Paid Search,Configurator,Commercial Intent,Engaged Prospect
I0003566,C003566,2024-01-02,Email,Initial Visit,CRM Nurture,Initial Interaction
I0003567,C003567,2024-01-09,Website,Initial Visit,Always-on Web,Initial Interaction
I0003568,C003568,2024-04-21,Website,Initial Visit,Always-on Web,Initial Interaction
I0006133,C003568,2024-05-05,Website,Callback Request,Always-on Web,Engaged Prospect
I0003569,C003569,2025-04-09,Website,Initial Visit,Always-on Web,Initial Interaction
I0003570,C003570,2024-12-28,Social Media,Initial Visit,Urban Mobility,Initial Interaction
I0006136,C003570,2024-12-29,Social Media,Event Registration,Urban Mobility,Engaged Prospect
I0003571,C003571,2024-12-03,Dealer Event,Initial Visit,Van Experience Days,Initial Interaction
I0006138,C003571,2024-12-07,Dealer Event,Configurator,Van Experience Days,Engaged Prospect
I0003572,C003572,2025-01-27,Website,Initial Visit,Always-on Web,Initial Interaction
I0006140,C003572,2025-01-29,Website,Callback Request,Always-on Web,Engaged Prospect
I0003573,C003573,2024-12-12,Dealer Event,Initial Visit,Van Experience Days,Initial Interaction
I0006142,C003573,2024-12-16,Dealer Event,Callback Request,Van Experience Days,Engaged Prospect
I0003574,C003574,2024-08-28,Dealer Event,Initial Visit,Van Experience Days,Initial Interaction
I0003575,C003575,2024-01-06,Website,Initial Visit,Always-on Web,Initial Interaction
I0006145,C003575,2024-01-19,Website,Event Registration,Always-on Web,Engaged Prospect
I0003576,C003576,2024-01-20,Website,Initial Visit,Always-on Web,Initial Interaction
I0006147,C003576,2024-02-01,Website,Callback Request,Always-on Web,Engaged Prospect
I0003577,C003577,2025-04-27,Paid Search,Initial Visit,Commercial Intent,Initial Interaction
I0003578,C003578,2025-06-04,Website,Initial Visit,Always-on Web,Initial Interaction
I0006150,C003578,2025-06-11,Website,Brochure Download,Always-on Web,Engaged Prospect
I0003579,C003579,2024-06-16,Email,Initial Visit,CRM Nurture,Initial Interaction
I0006152,C003579,2024-06-30,Email,Event Registration,CRM Nurture,Engaged Prospect
I0003580,C003580,2024-06-19,Social Media,Initial Visit,Urban Mobility,Initial Interaction
I0006154,C003580,2024-06-30,Social Media,Event Registration,Urban Mobility,Engaged Prospect
I0003581,C003581,2024-10-12,Paid Search,Initial Visit,Commercial Intent,Initial Interaction
I0006156,C003581,2024-10-20,Paid Search,Configurator,Commercial Intent,Engaged Prospect
I0003582,C003582,2025-03-27,Email,Initial Visit,CRM Nurture,Initial Interaction
I0006158,C003582,2025-04-06,Email,Event Registration,CRM Nurture,Engaged Prospect
I0003583,C003583,2025-02-19,Paid Search,Initial Visit,Commercial Intent,Initial Interaction
I0006160,C003583,2025-02-28,Paid Search,Configurator,Commercial Intent,Engaged Prospect
I0003584,C003584,2025-01-26,Dealer Event,Initial Visit,Van Experience Days,Initial Interaction
I0006162,C003584,2025-01-28,Dealer Event,Callback Request,Van Experience Days,Engaged Prospect
I0003585,C003585,2024-01-26,Email,Initial Visit,CRM Nurture,Initial Interaction
I0006164,C003585,2024-01-30,Email,Configurator,CRM Nurture,Engaged Prospect
I0003586,C003586,2024-10-28,Paid Search,Initial Visit,Commercial Intent,Initial Interaction
I0006166,C003586,2024-11-07,Paid Search,Event Registration,Commercial Intent,Engaged Prospect
I0003587,C003587,2025-06-10,Social Media,Initial Visit,Urban Mobility,Initial Interaction
I0006168,C003587,2025-06-18,Social Media,Brochure Download,Urban Mobility,Engaged Prospect
I0003588,C003588,2025-02-17,Website,Initial Visit,Always-on Web,Initial Interaction
I0006170,C003588,2025-02-28,Website,Brochure Download,Always-on Web,Engaged Prospect
I0003589,C003589,2025-07-18,Referral,Initial Visit,Customer Referral,Initial Interaction
I0003590,C003590,2025-05-01,Paid Search,Initial Visit,Commercial Intent,Initial Interaction
I0006173,C003590,2025-05-08,Paid Search,Configurator,Commercial Intent,Engaged Prospect
I0003591,C003591,2025-09-21,Dealer Event,Initial Visit,Van Experience Days,Initial Interaction
I0006175,C003591,2025-09-26,Dealer Event,Brochure Download,Van Experience Days,Engaged Prospect
I0003592,C003592,2025-02-04,Referral,Initial Visit,Customer Referral,Initial Interaction
I0006177,C003592,2025-02-12,Referral,Configurator,Customer Referral,Engaged Prospect
I0003593,C003593,2025-02-02,Social Media,Initial Visit,Urban Mobility,Initial Interaction
I0006179,C003593,2025-02-07,Social Media,Callback Request,Urban Mobility,Engaged Prospect
I0003594,C003594,2025-01-25,Email,Initial Visit,CRM Nurture,Initial Interaction
I0003595,C003595,2024-07-04,Social Media,Initial Visit,Urban Mobility,Initial Interaction
I0006182,C003595,2024-07-14,Social Media,Callback Request,Urban Mobility,Engaged Prospect
I0003596,C003596,2024-11-01,Website,Initial Visit,Always-on Web,Initial Interaction
I0006184,C003596,2024-11-02,Website,Configurator,Always-on Web,Engaged Prospect
I0003597,C003597,2024-04-28,Referral,Initial Visit,Customer Referral,Initial Interaction
I0006186,C003597,2024-05-01,Referral,Configurator,Customer Referral,Engaged Prospect
I0003598,C003598,2024-10-28,Paid Search,Initial Visit,Commercial Intent,Initial Interaction
I0003599,C003599,2024-04-14,Dealer Event,Initial Visit,Van Experience Days,Initial Interaction
I0006189,C003599,2024-04-27,Dealer Event,Configurator,Van Experience Days,Engaged Prospect
I0003600,C003600,2024-12-09,Email,Initial Visit,CRM Nurture,Initial Interaction
I0006191,C003600,2024-12-18,Email,Callback Request,CRM Nurture,Engaged Prospect
I0003601,C003601,2025-10-29,Website,Initial Visit,Always-on Web,Initial Interaction
I0003602,C003602,2024-11-12,Paid Search,Initial Visit,Commercial Intent,Initial Interaction
I0006194,C003602,2024-11-26,Paid Search,Event Registration,Commercial Intent,Engaged Prospect
I0003603,C003603,2025-06-01,Website,Initial Visit,Always-on Web,Initial Interaction
I0006196,C003603,2025-06-15,Website,Brochure Download,Always-on Web,Engaged Prospect
I0003604,C003604,2024-11-03,Website,Initial Visit,Always-on Web,Initial Interaction
I0003605,C003605,2025-09-26,Email,Initial Visit,CRM Nurture,Initial Interaction
I0006199,C003605,2025-10-01,Email,Event Registration,CRM Nurture,Engaged Prospect
I0003606,C003606,2024-05-27,Website,Initial Visit,Always-on Web,Initial Interaction
I0003607,C003607,2025-08-07,Referral,Initial Visit,Customer Referral,Initial Interaction
I0003608,C003608,2025-05-22,Paid Search,Initial Visit,Commercial Intent,Initial Interaction
I0003609,C003609,2025-09-14,Paid Search,Initial Visit,Commercial Intent,Initial Interaction
I0003610,C003610,2024-04-03,Paid Search,Initial Visit,Commercial Intent,Initial Interaction
I0006205,C003610,2024-04-07,Paid Search,Callback Request,Commercial Intent,Engaged Prospect
I0003611,C003611,2025-09-18,Website,Initial Visit,Always-on Web,Initial Interaction
I0006207,C003611,2025-09-20,Website,Configurator,Always-on Web,Engaged Prospect
I0003612,C003612,2025-09-28,Social Media,Initial Visit,Urban Mobility,Initial Interaction
I0006209,C003612,2025-10-09,Social Media,Callback Request,Urban Mobility,Engaged Prospect
I0003613,C003613,2024-07-26,Paid Search,Initial Visit,Commercial Intent,Initial Interaction
I0006211,C003613,2024-07-30,Paid Search,Event Registration,Commercial Intent,Engaged Prospect
I0003614,C003614,2025-03-13,Social Media,Initial Visit,Urban Mobility,Initial Interaction
I0006213,C003614,2025-03-16,Social Media,Callback Request,Urban Mobility,Engaged Prospect
I0003615,C003615,2025-02-14,Social Media,Initial Visit,Urban Mobility,Initial Interaction
I0006215,C003615,2025-02-23,Social Media,Configurator,Urban Mobility,Engaged Prospect
I0003616,C003616,2024-02-04,Website,Initial Visit,Always-on Web,Initial Interaction
I0003617,C003617,2025-01-02,Paid Search,Initial Visit,Commercial Intent,Initial Interaction
I0003618,C003618,2025-04-06,Paid Search,Initial Visit,Commercial Intent,Initial Interaction
I0003619,C003619,2024-05-23,Website,Initial Visit,Always-on Web,Initial Interaction
I0003620,C003620,2024-09-10,Email,Initial Visit,CRM Nurture,Initial Interaction
I0006221,C003620,2024-09-24,Email,Callback Request,CRM Nurture,Engaged Prospect
I0003621,C003621,2025-02-13,Website,Initial Visit,Always-on Web,Initial Interaction
I0006223,C003621,2025-02-18,Website,Brochure Download,Always-on Web,Engaged Prospect
I0003622,C003622,2025-10-12,Website,Initial Visit,Always-on Web,Initial Interaction
I0003623,C003623,2024-02-12,Social Media,Initial Visit,Urban Mobility,Initial Interaction
I0006226,C003623,2024-02-17,Social Media,Configurator,Urban Mobility,Engaged Prospect
I0003624,C003624,2025-10-17,Paid Search,Initial Visit,Commercial Intent,Initial Interaction
I0003625,C003625,2025-07-25,Referral,Initial Visit,Customer Referral,Initial Interaction
I0006229,C003625,2025-08-07,Referral,Brochure Download,Customer Referral,Engaged Prospect
I0003626,C003626,2025-08-15,Dealer Event,Initial Visit,Van Experience Days,Initial Interaction
I0006231,C003626,2025-08-27,Dealer Event,Event Registration,Van Experience Days,Engaged Prospect
I0003627,C003627,2024-02-03,Email,Initial Visit,CRM Nurture,Initial Interaction
I0006233,C003627,2024-02-06,Email,Brochure Download,CRM Nurture,Engaged Prospect
I0003628,C003628,2025-02-01,Social Media,Initial Visit,Urban Mobility,Initial Interaction
I0006235,C003628,2025-02-08,Social Media,Callback Request,Urban Mobility,Engaged Prospect
I0003629,C003629,2024-09-15,Paid Search,Initial Visit,Commercial Intent,Initial Interaction
I0003630,C003630,2025-10-05,Website,Initial Visit,Always-on Web,Initial Interaction
I0006238,C003630,2025-10-06,Website,Brochure Download,Always-on Web,Engaged Prospect
I0003631,C003631,2025-06-02,Dealer Event,Initial Visit,Van Experience Days,Initial Interaction
I0006240,C003631,2025-06-05,Dealer Event,Brochure Download,Van Experience Days,Engaged Prospect
I0003632,C003632,2025-03-30,Paid Search,Initial Visit,Commercial Intent,Initial Interaction
I0003633,C003633,2024-01-20,Paid Search,Initial Visit,Commercial Intent,Initial Interaction
I0006243,C003633,2024-01-30,Paid Search,Brochure Download,Commercial Intent,Engaged Prospect
I0003634,C003634,2025-09-04,Social Media,Initial Visit,Urban Mobility,Initial Interaction
I0006245,C003634,2025-09-08,Social Media,Configurator,Urban Mobility,Engaged Prospect
I0003635,C003635,2024-12-08,Email,Initial Visit,CRM Nurture,Initial Interaction
I0006247,C003635,2024-12-14,Email,Event Registration,CRM Nurture,Engaged Prospect
I0003636,C003636,2024-04-22,Social Media,Initial Visit,Urban Mobility,Initial Interaction
I0006249,C003636,2024-05-03,Social Media,Configurator,Urban Mobility,Engaged Prospect
I0003637,C003637,2025-09-03,Website,Initial Visit,Always-on Web,Initial Interaction
I0006251,C003637,2025-09-13,Website,Brochure Download,Always-on Web,Engaged Prospect
I0003638,C003638,2025-09-24,Referral,Initial Visit,Customer Referral,Initial Interaction
I0006253,C003638,2025-10-04,Referral,Event Registration,Customer Referral,Engaged Prospect
I0003639,C003639,2024-12-13,Website,Initial Visit,Always-on Web,Initial Interaction
I0006255,C003639,2024-12-23,Website,Brochure Download,Always-on Web,Engaged Prospect
I0003640,C003640,2025-04-08,Referral,Initial Visit,Customer Referral,Initial Interaction
I0006257,C003640,2025-04-11,Referral,Configurator,Customer Referral,Engaged Prospect
I0003641,C003641,2025-03-03,Paid Search,Initial Visit,Commercial Intent,Initial Interaction
I0006259,C003641,2025-03-13,Paid Search,Brochure Download,Commercial Intent,Engaged Prospect
I0003642,C003642,2024-07-31,Referral,Initial Visit,Customer Referral,Initial Interaction
I0006261,C003642,2024-08-14,Referral,Event Registration,Customer Referral,Engaged Prospect
I0003643,C003643,2025-06-07,Referral,Initial Visit,Customer Referral,Initial Interaction
I0006263,C003643,2025-06-08,Referral,Event Registration,Customer Referral,Engaged Prospect
I0003644,C003644,2025-11-29,Paid Search,Initial Visit,Commercial Intent,Initial Interaction
I0006265,C003644,2025-12-08,Paid Search,Callback Request,Commercial Intent,Engaged Prospect
I0003645,C003645,2025-10-15,Dealer Event,Initial Visit,Van Experience Days,Initial Interaction
I0006267,C003645,2025-10-17,Dealer Event,Configurator,Van Experience Days,Engaged Prospect
I0003646,C003646,2025-04-25,Website,Initial Visit,Always-on Web,Initial Interaction
I0006269,C003646,2025-04-27,Website,Event Registration,Always-on Web,Engaged Prospect
I0003647,C003647,2024-09-09,Website,Initial Visit,Always-on Web,Initial Interaction
I0006271,C003647,2024-09-17,Website,Configurator,Always-on Web,Engaged Prospect
I0003648,C003648,2025-09-27,Paid Search,Initial Visit,Commercial Intent,Initial Interaction
I0006273,C003648,2025-10-02,Paid Search,Configurator,Commercial Intent,Engaged Prospect
I0003649,C003649,2025-10-11,Social Media,Initial Visit,Urban Mobility,Initial Interaction
I0003650,C003650,2024-01-04,Website,Initial Visit,Always-on Web,Initial Interaction
I0003651,C003651,2024-08-24,Social Media,Initial Visit,Urban Mobility,Initial Interaction
I0006277,C003651,2024-08-31,Social Media,Event Registration,Urban Mobility,Engaged Prospect
I0003652,C003652,2025-01-21,Referral,Initial Visit,Customer Referral,Initial Interaction
I0006279,C003652,2025-02-04,Referral,Configurator,Customer Referral,Engaged Prospect
I0003653,C003653,2025-02-08,Dealer Event,Initial Visit,Van Experience Days,Initial Interaction
I0003654,C003654,2025-05-13,Website,Initial Visit,Always-on Web,Initial Interaction
I0006282,C003654,2025-05-14,Website,Brochure Download,Always-on Web,Engaged Prospect
I0003655,C003655,2024-12-25,Social Media,Initial Visit,Urban Mobility,Initial Interaction
I0006284,C003655,2024-12-31,Social Media,Configurator,Urban Mobility,Engaged Prospect
I0003656,C003656,2024-01-10,Website,Initial Visit,Always-on Web,Initial Interaction
I0003657,C003657,2024-04-26,Website,Initial Visit,Always-on Web,Initial Interaction
I0003658,C003658,2025-06-17,Referral,Initial Visit,Customer Referral,Initial Interaction
I0003659,C003659,2025-04-30,Referral,Initial Visit,Customer Referral,Initial Interaction
I0006289,C003659,2025-05-09,Referral,Configurator,Customer Referral,Engaged Prospect
I0003660,C003660,2025-04-01,Website,Initial Visit,Always-on Web,Initial Interaction
I0006291,C003660,2025-04-06,Website,Brochure Download,Always-on Web,Engaged Prospect
I0003661,C003661,2024-11-04,Website,Initial Visit,Always-on Web,Initial Interaction
I0006293,C003661,2024-11-08,Website,Configurator,Always-on Web,Engaged Prospect
I0003662,C003662,2024-07-11,Paid Search,Initial Visit,Commercial Intent,Initial Interaction
I0003663,C003663,2024-08-03,Paid Search,Initial Visit,Commercial Intent,Initial Interaction
I0006296,C003663,2024-08-09,Paid Search,Brochure Download,Commercial Intent,Engaged Prospect
I0003664,C003664,2025-04-27,Website,Initial Visit,Always-on Web,Initial Interaction
I0006298,C003664,2025-05-07,Website,Configurator,Always-on Web,Engaged Prospect
I0003665,C003665,2024-12-19,Website,Initial Visit,Always-on Web,Initial Interaction
I0006300,C003665,2025-01-02,Website,Configurator,Always-on Web,Engaged Prospect
I0003666,C003666,2024-04-01,Paid Search,Initial Visit,Commercial Intent,Initial Interaction
I0003667,C003667,2024-10-06,Website,Initial Visit,Always-on Web,Initial Interaction
I0006303,C003667,2024-10-17,Website,Event Registration,Always-on Web,Engaged Prospect
I0003668,C003668,2025-07-30,Dealer Event,Initial Visit,Van Experience Days,Initial Interaction
I0006305,C003668,2025-08-05,Dealer Event,Callback Request,Van Experience Days,Engaged Prospect
I0003669,C003669,2025-02-23,Email,Initial Visit,CRM Nurture,Initial Interaction
I0003670,C003670,2025-08-29,Social Media,Initial Visit,Urban Mobility,Initial Interaction
I0006308,C003670,2025-09-10,Social Media,Brochure Download,Urban Mobility,Engaged Prospect
I0003671,C003671,2024-12-22,Paid Search,Initial Visit,Commercial Intent,Initial Interaction
I0003672,C003672,2024-12-05,Dealer Event,Initial Visit,Van Experience Days,Initial Interaction
I0006311,C003672,2024-12-18,Dealer Event,Configurator,Van Experience Days,Engaged Prospect
I0003673,C003673,2025-10-26,Website,Initial Visit,Always-on Web,Initial Interaction
I0006313,C003673,2025-10-27,Website,Configurator,Always-on Web,Engaged Prospect
I0003674,C003674,2024-12-21,Dealer Event,Initial Visit,Van Experience Days,Initial Interaction
I0003675,C003675,2024-04-04,Website,Initial Visit,Always-on Web,Initial Interaction
I0006316,C003675,2024-04-15,Website,Event Registration,Always-on Web,Engaged Prospect
I0003676,C003676,2024-10-08,Referral,Initial Visit,Customer Referral,Initial Interaction
I0003677,C003677,2025-03-29,Website,Initial Visit,Always-on Web,Initial Interaction
I0003678,C003678,2024-08-29,Dealer Event,Initial Visit,Van Experience Days,Initial Interaction
I0003679,C003679,2024-10-14,Website,Initial Visit,Always-on Web,Initial Interaction
I0006321,C003679,2024-10-22,Website,Event Registration,Always-on Web,Engaged Prospect
I0003680,C003680,2025-09-03,Dealer Event,Initial Visit,Van Experience Days,Initial Interaction
I0006323,C003680,2025-09-04,Dealer Event,Configurator,Van Experience Days,Engaged Prospect
I0003681,C003681,2024-10-31,Social Media,Initial Visit,Urban Mobility,Initial Interaction
I0006325,C003681,2024-11-02,Social Media,Callback Request,Urban Mobility,Engaged Prospect
I0003682,C003682,2024-08-01,Website,Initial Visit,Always-on Web,Initial Interaction
I0006327,C003682,2024-08-12,Website,Configurator,Always-on Web,Engaged Prospect
I0003683,C003683,2024-03-16,Dealer Event,Initial Visit,Van Experience Days,Initial Interaction
I0006329,C003683,2024-03-27,Dealer Event,Brochure Download,Van Experience Days,Engaged Prospect
I0003684,C003684,2024-10-08,Website,Initial Visit,Always-on Web,Initial Interaction
I0006331,C003684,2024-10-22,Website,Brochure Download,Always-on Web,Engaged Prospect
I0003685,C003685,2025-06-20,Social Media,Initial Visit,Urban Mobility,Initial Interaction
I0003686,C003686,2024-07-28,Paid Search,Initial Visit,Commercial Intent,Initial Interaction
I0006334,C003686,2024-08-07,Paid Search,Brochure Download,Commercial Intent,Engaged Prospect
I0003687,C003687,2024-11-25,Email,Initial Visit,CRM Nurture,Initial Interaction
I0003688,C003688,2025-04-04,Dealer Event,Initial Visit,Van Experience Days,Initial Interaction
I0006337,C003688,2025-04-07,Dealer Event,Event Registration,Van Experience Days,Engaged Prospect
I0003689,C003689,2025-10-11,Paid Search,Initial Visit,Commercial Intent,Initial Interaction
I0006339,C003689,2025-10-13,Paid Search,Event Registration,Commercial Intent,Engaged Prospect
I0003690,C003690,2025-07-23,Email,Initial Visit,CRM Nurture,Initial Interaction
I0006341,C003690,2025-07-25,Email,Event Registration,CRM Nurture,Engaged Prospect
I0003691,C003691,2024-07-19,Referral,Initial Visit,Customer Referral,Initial Interaction
I0003692,C003692,2024-04-25,Email,Initial Visit,CRM Nurture,Initial Interaction
I0006344,C003692,2024-04-27,Email,Brochure Download,CRM Nurture,Engaged Prospect
I0003693,C003693,2025-04-14,Paid Search,Initial Visit,Commercial Intent,Initial Interaction
I0006346,C003693,2025-04-19,Paid Search,Event Registration,Commercial Intent,Engaged Prospect
I0003694,C003694,2024-06-27,Paid Search,Initial Visit,Commercial Intent,Initial Interaction
I0003695,C003695,2024-10-01,Website,Initial Visit,Always-on Web,Initial Interaction
I0006349,C003695,2024-10-05,Website,Brochure Download,Always-on Web,Engaged Prospect
I0003696,C003696,2024-03-13,Paid Search,Initial Visit,Commercial Intent,Initial Interaction
I0006351,C003696,2024-03-24,Paid Search,Configurator,Commercial Intent,Engaged Prospect
I0003697,C003697,2025-06-26,Website,Initial Visit,Always-on Web,Initial Interaction
I0006353,C003697,2025-06-27,Website,Event Registration,Always-on Web,Engaged Prospect
I0003698,C003698,2024-04-22,Dealer Event,Initial Visit,Van Experience Days,Initial Interaction
I0006355,C003698,2024-05-01,Dealer Event,Brochure Download,Van Experience Days,Engaged Prospect
I0003699,C003699,2024-09-23,Social Media,Initial Visit,Urban Mobility,Initial Interaction
I0003700,C003700,2024-10-11,Social Media,Initial Visit,Urban Mobility,Initial Interaction
I0003701,C003701,2024-01-30,Website,Initial Visit,Always-on Web,Initial Interaction
I0006359,C003701,2024-02-01,Website,Event Registration,Always-on Web,Engaged Prospect
I0003702,C003702,2025-06-27,Website,Initial Visit,Always-on Web,Initial Interaction
I0003703,C003703,2025-03-08,Dealer Event,Initial Visit,Van Experience Days,Initial Interaction
I0003704,C003704,2025-01-14,Social Media,Initial Visit,Urban Mobility,Initial Interaction
I0006363,C003704,2025-01-21,Social Media,Configurator,Urban Mobility,Engaged Prospect
I0003705,C003705,2024-05-04,Referral,Initial Visit,Customer Referral,Initial Interaction
I0006365,C003705,2024-05-17,Referral,Brochure Download,Customer Referral,Engaged Prospect
I0003706,C003706,2024-02-07,Social Media,Initial Visit,Urban Mobility,Initial Interaction
I0006367,C003706,2024-02-12,Social Media,Brochure Download,Urban Mobility,Engaged Prospect
I0003707,C003707,2024-02-08,Website,Initial Visit,Always-on Web,Initial Interaction
I0006369,C003707,2024-02-22,Website,Configurator,Always-on Web,Engaged Prospect
I0003708,C003708,2025-03-13,Email,Initial Visit,CRM Nurture,Initial Interaction
I0006371,C003708,2025-03-19,Email,Event Registration,CRM Nurture,Engaged Prospect
I0003709,C003709,2025-06-07,Email,Initial Visit,CRM Nurture,Initial Interaction
I0006373,C003709,2025-06-20,Email,Callback Request,CRM Nurture,Engaged Prospect
I0003710,C003710,2025-07-10,Website,Initial Visit,Always-on Web,Initial Interaction
I0003711,C003711,2025-07-14,Email,Initial Visit,CRM Nurture,Initial Interaction
I0006376,C003711,2025-07-21,Email,Brochure Download,CRM Nurture,Engaged Prospect
I0003712,C003712,2024-10-02,Website,Initial Visit,Always-on Web,Initial Interaction
I0003713,C003713,2024-01-01,Website,Initial Visit,Always-on Web,Initial Interaction
I0006379,C003713,2024-01-03,Website,Brochure Download,Always-on Web,Engaged Prospect
I0003714,C003714,2024-06-20,Website,Initial Visit,Always-on Web,Initial Interaction
I0003715,C003715,2025-07-04,Social Media,Initial Visit,Urban Mobility,Initial Interaction
I0006382,C003715,2025-07-14,Social Media,Brochure Download,Urban Mobility,Engaged Prospect
I0003716,C003716,2025-06-18,Email,Initial Visit,CRM Nurture,Initial Interaction
I0006384,C003716,2025-06-19,Email,Brochure Download,CRM Nurture,Engaged Prospect
I0003717,C003717,2024-12-21,Website,Initial Visit,Always-on Web,Initial Interaction
I0003718,C003718,2024-01-17,Dealer Event,Initial Visit,Van Experience Days,Initial Interaction
I0003719,C003719,2025-06-27,Email,Initial Visit,CRM Nurture,Initial Interaction
I0006388,C003719,2025-07-11,Email,Callback Request,CRM Nurture,Engaged Prospect
I0003720,C003720,2025-07-24,Paid Search,Initial Visit,Commercial Intent,Initial Interaction
I0006390,C003720,2025-07-27,Paid Search,Brochure Download,Commercial Intent,Engaged Prospect
I0003721,C003721,2024-06-07,Website,Initial Visit,Always-on Web,Initial Interaction
I0006392,C003721,2024-06-17,Website,Brochure Download,Always-on Web,Engaged Prospect
I0003722,C003722,2025-07-16,Paid Search,Initial Visit,Commercial Intent,Initial Interaction
I0003723,C003723,2025-03-23,Website,Initial Visit,Always-on Web,Initial Interaction
I0006395,C003723,2025-03-29,Website,Event Registration,Always-on Web,Engaged Prospect
I0003724,C003724,2025-09-13,Referral,Initial Visit,Customer Referral,Initial Interaction
I0003725,C003725,2025-03-14,Dealer Event,Initial Visit,Van Experience Days,Initial Interaction
I0003726,C003726,2024-03-03,Website,Initial Visit,Always-on Web,Initial Interaction
I0006399,C003726,2024-03-07,Website,Callback Request,Always-on Web,Engaged Prospect
I0003727,C003727,2025-03-28,Social Media,Initial Visit,Urban Mobility,Initial Interaction
I0006401,C003727,2025-03-31,Social Media,Brochure Download,Urban Mobility,Engaged Prospect
I0003728,C003728,2024-03-16,Website,Initial Visit,Always-on Web,Initial Interaction
I0006403,C003728,2024-03-23,Website,Event Registration,Always-on Web,Engaged Prospect
I0003729,C003729,2024-06-30,Website,Initial Visit,Always-on Web,Initial Interaction
I0006405,C003729,2024-07-08,Website,Callback Request,Always-on Web,Engaged Prospect
I0003730,C003730,2025-09-02,Paid Search,Initial Visit,Commercial Intent,Initial Interaction
I0003731,C003731,2025-11-08,Website,Initial Visit,Always-on Web,Initial Interaction
I0003732,C003732,2024-11-28,Website,Initial Visit,Always-on Web,Initial Interaction
I0006409,C003732,2024-11-29,Website,Callback Request,Always-on Web,Engaged Prospect
I0003733,C003733,2024-07-22,Paid Search,Initial Visit,Commercial Intent,Initial Interaction
I0003734,C003734,2024-10-01,Paid Search,Initial Visit,Commercial Intent,Initial Interaction
I0006412,C003734,2024-10-02,Paid Search,Brochure Download,Commercial Intent,Engaged Prospect
I0003735,C003735,2024-06-18,Paid Search,Initial Visit,Commercial Intent,Initial Interaction
I0003736,C003736,2025-02-05,Social Media,Initial Visit,Urban Mobility,Initial Interaction
I0006415,C003736,2025-02-07,Social Media,Configurator,Urban Mobility,Engaged Prospect
I0003737,C003737,2024-10-21,Paid Search,Initial Visit,Commercial Intent,Initial Interaction
I0006417,C003737,2024-11-03,Paid Search,Callback Request,Commercial Intent,Engaged Prospect
I0003738,C003738,2024-02-11,Social Media,Initial Visit,Urban Mobility,Initial Interaction
I0006419,C003738,2024-02-24,Social Media,Brochure Download,Urban Mobility,Engaged Prospect
I0003739,C003739,2025-03-03,Paid Search,Initial Visit,Commercial Intent,Initial Interaction
I0003740,C003740,2025-03-26,Referral,Initial Visit,Customer Referral,Initial Interaction
I0003741,C003741,2025-04-11,Website,Initial Visit,Always-on Web,Initial Interaction
I0006423,C003741,2025-04-17,Website,Configurator,Always-on Web,Engaged Prospect
I0003742,C003742,2025-10-23,Social Media,Initial Visit,Urban Mobility,Initial Interaction
I0006425,C003742,2025-10-28,Social Media,Configurator,Urban Mobility,Engaged Prospect
I0003743,C003743,2025-05-07,Website,Initial Visit,Always-on Web,Initial Interaction
I0006427,C003743,2025-05-17,Website,Brochure Download,Always-on Web,Engaged Prospect
I0003744,C003744,2025-04-18,Paid Search,Initial Visit,Commercial Intent,Initial Interaction
I0006429,C003744,2025-04-20,Paid Search,Callback Request,Commercial Intent,Engaged Prospect
I0003745,C003745,2024-05-28,Social Media,Initial Visit,Urban Mobility,Initial Interaction
I0006431,C003745,2024-05-30,Social Media,Configurator,Urban Mobility,Engaged Prospect
I0003746,C003746,2024-11-21,Email,Initial Visit,CRM Nurture,Initial Interaction
I0006433,C003746,2024-11-28,Email,Callback Request,CRM Nurture,Engaged Prospect
I0003747,C003747,2024-10-31,Referral,Initial Visit,Customer Referral,Initial Interaction
I0006435,C003747,2024-11-01,Referral,Brochure Download,Customer Referral,Engaged Prospect
I0003748,C003748,2025-11-03,Social Media,Initial Visit,Urban Mobility,Initial Interaction
I0006437,C003748,2025-11-11,Social Media,Event Registration,Urban Mobility,Engaged Prospect
I0003749,C003749,2024-11-28,Website,Initial Visit,Always-on Web,Initial Interaction
I0003750,C003750,2025-04-26,Dealer Event,Initial Visit,Van Experience Days,Initial Interaction
I0006440,C003750,2025-05-07,Dealer Event,Brochure Download,Van Experience Days,Engaged Prospect
I0003751,C003751,2025-01-13,Website,Initial Visit,Always-on Web,Initial Interaction
I0006442,C003751,2025-01-25,Website,Event Registration,Always-on Web,Engaged Prospect
I0003752,C003752,2024-02-09,Social Media,Initial Visit,Urban Mobility,Initial Interaction
I0006444,C003752,2024-02-11,Social Media,Configurator,Urban Mobility,Engaged Prospect
I0003753,C003753,2025-10-16,Dealer Event,Initial Visit,Van Experience Days,Initial Interaction
I0006446,C003753,2025-10-19,Dealer Event,Callback Request,Van Experience Days,Engaged Prospect
I0003754,C003754,2025-04-14,Paid Search,Initial Visit,Commercial Intent,Initial Interaction
I0003755,C003755,2024-06-10,Social Media,Initial Visit,Urban Mobility,Initial Interaction
I0006449,C003755,2024-06-19,Social Media,Event Registration,Urban Mobility,Engaged Prospect
I0003756,C003756,2024-02-11,Website,Initial Visit,Always-on Web,Initial Interaction
I0003757,C003757,2025-10-17,Website,Initial Visit,Always-on Web,Initial Interaction
I0003758,C003758,2024-08-03,Referral,Initial Visit,Customer Referral,Initial Interaction
I0006453,C003758,2024-08-08,Referral,Brochure Download,Customer Referral,Engaged Prospect
I0003759,C003759,2024-01-12,Website,Initial Visit,Always-on Web,Initial Interaction
I0003760,C003760,2025-03-06,Paid Search,Initial Visit,Commercial Intent,Initial Interaction
I0006456,C003760,2025-03-08,Paid Search,Brochure Download,Commercial Intent,Engaged Prospect
I0003761,C003761,2024-01-12,Social Media,Initial Visit,Urban Mobility,Initial Interaction
I0006458,C003761,2024-01-25,Social Media,Callback Request,Urban Mobility,Engaged Prospect
I0003762,C003762,2024-05-30,Paid Search,Initial Visit,Commercial Intent,Initial Interaction
I0003763,C003763,2025-09-17,Website,Initial Visit,Always-on Web,Initial Interaction
I0006461,C003763,2025-09-29,Website,Event Registration,Always-on Web,Engaged Prospect
I0003764,C003764,2024-01-27,Website,Initial Visit,Always-on Web,Initial Interaction
I0006463,C003764,2024-02-09,Website,Brochure Download,Always-on Web,Engaged Prospect
I0003765,C003765,2025-06-10,Social Media,Initial Visit,Urban Mobility,Initial Interaction
I0006465,C003765,2025-06-18,Social Media,Brochure Download,Urban Mobility,Engaged Prospect
I0003766,C003766,2025-03-08,Paid Search,Initial Visit,Commercial Intent,Initial Interaction
I0006467,C003766,2025-03-13,Paid Search,Brochure Download,Commercial Intent,Engaged Prospect
I0003767,C003767,2024-08-02,Dealer Event,Initial Visit,Van Experience Days,Initial Interaction
I0006469,C003767,2024-08-10,Dealer Event,Brochure Download,Van Experience Days,Engaged Prospect
I0003768,C003768,2024-07-19,Paid Search,Initial Visit,Commercial Intent,Initial Interaction
I0003769,C003769,2024-11-28,Referral,Initial Visit,Customer Referral,Initial Interaction
I0006472,C003769,2024-12-07,Referral,Callback Request,Customer Referral,Engaged Prospect
I0003770,C003770,2025-01-08,Paid Search,Initial Visit,Commercial Intent,Initial Interaction
I0003771,C003771,2025-09-15,Paid Search,Initial Visit,Commercial Intent,Initial Interaction
I0003772,C003772,2024-07-01,Referral,Initial Visit,Customer Referral,Initial Interaction
I0003773,C003773,2025-02-17,Dealer Event,Initial Visit,Van Experience Days,Initial Interaction
I0006477,C003773,2025-02-20,Dealer Event,Brochure Download,Van Experience Days,Engaged Prospect
I0003774,C003774,2025-04-25,Paid Search,Initial Visit,Commercial Intent,Initial Interaction
I0006479,C003774,2025-05-09,Paid Search,Event Registration,Commercial Intent,Engaged Prospect
I0003775,C003775,2024-01-09,Paid Search,Initial Visit,Commercial Intent,Initial Interaction
I0003776,C003776,2025-09-18,Dealer Event,Initial Visit,Van Experience Days,Initial Interaction
I0003777,C003777,2025-11-25,Website,Initial Visit,Always-on Web,Initial Interaction
I0006483,C003777,2025-12-02,Website,Callback Request,Always-on Web,Engaged Prospect
I0003778,C003778,2024-03-01,Paid Search,Initial Visit,Commercial Intent,Initial Interaction
I0006485,C003778,2024-03-13,Paid Search,Brochure Download,Commercial Intent,Engaged Prospect
I0003779,C003779,2024-07-02,Social Media,Initial Visit,Urban Mobility,Initial Interaction
I0003780,C003780,2025-07-04,Dealer Event,Initial Visit,Van Experience Days,Initial Interaction
I0006488,C003780,2025-07-12,Dealer Event,Event Registration,Van Experience Days,Engaged Prospect
I0003781,C003781,2025-07-20,Social Media,Initial Visit,Urban Mobility,Initial Interaction
I0006490,C003781,2025-07-24,Social Media,Event Registration,Urban Mobility,Engaged Prospect
I0003782,C003782,2024-04-19,Paid Search,Initial Visit,Commercial Intent,Initial Interaction
I0006492,C003782,2024-04-29,Paid Search,Configurator,Commercial Intent,Engaged Prospect
I0003783,C003783,2025-10-04,Referral,Initial Visit,Customer Referral,Initial Interaction
I0003784,C003784,2024-08-18,Website,Initial Visit,Always-on Web,Initial Interaction
I0006495,C003784,2024-08-20,Website,Brochure Download,Always-on Web,Engaged Prospect
I0003785,C003785,2024-07-24,Dealer Event,Initial Visit,Van Experience Days,Initial Interaction
I0006497,C003785,2024-07-27,Dealer Event,Event Registration,Van Experience Days,Engaged Prospect
I0003786,C003786,2024-09-07,Website,Initial Visit,Always-on Web,Initial Interaction
I0006499,C003786,2024-09-21,Website,Callback Request,Always-on Web,Engaged Prospect
I0003787,C003787,2025-04-15,Email,Initial Visit,CRM Nurture,Initial Interaction
I0006501,C003787,2025-04-29,Email,Configurator,CRM Nurture,Engaged Prospect
I0003788,C003788,2024-05-24,Social Media,Initial Visit,Urban Mobility,Initial Interaction
I0006503,C003788,2024-06-05,Social Media,Event Registration,Urban Mobility,Engaged Prospect
I0003789,C003789,2025-01-15,Website,Initial Visit,Always-on Web,Initial Interaction
I0003790,C003790,2024-02-22,Social Media,Initial Visit,Urban Mobility,Initial Interaction
I0006506,C003790,2024-03-02,Social Media,Event Registration,Urban Mobility,Engaged Prospect
I0003791,C003791,2024-04-12,Dealer Event,Initial Visit,Van Experience Days,Initial Interaction
I0003792,C003792,2025-06-21,Paid Search,Initial Visit,Commercial Intent,Initial Interaction
I0006509,C003792,2025-06-23,Paid Search,Callback Request,Commercial Intent,Engaged Prospect
I0003793,C003793,2024-09-25,Website,Initial Visit,Always-on Web,Initial Interaction
I0003794,C003794,2025-07-09,Website,Initial Visit,Always-on Web,Initial Interaction
I0006512,C003794,2025-07-11,Website,Configurator,Always-on Web,Engaged Prospect
I0003795,C003795,2025-05-31,Social Media,Initial Visit,Urban Mobility,Initial Interaction
I0006514,C003795,2025-06-12,Social Media,Event Registration,Urban Mobility,Engaged Prospect
I0003796,C003796,2025-11-28,Email,Initial Visit,CRM Nurture,Initial Interaction
I0006516,C003796,2025-11-30,Email,Callback Request,CRM Nurture,Engaged Prospect
I0003797,C003797,2024-04-06,Paid Search,Initial Visit,Commercial Intent,Initial Interaction
I0006518,C003797,2024-04-14,Paid Search,Callback Request,Commercial Intent,Engaged Prospect
I0003798,C003798,2025-10-16,Website,Initial Visit,Always-on Web,Initial Interaction
I0003799,C003799,2025-09-16,Email,Initial Visit,CRM Nurture,Initial Interaction
I0003800,C003800,2024-10-31,Paid Search,Initial Visit,Commercial Intent,Initial Interaction
I0006522,C003800,2024-11-10,Paid Search,Configurator,Commercial Intent,Engaged Prospect
I0003801,C003801,2024-04-04,Website,Initial Visit,Always-on Web,Initial Interaction
I0003802,C003802,2024-04-03,Paid Search,Initial Visit,Commercial Intent,Initial Interaction
I0003803,C003803,2024-12-23,Social Media,Initial Visit,Urban Mobility,Initial Interaction
I0006526,C003803,2024-12-26,Social Media,Event Registration,Urban Mobility,Engaged Prospect
I0003804,C003804,2024-01-08,Referral,Initial Visit,Customer Referral,Initial Interaction
I0006528,C003804,2024-01-14,Referral,Event Registration,Customer Referral,Engaged Prospect
I0003805,C003805,2024-03-07,Social Media,Initial Visit,Urban Mobility,Initial Interaction
I0006530,C003805,2024-03-09,Social Media,Brochure Download,Urban Mobility,Engaged Prospect
I0003806,C003806,2025-01-07,Website,Initial Visit,Always-on Web,Initial Interaction
I0006532,C003806,2025-01-10,Website,Event Registration,Always-on Web,Engaged Prospect
I0003807,C003807,2025-01-29,Dealer Event,Initial Visit,Van Experience Days,Initial Interaction
I0006534,C003807,2025-02-06,Dealer Event,Callback Request,Van Experience Days,Engaged Prospect
I0003808,C003808,2025-08-25,Paid Search,Initial Visit,Commercial Intent,Initial Interaction
I0006536,C003808,2025-09-04,Paid Search,Event Registration,Commercial Intent,Engaged Prospect
I0003809,C003809,2025-11-13,Referral,Initial Visit,Customer Referral,Initial Interaction
I0006538,C003809,2025-11-27,Referral,Brochure Download,Customer Referral,Engaged Prospect
I0003810,C003810,2024-07-06,Paid Search,Initial Visit,Commercial Intent,Initial Interaction
I0006540,C003810,2024-07-17,Paid Search,Brochure Download,Commercial Intent,Engaged Prospect
I0003811,C003811,2024-08-19,Referral,Initial Visit,Customer Referral,Initial Interaction
I0003812,C003812,2024-05-19,Dealer Event,Initial Visit,Van Experience Days,Initial Interaction
I0006543,C003812,2024-05-27,Dealer Event,Callback Request,Van Experience Days,Engaged Prospect
I0003813,C003813,2024-06-06,Dealer Event,Initial Visit,Van Experience Days,Initial Interaction
I0006545,C003813,2024-06-07,Dealer Event,Configurator,Van Experience Days,Engaged Prospect
I0003814,C003814,2024-11-03,Website,Initial Visit,Always-on Web,Initial Interaction
I0006547,C003814,2024-11-12,Website,Event Registration,Always-on Web,Engaged Prospect
I0003815,C003815,2025-11-26,Dealer Event,Initial Visit,Van Experience Days,Initial Interaction
I0006549,C003815,2025-12-08,Dealer Event,Brochure Download,Van Experience Days,Engaged Prospect
I0003816,C003816,2025-09-17,Email,Initial Visit,CRM Nurture,Initial Interaction
I0006551,C003816,2025-10-01,Email,Configurator,CRM Nurture,Engaged Prospect
I0003817,C003817,2025-10-01,Paid Search,Initial Visit,Commercial Intent,Initial Interaction
I0006553,C003817,2025-10-08,Paid Search,Configurator,Commercial Intent,Engaged Prospect
I0003818,C003818,2024-11-12,Social Media,Initial Visit,Urban Mobility,Initial Interaction
I0006555,C003818,2024-11-25,Social Media,Configurator,Urban Mobility,Engaged Prospect
I0003819,C003819,2025-04-05,Social Media,Initial Visit,Urban Mobility,Initial Interaction
I0003820,C003820,2025-05-20,Referral,Initial Visit,Customer Referral,Initial Interaction
I0006558,C003820,2025-05-23,Referral,Brochure Download,Customer Referral,Engaged Prospect
I0003821,C003821,2024-06-19,Dealer Event,Initial Visit,Van Experience Days,Initial Interaction
I0006560,C003821,2024-07-02,Dealer Event,Brochure Download,Van Experience Days,Engaged Prospect
I0003822,C003822,2024-11-19,Paid Search,Initial Visit,Commercial Intent,Initial Interaction
I0006562,C003822,2024-11-21,Paid Search,Callback Request,Commercial Intent,Engaged Prospect
I0003823,C003823,2025-01-20,Social Media,Initial Visit,Urban Mobility,Initial Interaction
I0003824,C003824,2024-09-18,Website,Initial Visit,Always-on Web,Initial Interaction
I0006565,C003824,2024-09-26,Website,Brochure Download,Always-on Web,Engaged Prospect
I0003825,C003825,2024-11-27,Paid Search,Initial Visit,Commercial Intent,Initial Interaction
I0006567,C003825,2024-12-10,Paid Search,Callback Request,Commercial Intent,Engaged Prospect
I0003826,C003826,2024-11-04,Dealer Event,Initial Visit,Van Experience Days,Initial Interaction
I0006569,C003826,2024-11-11,Dealer Event,Configurator,Van Experience Days,Engaged Prospect
I0003827,C003827,2024-02-12,Social Media,Initial Visit,Urban Mobility,Initial Interaction
I0003828,C003828,2025-06-21,Dealer Event,Initial Visit,Van Experience Days,Initial Interaction
I0006572,C003828,2025-06-28,Dealer Event,Configurator,Van Experience Days,Engaged Prospect
I0003829,C003829,2025-09-22,Social Media,Initial Visit,Urban Mobility,Initial Interaction
I0006574,C003829,2025-09-30,Social Media,Brochure Download,Urban Mobility,Engaged Prospect
I0003830,C003830,2025-06-12,Paid Search,Initial Visit,Commercial Intent,Initial Interaction
I0006576,C003830,2025-06-19,Paid Search,Brochure Download,Commercial Intent,Engaged Prospect
I0003831,C003831,2025-10-15,Email,Initial Visit,CRM Nurture,Initial Interaction
I0006578,C003831,2025-10-26,Email,Callback Request,CRM Nurture,Engaged Prospect
I0003832,C003832,2024-10-29,Website,Initial Visit,Always-on Web,Initial Interaction
I0006580,C003832,2024-11-01,Website,Callback Request,Always-on Web,Engaged Prospect
I0003833,C003833,2024-02-09,Referral,Initial Visit,Customer Referral,Initial Interaction
I0006582,C003833,2024-02-10,Referral,Configurator,Customer Referral,Engaged Prospect
I0003834,C003834,2024-07-06,Referral,Initial Visit,Customer Referral,Initial Interaction
I0006584,C003834,2024-07-13,Referral,Callback Request,Customer Referral,Engaged Prospect
I0003835,C003835,2025-08-20,Dealer Event,Initial Visit,Van Experience Days,Initial Interaction
I0006586,C003835,2025-08-27,Dealer Event,Callback Request,Van Experience Days,Engaged Prospect
I0003836,C003836,2024-04-07,Dealer Event,Initial Visit,Van Experience Days,Initial Interaction
I0003837,C003837,2025-01-17,Social Media,Initial Visit,Urban Mobility,Initial Interaction
I0006589,C003837,2025-01-29,Social Media,Callback Request,Urban Mobility,Engaged Prospect
I0003838,C003838,2024-01-01,Social Media,Initial Visit,Urban Mobility,Initial Interaction
I0006591,C003838,2024-01-10,Social Media,Callback Request,Urban Mobility,Engaged Prospect
I0003839,C003839,2024-08-14,Dealer Event,Initial Visit,Van Experience Days,Initial Interaction
I0006593,C003839,2024-08-28,Dealer Event,Callback Request,Van Experience Days,Engaged Prospect
I0003840,C003840,2024-03-20,Paid Search,Initial Visit,Commercial Intent,Initial Interaction
I0006595,C003840,2024-04-01,Paid Search,Event Registration,Commercial Intent,Engaged Prospect
I0003841,C003841,2024-03-20,Dealer Event,Initial Visit,Van Experience Days,Initial Interaction
I0006597,C003841,2024-03-26,Dealer Event,Configurator,Van Experience Days,Engaged Prospect
I0003842,C003842,2024-04-25,Website,Initial Visit,Always-on Web,Initial Interaction
I0006599,C003842,2024-05-04,Website,Configurator,Always-on Web,Engaged Prospect
I0003843,C003843,2025-01-11,Dealer Event,Initial Visit,Van Experience Days,Initial Interaction
I0006601,C003843,2025-01-25,Dealer Event,Configurator,Van Experience Days,Engaged Prospect
I0003844,C003844,2025-04-27,Social Media,Initial Visit,Urban Mobility,Initial Interaction
I0006603,C003844,2025-05-03,Social Media,Event Registration,Urban Mobility,Engaged Prospect
I0003845,C003845,2024-07-20,Dealer Event,Initial Visit,Van Experience Days,Initial Interaction
I0003846,C003846,2025-07-26,Social Media,Initial Visit,Urban Mobility,Initial Interaction
I0006606,C003846,2025-08-07,Social Media,Brochure Download,Urban Mobility,Engaged Prospect
I0003847,C003847,2024-10-01,Social Media,Initial Visit,Urban Mobility,Initial Interaction
I0006608,C003847,2024-10-06,Social Media,Callback Request,Urban Mobility,Engaged Prospect
I0003848,C003848,2025-05-30,Referral,Initial Visit,Customer Referral,Initial Interaction
I0003849,C003849,2025-01-05,Paid Search,Initial Visit,Commercial Intent,Initial Interaction
I0003850,C003850,2025-05-21,Website,Initial Visit,Always-on Web,Initial Interaction
I0006612,C003850,2025-05-31,Website,Brochure Download,Always-on Web,Engaged Prospect
I0003851,C003851,2025-11-16,Website,Initial Visit,Always-on Web,Initial Interaction
I0006614,C003851,2025-11-27,Website,Event Registration,Always-on Web,Engaged Prospect
I0003852,C003852,2025-11-27,Social Media,Initial Visit,Urban Mobility,Initial Interaction
I0006616,C003852,2025-12-07,Social Media,Configurator,Urban Mobility,Engaged Prospect
I0003853,C003853,2025-02-15,Social Media,Initial Visit,Urban Mobility,Initial Interaction
I0006618,C003853,2025-02-21,Social Media,Event Registration,Urban Mobility,Engaged Prospect
I0003854,C003854,2025-11-04,Social Media,Initial Visit,Urban Mobility,Initial Interaction
I0006620,C003854,2025-11-06,Social Media,Callback Request,Urban Mobility,Engaged Prospect
I0003855,C003855,2025-05-05,Website,Initial Visit,Always-on Web,Initial Interaction
I0003856,C003856,2024-07-07,Website,Initial Visit,Always-on Web,Initial Interaction
I0006623,C003856,2024-07-17,Website,Brochure Download,Always-on Web,Engaged Prospect
I0003857,C003857,2025-10-16,Dealer Event,Initial Visit,Van Experience Days,Initial Interaction
I0003858,C003858,2024-04-11,Email,Initial Visit,CRM Nurture,Initial Interaction
I0003859,C003859,2024-11-23,Website,Initial Visit,Always-on Web,Initial Interaction
I0003860,C003860,2024-04-17,Website,Initial Visit,Always-on Web,Initial Interaction
I0003861,C003861,2025-07-03,Website,Initial Visit,Always-on Web,Initial Interaction
I0006629,C003861,2025-07-13,Website,Callback Request,Always-on Web,Engaged Prospect
I0003862,C003862,2025-09-18,Dealer Event,Initial Visit,Van Experience Days,Initial Interaction
I0006631,C003862,2025-09-24,Dealer Event,Configurator,Van Experience Days,Engaged Prospect
I0003863,C003863,2025-07-27,Email,Initial Visit,CRM Nurture,Initial Interaction
I0006633,C003863,2025-08-10,Email,Callback Request,CRM Nurture,Engaged Prospect
I0003864,C003864,2024-03-12,Social Media,Initial Visit,Urban Mobility,Initial Interaction
I0006635,C003864,2024-03-25,Social Media,Configurator,Urban Mobility,Engaged Prospect
I0003865,C003865,2024-07-08,Social Media,Initial Visit,Urban Mobility,Initial Interaction
I0006637,C003865,2024-07-13,Social Media,Configurator,Urban Mobility,Engaged Prospect
I0003866,C003866,2024-08-26,Dealer Event,Initial Visit,Van Experience Days,Initial Interaction
I0006639,C003866,2024-09-09,Dealer Event,Configurator,Van Experience Days,Engaged Prospect
I0003867,C003867,2024-03-21,Paid Search,Initial Visit,Commercial Intent,Initial Interaction
I0006641,C003867,2024-03-30,Paid Search,Configurator,Commercial Intent,Engaged Prospect
I0003868,C003868,2025-01-06,Paid Search,Initial Visit,Commercial Intent,Initial Interaction
I0003869,C003869,2024-01-24,Paid Search,Initial Visit,Commercial Intent,Initial Interaction
I0003870,C003870,2025-03-05,Referral,Initial Visit,Customer Referral,Initial Interaction
I0006645,C003870,2025-03-12,Referral,Callback Request,Customer Referral,Engaged Prospect
I0003871,C003871,2025-02-06,Social Media,Initial Visit,Urban Mobility,Initial Interaction
I0006647,C003871,2025-02-10,Social Media,Event Registration,Urban Mobility,Engaged Prospect
I0003872,C003872,2025-02-21,Social Media,Initial Visit,Urban Mobility,Initial Interaction
I0003873,C003873,2025-09-30,Dealer Event,Initial Visit,Van Experience Days,Initial Interaction
I0003874,C003874,2025-07-04,Website,Initial Visit,Always-on Web,Initial Interaction
I0006651,C003874,2025-07-15,Website,Event Registration,Always-on Web,Engaged Prospect
I0003875,C003875,2024-06-30,Paid Search,Initial Visit,Commercial Intent,Initial Interaction
I0006653,C003875,2024-07-01,Paid Search,Event Registration,Commercial Intent,Engaged Prospect
I0003876,C003876,2025-02-04,Social Media,Initial Visit,Urban Mobility,Initial Interaction
I0003877,C003877,2025-07-15,Referral,Initial Visit,Customer Referral,Initial Interaction
I0006656,C003877,2025-07-25,Referral,Event Registration,Customer Referral,Engaged Prospect
I0003878,C003878,2025-08-18,Website,Initial Visit,Always-on Web,Initial Interaction
I0006658,C003878,2025-08-27,Website,Brochure Download,Always-on Web,Engaged Prospect
I0003879,C003879,2025-03-26,Paid Search,Initial Visit,Commercial Intent,Initial Interaction
I0006660,C003879,2025-04-08,Paid Search,Event Registration,Commercial Intent,Engaged Prospect
I0003880,C003880,2024-02-29,Referral,Initial Visit,Customer Referral,Initial Interaction
I0006662,C003880,2024-03-09,Referral,Brochure Download,Customer Referral,Engaged Prospect
I0003881,C003881,2024-10-31,Email,Initial Visit,CRM Nurture,Initial Interaction
I0003882,C003882,2025-08-24,Social Media,Initial Visit,Urban Mobility,Initial Interaction
I0006665,C003882,2025-09-03,Social Media,Configurator,Urban Mobility,Engaged Prospect
I0003883,C003883,2024-02-21,Website,Initial Visit,Always-on Web,Initial Interaction
I0006667,C003883,2024-03-06,Website,Configurator,Always-on Web,Engaged Prospect
I0003884,C003884,2025-02-17,Website,Initial Visit,Always-on Web,Initial Interaction
I0006669,C003884,2025-02-26,Website,Callback Request,Always-on Web,Engaged Prospect
I0003885,C003885,2025-01-13,Paid Search,Initial Visit,Commercial Intent,Initial Interaction
I0006671,C003885,2025-01-16,Paid Search,Event Registration,Commercial Intent,Engaged Prospect
I0003886,C003886,2024-06-05,Website,Initial Visit,Always-on Web,Initial Interaction
I0006673,C003886,2024-06-19,Website,Callback Request,Always-on Web,Engaged Prospect
I0003887,C003887,2024-08-28,Dealer Event,Initial Visit,Van Experience Days,Initial Interaction
I0006675,C003887,2024-08-29,Dealer Event,Event Registration,Van Experience Days,Engaged Prospect
I0003888,C003888,2025-11-15,Email,Initial Visit,CRM Nurture,Initial Interaction
I0006677,C003888,2025-11-24,Email,Configurator,CRM Nurture,Engaged Prospect
I0003889,C003889,2025-02-20,Dealer Event,Initial Visit,Van Experience Days,Initial Interaction
I0003890,C003890,2025-10-19,Website,Initial Visit,Always-on Web,Initial Interaction
I0006680,C003890,2025-10-26,Website,Configurator,Always-on Web,Engaged Prospect
I0003891,C003891,2024-11-25,Paid Search,Initial Visit,Commercial Intent,Initial Interaction
I0006682,C003891,2024-11-26,Paid Search,Brochure Download,Commercial Intent,Engaged Prospect
I0003892,C003892,2025-08-15,Email,Initial Visit,CRM Nurture,Initial Interaction
I0006684,C003892,2025-08-29,Email,Configurator,CRM Nurture,Engaged Prospect
I0003893,C003893,2025-03-09,Website,Initial Visit,Always-on Web,Initial Interaction
I0006686,C003893,2025-03-17,Website,Event Registration,Always-on Web,Engaged Prospect
I0003894,C003894,2025-09-30,Website,Initial Visit,Always-on Web,Initial Interaction
I0006688,C003894,2025-10-01,Website,Event Registration,Always-on Web,Engaged Prospect
I0003895,C003895,2024-08-16,Paid Search,Initial Visit,Commercial Intent,Initial Interaction
I0006690,C003895,2024-08-18,Paid Search,Brochure Download,Commercial Intent,Engaged Prospect
I0003896,C003896,2024-09-24,Website,Initial Visit,Always-on Web,Initial Interaction
I0003897,C003897,2024-01-29,Website,Initial Visit,Always-on Web,Initial Interaction
I0006693,C003897,2024-02-05,Website,Configurator,Always-on Web,Engaged Prospect
I0003898,C003898,2024-06-08,Paid Search,Initial Visit,Commercial Intent,Initial Interaction
I0006695,C003898,2024-06-12,Paid Search,Brochure Download,Commercial Intent,Engaged Prospect
I0003899,C003899,2024-04-06,Dealer Event,Initial Visit,Van Experience Days,Initial Interaction
I0003900,C003900,2024-05-08,Website,Initial Visit,Always-on Web,Initial Interaction
I0006698,C003900,2024-05-09,Website,Callback Request,Always-on Web,Engaged Prospect
I0003901,C003901,2024-08-03,Social Media,Initial Visit,Urban Mobility,Initial Interaction
I0006700,C003901,2024-08-12,Social Media,Event Registration,Urban Mobility,Engaged Prospect
I0003902,C003902,2025-09-03,Social Media,Initial Visit,Urban Mobility,Initial Interaction
I0003903,C003903,2024-09-21,Social Media,Initial Visit,Urban Mobility,Initial Interaction
I0006703,C003903,2024-09-26,Social Media,Brochure Download,Urban Mobility,Engaged Prospect
I0003904,C003904,2025-08-01,Social Media,Initial Visit,Urban Mobility,Initial Interaction
I0006705,C003904,2025-08-13,Social Media,Configurator,Urban Mobility,Engaged Prospect
I0003905,C003905,2025-07-24,Website,Initial Visit,Always-on Web,Initial Interaction
I0006707,C003905,2025-07-31,Website,Event Registration,Always-on Web,Engaged Prospect
I0003906,C003906,2025-11-17,Website,Initial Visit,Always-on Web,Initial Interaction
I0006709,C003906,2025-12-01,Website,Brochure Download,Always-on Web,Engaged Prospect
I0003907,C003907,2024-12-22,Social Media,Initial Visit,Urban Mobility,Initial Interaction
I0003908,C003908,2025-08-16,Referral,Initial Visit,Customer Referral,Initial Interaction
I0003909,C003909,2024-10-20,Paid Search,Initial Visit,Commercial Intent,Initial Interaction
I0003910,C003910,2025-03-18,Paid Search,Initial Visit,Commercial Intent,Initial Interaction
I0003911,C003911,2025-07-21,Referral,Initial Visit,Customer Referral,Initial Interaction
I0006715,C003911,2025-07-24,Referral,Callback Request,Customer Referral,Engaged Prospect
I0003912,C003912,2024-04-09,Dealer Event,Initial Visit,Van Experience Days,Initial Interaction
I0006717,C003912,2024-04-22,Dealer Event,Configurator,Van Experience Days,Engaged Prospect
I0003913,C003913,2024-02-10,Dealer Event,Initial Visit,Van Experience Days,Initial Interaction
I0003914,C003914,2024-04-25,Social Media,Initial Visit,Urban Mobility,Initial Interaction
I0006720,C003914,2024-04-26,Social Media,Callback Request,Urban Mobility,Engaged Prospect
I0003915,C003915,2025-05-19,Dealer Event,Initial Visit,Van Experience Days,Initial Interaction
I0003916,C003916,2024-11-27,Social Media,Initial Visit,Urban Mobility,Initial Interaction
I0003917,C003917,2024-07-15,Email,Initial Visit,CRM Nurture,Initial Interaction
I0006724,C003917,2024-07-23,Email,Configurator,CRM Nurture,Engaged Prospect
I0003918,C003918,2025-06-21,Dealer Event,Initial Visit,Van Experience Days,Initial Interaction
I0003919,C003919,2024-01-11,Paid Search,Initial Visit,Commercial Intent,Initial Interaction
I0006727,C003919,2024-01-25,Paid Search,Brochure Download,Commercial Intent,Engaged Prospect
I0003920,C003920,2024-05-01,Referral,Initial Visit,Customer Referral,Initial Interaction
I0003921,C003921,2024-11-24,Referral,Initial Visit,Customer Referral,Initial Interaction
I0003922,C003922,2025-10-02,Social Media,Initial Visit,Urban Mobility,Initial Interaction
I0006731,C003922,2025-10-07,Social Media,Callback Request,Urban Mobility,Engaged Prospect
I0003923,C003923,2025-06-08,Website,Initial Visit,Always-on Web,Initial Interaction
I0006733,C003923,2025-06-19,Website,Brochure Download,Always-on Web,Engaged Prospect
I0003924,C003924,2025-04-23,Dealer Event,Initial Visit,Van Experience Days,Initial Interaction
I0003925,C003925,2025-05-12,Paid Search,Initial Visit,Commercial Intent,Initial Interaction
I0003926,C003926,2024-08-06,Social Media,Initial Visit,Urban Mobility,Initial Interaction
I0006737,C003926,2024-08-15,Social Media,Brochure Download,Urban Mobility,Engaged Prospect
I0003927,C003927,2024-11-09,Website,Initial Visit,Always-on Web,Initial Interaction
I0006739,C003927,2024-11-21,Website,Callback Request,Always-on Web,Engaged Prospect
I0003928,C003928,2025-09-12,Dealer Event,Initial Visit,Van Experience Days,Initial Interaction
I0006741,C003928,2025-09-25,Dealer Event,Event Registration,Van Experience Days,Engaged Prospect
I0003929,C003929,2025-05-25,Referral,Initial Visit,Customer Referral,Initial Interaction
I0006743,C003929,2025-05-29,Referral,Brochure Download,Customer Referral,Engaged Prospect
I0003930,C003930,2025-02-23,Website,Initial Visit,Always-on Web,Initial Interaction
I0006745,C003930,2025-02-25,Website,Brochure Download,Always-on Web,Engaged Prospect
I0003931,C003931,2024-02-28,Email,Initial Visit,CRM Nurture,Initial Interaction
I0006747,C003931,2024-03-09,Email,Brochure Download,CRM Nurture,Engaged Prospect
I0003932,C003932,2025-05-28,Dealer Event,Initial Visit,Van Experience Days,Initial Interaction
I0006749,C003932,2025-06-07,Dealer Event,Brochure Download,Van Experience Days,Engaged Prospect
I0003933,C003933,2024-09-12,Website,Initial Visit,Always-on Web,Initial Interaction
I0006751,C003933,2024-09-17,Website,Event Registration,Always-on Web,Engaged Prospect
I0003934,C003934,2024-09-26,Website,Initial Visit,Always-on Web,Initial Interaction
I0006753,C003934,2024-10-07,Website,Event Registration,Always-on Web,Engaged Prospect
I0003935,C003935,2025-04-16,Paid Search,Initial Visit,Commercial Intent,Initial Interaction
I0003936,C003936,2024-10-02,Dealer Event,Initial Visit,Van Experience Days,Initial Interaction
I0006756,C003936,2024-10-08,Dealer Event,Event Registration,Van Experience Days,Engaged Prospect
I0003937,C003937,2025-02-05,Social Media,Initial Visit,Urban Mobility,Initial Interaction
I0006758,C003937,2025-02-13,Social Media,Configurator,Urban Mobility,Engaged Prospect
I0003938,C003938,2024-01-09,Website,Initial Visit,Always-on Web,Initial Interaction
I0006760,C003938,2024-01-18,Website,Brochure Download,Always-on Web,Engaged Prospect
I0003939,C003939,2024-05-09,Website,Initial Visit,Always-on Web,Initial Interaction
I0006762,C003939,2024-05-10,Website,Configurator,Always-on Web,Engaged Prospect
I0003940,C003940,2025-01-11,Paid Search,Initial Visit,Commercial Intent,Initial Interaction
I0006764,C003940,2025-01-18,Paid Search,Callback Request,Commercial Intent,Engaged Prospect
I0003941,C003941,2025-11-01,Website,Initial Visit,Always-on Web,Initial Interaction
I0006766,C003941,2025-11-11,Website,Brochure Download,Always-on Web,Engaged Prospect
I0003942,C003942,2025-06-16,Social Media,Initial Visit,Urban Mobility,Initial Interaction
I0003943,C003943,2024-10-19,Website,Initial Visit,Always-on Web,Initial Interaction
I0003944,C003944,2025-11-09,Dealer Event,Initial Visit,Van Experience Days,Initial Interaction
I0006770,C003944,2025-11-19,Dealer Event,Callback Request,Van Experience Days,Engaged Prospect
I0003945,C003945,2024-07-11,Email,Initial Visit,CRM Nurture,Initial Interaction
I0006772,C003945,2024-07-22,Email,Configurator,CRM Nurture,Engaged Prospect
I0003946,C003946,2025-09-16,Dealer Event,Initial Visit,Van Experience Days,Initial Interaction
I0006774,C003946,2025-09-29,Dealer Event,Event Registration,Van Experience Days,Engaged Prospect
I0003947,C003947,2024-10-09,Website,Initial Visit,Always-on Web,Initial Interaction
I0003948,C003948,2024-03-01,Social Media,Initial Visit,Urban Mobility,Initial Interaction
I0003949,C003949,2024-01-02,Dealer Event,Initial Visit,Van Experience Days,Initial Interaction
I0006778,C003949,2024-01-13,Dealer Event,Event Registration,Van Experience Days,Engaged Prospect
I0003950,C003950,2025-11-17,Social Media,Initial Visit,Urban Mobility,Initial Interaction
I0006780,C003950,2025-11-22,Social Media,Configurator,Urban Mobility,Engaged Prospect
I0003951,C003951,2025-03-25,Website,Initial Visit,Always-on Web,Initial Interaction
I0006782,C003951,2025-03-27,Website,Configurator,Always-on Web,Engaged Prospect
I0003952,C003952,2024-04-14,Website,Initial Visit,Always-on Web,Initial Interaction
I0006784,C003952,2024-04-21,Website,Brochure Download,Always-on Web,Engaged Prospect
I0003953,C003953,2025-11-25,Social Media,Initial Visit,Urban Mobility,Initial Interaction
I0003954,C003954,2024-01-29,Social Media,Initial Visit,Urban Mobility,Initial Interaction
I0006787,C003954,2024-02-08,Social Media,Event Registration,Urban Mobility,Engaged Prospect
I0003955,C003955,2024-08-22,Referral,Initial Visit,Customer Referral,Initial Interaction
I0006789,C003955,2024-08-28,Referral,Event Registration,Customer Referral,Engaged Prospect
I0003956,C003956,2025-06-08,Dealer Event,Initial Visit,Van Experience Days,Initial Interaction
I0006791,C003956,2025-06-17,Dealer Event,Configurator,Van Experience Days,Engaged Prospect
I0003957,C003957,2024-02-07,Email,Initial Visit,CRM Nurture,Initial Interaction
I0003958,C003958,2025-09-26,Referral,Initial Visit,Customer Referral,Initial Interaction
I0006794,C003958,2025-09-27,Referral,Brochure Download,Customer Referral,Engaged Prospect
I0003959,C003959,2025-04-19,Email,Initial Visit,CRM Nurture,Initial Interaction
I0006796,C003959,2025-04-30,Email,Callback Request,CRM Nurture,Engaged Prospect
I0003960,C003960,2025-10-26,Website,Initial Visit,Always-on Web,Initial Interaction
I0006798,C003960,2025-11-02,Website,Brochure Download,Always-on Web,Engaged Prospect
I0003961,C003961,2025-08-09,Website,Initial Visit,Always-on Web,Initial Interaction
I0006800,C003961,2025-08-18,Website,Callback Request,Always-on Web,Engaged Prospect
I0003962,C003962,2025-07-31,Dealer Event,Initial Visit,Van Experience Days,Initial Interaction
I0003963,C003963,2024-06-08,Paid Search,Initial Visit,Commercial Intent,Initial Interaction
I0003964,C003964,2024-05-23,Referral,Initial Visit,Customer Referral,Initial Interaction
I0006804,C003964,2024-05-27,Referral,Event Registration,Customer Referral,Engaged Prospect
I0003965,C003965,2024-06-18,Website,Initial Visit,Always-on Web,Initial Interaction
I0006806,C003965,2024-06-25,Website,Callback Request,Always-on Web,Engaged Prospect
I0003966,C003966,2024-04-17,Website,Initial Visit,Always-on Web,Initial Interaction
I0006808,C003966,2024-04-22,Website,Brochure Download,Always-on Web,Engaged Prospect
I0003967,C003967,2025-04-10,Dealer Event,Initial Visit,Van Experience Days,Initial Interaction
I0006810,C003967,2025-04-15,Dealer Event,Configurator,Van Experience Days,Engaged Prospect
I0003968,C003968,2024-02-11,Dealer Event,Initial Visit,Van Experience Days,Initial Interaction
I0006812,C003968,2024-02-17,Dealer Event,Event Registration,Van Experience Days,Engaged Prospect
I0003969,C003969,2024-10-26,Dealer Event,Initial Visit,Van Experience Days,Initial Interaction
I0006814,C003969,2024-11-09,Dealer Event,Configurator,Van Experience Days,Engaged Prospect
I0003970,C003970,2025-02-11,Website,Initial Visit,Always-on Web,Initial Interaction
I0006816,C003970,2025-02-19,Website,Configurator,Always-on Web,Engaged Prospect
I0003971,C003971,2025-01-12,Paid Search,Initial Visit,Commercial Intent,Initial Interaction
I0006818,C003971,2025-01-14,Paid Search,Configurator,Commercial Intent,Engaged Prospect
I0003972,C003972,2024-12-07,Social Media,Initial Visit,Urban Mobility,Initial Interaction
I0006820,C003972,2024-12-19,Social Media,Callback Request,Urban Mobility,Engaged Prospect
I0003973,C003973,2024-06-05,Referral,Initial Visit,Customer Referral,Initial Interaction
I0006822,C003973,2024-06-15,Referral,Event Registration,Customer Referral,Engaged Prospect
I0003974,C003974,2024-03-17,Website,Initial Visit,Always-on Web,Initial Interaction
I0006824,C003974,2024-03-31,Website,Configurator,Always-on Web,Engaged Prospect
I0003975,C003975,2025-11-22,Social Media,Initial Visit,Urban Mobility,Initial Interaction
I0003976,C003976,2024-11-21,Website,Initial Visit,Always-on Web,Initial Interaction
I0003977,C003977,2025-02-20,Email,Initial Visit,CRM Nurture,Initial Interaction
I0006828,C003977,2025-02-21,Email,Event Registration,CRM Nurture,Engaged Prospect
I0003978,C003978,2025-02-01,Website,Initial Visit,Always-on Web,Initial Interaction
I0006830,C003978,2025-02-11,Website,Callback Request,Always-on Web,Engaged Prospect
I0003979,C003979,2024-09-15,Referral,Initial Visit,Customer Referral,Initial Interaction
I0006832,C003979,2024-09-16,Referral,Brochure Download,Customer Referral,Engaged Prospect
I0003980,C003980,2025-05-21,Website,Initial Visit,Always-on Web,Initial Interaction
I0006834,C003980,2025-06-01,Website,Brochure Download,Always-on Web,Engaged Prospect
I0003981,C003981,2024-09-20,Email,Initial Visit,CRM Nurture,Initial Interaction
I0006836,C003981,2024-09-21,Email,Brochure Download,CRM Nurture,Engaged Prospect
I0003982,C003982,2024-10-16,Dealer Event,Initial Visit,Van Experience Days,Initial Interaction
I0006838,C003982,2024-10-17,Dealer Event,Event Registration,Van Experience Days,Engaged Prospect
I0003983,C003983,2025-07-16,Website,Initial Visit,Always-on Web,Initial Interaction
I0006840,C003983,2025-07-29,Website,Event Registration,Always-on Web,Engaged Prospect
I0003984,C003984,2024-08-10,Website,Initial Visit,Always-on Web,Initial Interaction
I0003985,C003985,2025-05-04,Social Media,Initial Visit,Urban Mobility,Initial Interaction
I0003986,C003986,2025-04-10,Social Media,Initial Visit,Urban Mobility,Initial Interaction
I0006844,C003986,2025-04-14,Social Media,Configurator,Urban Mobility,Engaged Prospect
I0003987,C003987,2024-01-22,Email,Initial Visit,CRM Nurture,Initial Interaction
I0006846,C003987,2024-01-31,Email,Event Registration,CRM Nurture,Engaged Prospect
I0003988,C003988,2025-04-23,Social Media,Initial Visit,Urban Mobility,Initial Interaction
I0006848,C003988,2025-04-25,Social Media,Event Registration,Urban Mobility,Engaged Prospect
I0003989,C003989,2025-07-14,Website,Initial Visit,Always-on Web,Initial Interaction
I0006850,C003989,2025-07-26,Website,Callback Request,Always-on Web,Engaged Prospect
I0003990,C003990,2024-07-08,Referral,Initial Visit,Customer Referral,Initial Interaction
I0006852,C003990,2024-07-15,Referral,Callback Request,Customer Referral,Engaged Prospect
I0003991,C003991,2025-10-02,Website,Initial Visit,Always-on Web,Initial Interaction
I0003992,C003992,2024-01-14,Social Media,Initial Visit,Urban Mobility,Initial Interaction
I0006855,C003992,2024-01-15,Social Media,Brochure Download,Urban Mobility,Engaged Prospect
I0003993,C003993,2024-05-05,Referral,Initial Visit,Customer Referral,Initial Interaction
I0006857,C003993,2024-05-16,Referral,Event Registration,Customer Referral,Engaged Prospect
I0003994,C003994,2025-10-23,Referral,Initial Visit,Customer Referral,Initial Interaction
I0003995,C003995,2025-08-21,Website,Initial Visit,Always-on Web,Initial Interaction
I0006860,C003995,2025-08-27,Website,Callback Request,Always-on Web,Engaged Prospect
I0003996,C003996,2025-06-12,Website,Initial Visit,Always-on Web,Initial Interaction
I0006862,C003996,2025-06-18,Website,Event Registration,Always-on Web,Engaged Prospect
I0003997,C003997,2025-02-26,Social Media,Initial Visit,Urban Mobility,Initial Interaction
I0006864,C003997,2025-03-08,Social Media,Callback Request,Urban Mobility,Engaged Prospect
I0003998,C003998,2024-05-20,Paid Search,Initial Visit,Commercial Intent,Initial Interaction
I0003999,C003999,2024-12-08,Email,Initial Visit,CRM Nurture,Initial Interaction
I0006867,C003999,2024-12-10,Email,Brochure Download,CRM Nurture,Engaged Prospect
I0004000,C004000,2025-01-30,Social Media,Initial Visit,Urban Mobility,Initial Interaction
I0006869,C004000,2025-02-10,Social Media,Callback Request,Urban Mobility,Engaged Prospect
I0004001,C004001,2024-03-03,Website,Initial Visit,Always-on Web,Initial Interaction
I0006871,C004001,2024-03-15,Website,Event Registration,Always-on Web,Engaged Prospect
I0004002,C004002,2025-02-20,Paid Search,Initial Visit,Commercial Intent,Initial Interaction
I0006873,C004002,2025-02-27,Paid Search,Callback Request,Commercial Intent,Engaged Prospect
I0004003,C004003,2024-03-03,Email,Initial Visit,CRM Nurture,Initial Interaction
I0006875,C004003,2024-03-05,Email,Callback Request,CRM Nurture,Engaged Prospect
I0004004,C004004,2024-03-29,Dealer Event,Initial Visit,Van Experience Days,Initial Interaction
I0006877,C004004,2024-04-11,Dealer Event,Brochure Download,Van Experience Days,Engaged Prospect
I0004005,C004005,2024-04-29,Paid Search,Initial Visit,Commercial Intent,Initial Interaction
I0004006,C004006,2024-05-14,Website,Initial Visit,Always-on Web,Initial Interaction
I0006880,C004006,2024-05-27,Website,Brochure Download,Always-on Web,Engaged Prospect
I0004007,C004007,2024-02-27,Paid Search,Initial Visit,Commercial Intent,Initial Interaction
I0006882,C004007,2024-03-10,Paid Search,Brochure Download,Commercial Intent,Engaged Prospect
I0004008,C004008,2025-10-31,Social Media,Initial Visit,Urban Mobility,Initial Interaction
I0006884,C004008,2025-11-13,Social Media,Configurator,Urban Mobility,Engaged Prospect
I0004009,C004009,2025-07-15,Email,Initial Visit,CRM Nurture,Initial Interaction
I0006886,C004009,2025-07-20,Email,Configurator,CRM Nurture,Engaged Prospect
I0004010,C004010,2024-12-21,Dealer Event,Initial Visit,Van Experience Days,Initial Interaction
I0006888,C004010,2024-12-24,Dealer Event,Brochure Download,Van Experience Days,Engaged Prospect
I0004011,C004011,2024-09-15,Referral,Initial Visit,Customer Referral,Initial Interaction
I0004012,C004012,2024-05-14,Social Media,Initial Visit,Urban Mobility,Initial Interaction
I0006891,C004012,2024-05-25,Social Media,Event Registration,Urban Mobility,Engaged Prospect
I0004013,C004013,2025-10-26,Dealer Event,Initial Visit,Van Experience Days,Initial Interaction
I0006893,C004013,2025-11-06,Dealer Event,Event Registration,Van Experience Days,Engaged Prospect
I0004014,C004014,2025-07-12,Website,Initial Visit,Always-on Web,Initial Interaction
I0006895,C004014,2025-07-16,Website,Brochure Download,Always-on Web,Engaged Prospect
I0004015,C004015,2025-06-10,Social Media,Initial Visit,Urban Mobility,Initial Interaction
I0006897,C004015,2025-06-19,Social Media,Event Registration,Urban Mobility,Engaged Prospect
I0004016,C004016,2024-11-25,Social Media,Initial Visit,Urban Mobility,Initial Interaction
I0006899,C004016,2024-11-30,Social Media,Brochure Download,Urban Mobility,Engaged Prospect
I0004017,C004017,2024-01-20,Email,Initial Visit,CRM Nurture,Initial Interaction
I0004018,C004018,2025-03-22,Dealer Event,Initial Visit,Van Experience Days,Initial Interaction
I0006902,C004018,2025-04-04,Dealer Event,Callback Request,Van Experience Days,Engaged Prospect
I0004019,C004019,2024-12-07,Paid Search,Initial Visit,Commercial Intent,Initial Interaction
I0006904,C004019,2024-12-13,Paid Search,Callback Request,Commercial Intent,Engaged Prospect
I0004020,C004020,2024-07-27,Dealer Event,Initial Visit,Van Experience Days,Initial Interaction
I0006906,C004020,2024-07-29,Dealer Event,Callback Request,Van Experience Days,Engaged Prospect
I0004021,C004021,2024-08-08,Dealer Event,Initial Visit,Van Experience Days,Initial Interaction
I0004022,C004022,2024-02-10,Referral,Initial Visit,Customer Referral,Initial Interaction
I0006909,C004022,2024-02-12,Referral,Brochure Download,Customer Referral,Engaged Prospect
I0004023,C004023,2025-09-02,Paid Search,Initial Visit,Commercial Intent,Initial Interaction
I0006911,C004023,2025-09-09,Paid Search,Configurator,Commercial Intent,Engaged Prospect
I0004024,C004024,2024-04-25,Referral,Initial Visit,Customer Referral,Initial Interaction
I0006913,C004024,2024-04-29,Referral,Callback Request,Customer Referral,Engaged Prospect
I0004025,C004025,2025-07-23,Dealer Event,Initial Visit,Van Experience Days,Initial Interaction
I0004026,C004026,2025-11-12,Email,Initial Visit,CRM Nurture,Initial Interaction
I0006916,C004026,2025-11-13,Email,Configurator,CRM Nurture,Engaged Prospect
I0004027,C004027,2024-02-02,Paid Search,Initial Visit,Commercial Intent,Initial Interaction
I0004028,C004028,2025-03-12,Dealer Event,Initial Visit,Van Experience Days,Initial Interaction
I0006919,C004028,2025-03-25,Dealer Event,Configurator,Van Experience Days,Engaged Prospect
I0004029,C004029,2024-02-16,Email,Initial Visit,CRM Nurture,Initial Interaction
I0006921,C004029,2024-02-25,Email,Callback Request,CRM Nurture,Engaged Prospect
I0004030,C004030,2025-08-04,Social Media,Initial Visit,Urban Mobility,Initial Interaction
I0004031,C004031,2024-12-21,Referral,Initial Visit,Customer Referral,Initial Interaction
I0006924,C004031,2024-12-27,Referral,Configurator,Customer Referral,Engaged Prospect
I0004032,C004032,2024-01-16,Website,Initial Visit,Always-on Web,Initial Interaction
I0004033,C004033,2025-06-24,Social Media,Initial Visit,Urban Mobility,Initial Interaction
I0004034,C004034,2025-06-19,Paid Search,Initial Visit,Commercial Intent,Initial Interaction
I0004035,C004035,2025-10-09,Paid Search,Initial Visit,Commercial Intent,Initial Interaction
I0006929,C004035,2025-10-15,Paid Search,Event Registration,Commercial Intent,Engaged Prospect
I0004036,C004036,2024-12-05,Paid Search,Initial Visit,Commercial Intent,Initial Interaction
I0006931,C004036,2024-12-17,Paid Search,Brochure Download,Commercial Intent,Engaged Prospect
I0004037,C004037,2025-10-15,Paid Search,Initial Visit,Commercial Intent,Initial Interaction
I0006933,C004037,2025-10-22,Paid Search,Event Registration,Commercial Intent,Engaged Prospect
I0004038,C004038,2025-04-10,Paid Search,Initial Visit,Commercial Intent,Initial Interaction
I0006935,C004038,2025-04-19,Paid Search,Configurator,Commercial Intent,Engaged Prospect
I0004039,C004039,2025-01-03,Website,Initial Visit,Always-on Web,Initial Interaction
I0004040,C004040,2024-09-07,Website,Initial Visit,Always-on Web,Initial Interaction
I0006938,C004040,2024-09-16,Website,Event Registration,Always-on Web,Engaged Prospect
I0004041,C004041,2024-07-24,Email,Initial Visit,CRM Nurture,Initial Interaction
I0006940,C004041,2024-08-04,Email,Configurator,CRM Nurture,Engaged Prospect
I0004042,C004042,2025-03-10,Paid Search,Initial Visit,Commercial Intent,Initial Interaction
I0006942,C004042,2025-03-18,Paid Search,Brochure Download,Commercial Intent,Engaged Prospect
I0004043,C004043,2025-06-01,Website,Initial Visit,Always-on Web,Initial Interaction
I0006944,C004043,2025-06-12,Website,Event Registration,Always-on Web,Engaged Prospect
I0004044,C004044,2024-01-25,Website,Initial Visit,Always-on Web,Initial Interaction
I0006946,C004044,2024-01-28,Website,Configurator,Always-on Web,Engaged Prospect
I0004045,C004045,2024-10-15,Website,Initial Visit,Always-on Web,Initial Interaction
I0006948,C004045,2024-10-21,Website,Brochure Download,Always-on Web,Engaged Prospect
I0004046,C004046,2024-02-01,Website,Initial Visit,Always-on Web,Initial Interaction
I0004047,C004047,2024-10-04,Referral,Initial Visit,Customer Referral,Initial Interaction
I0006951,C004047,2024-10-18,Referral,Configurator,Customer Referral,Engaged Prospect
I0004048,C004048,2025-07-13,Social Media,Initial Visit,Urban Mobility,Initial Interaction
I0006953,C004048,2025-07-15,Social Media,Callback Request,Urban Mobility,Engaged Prospect
I0004049,C004049,2025-04-28,Paid Search,Initial Visit,Commercial Intent,Initial Interaction
I0006955,C004049,2025-05-01,Paid Search,Configurator,Commercial Intent,Engaged Prospect
I0004050,C004050,2024-03-28,Social Media,Initial Visit,Urban Mobility,Initial Interaction
I0004051,C004051,2025-05-16,Website,Initial Visit,Always-on Web,Initial Interaction
I0006958,C004051,2025-05-17,Website,Configurator,Always-on Web,Engaged Prospect
I0004052,C004052,2024-01-10,Email,Initial Visit,CRM Nurture,Initial Interaction
I0006960,C004052,2024-01-24,Email,Event Registration,CRM Nurture,Engaged Prospect
I0004053,C004053,2024-01-09,Referral,Initial Visit,Customer Referral,Initial Interaction
I0004054,C004054,2025-09-30,Website,Initial Visit,Always-on Web,Initial Interaction
I0006963,C004054,2025-10-11,Website,Configurator,Always-on Web,Engaged Prospect
I0004055,C004055,2024-01-23,Website,Initial Visit,Always-on Web,Initial Interaction
I0006965,C004055,2024-01-26,Website,Event Registration,Always-on Web,Engaged Prospect
I0004056,C004056,2024-07-04,Social Media,Initial Visit,Urban Mobility,Initial Interaction
I0006967,C004056,2024-07-05,Social Media,Brochure Download,Urban Mobility,Engaged Prospect
I0004057,C004057,2024-04-02,Website,Initial Visit,Always-on Web,Initial Interaction
I0006969,C004057,2024-04-04,Website,Event Registration,Always-on Web,Engaged Prospect
I0004058,C004058,2025-02-11,Website,Initial Visit,Always-on Web,Initial Interaction
I0004059,C004059,2024-12-31,Email,Initial Visit,CRM Nurture,Initial Interaction
I0006972,C004059,2025-01-09,Email,Callback Request,CRM Nurture,Engaged Prospect
I0004060,C004060,2025-08-10,Social Media,Initial Visit,Urban Mobility,Initial Interaction
I0006974,C004060,2025-08-14,Social Media,Callback Request,Urban Mobility,Engaged Prospect
I0004061,C004061,2025-11-21,Website,Initial Visit,Always-on Web,Initial Interaction
I0006976,C004061,2025-11-26,Website,Brochure Download,Always-on Web,Engaged Prospect
I0004062,C004062,2025-06-06,Dealer Event,Initial Visit,Van Experience Days,Initial Interaction
I0006978,C004062,2025-06-19,Dealer Event,Configurator,Van Experience Days,Engaged Prospect
I0004063,C004063,2024-11-22,Website,Initial Visit,Always-on Web,Initial Interaction
I0006980,C004063,2024-11-29,Website,Event Registration,Always-on Web,Engaged Prospect
I0004064,C004064,2024-02-02,Paid Search,Initial Visit,Commercial Intent,Initial Interaction
I0006982,C004064,2024-02-10,Paid Search,Callback Request,Commercial Intent,Engaged Prospect
I0004065,C004065,2025-10-07,Email,Initial Visit,CRM Nurture,Initial Interaction
I0006984,C004065,2025-10-19,Email,Brochure Download,CRM Nurture,Engaged Prospect
I0004066,C004066,2025-01-27,Social Media,Initial Visit,Urban Mobility,Initial Interaction
I0006986,C004066,2025-01-29,Social Media,Configurator,Urban Mobility,Engaged Prospect
I0004067,C004067,2024-06-01,Social Media,Initial Visit,Urban Mobility,Initial Interaction
I0004068,C004068,2025-01-14,Email,Initial Visit,CRM Nurture,Initial Interaction
I0006989,C004068,2025-01-21,Email,Configurator,CRM Nurture,Engaged Prospect
I0004069,C004069,2024-10-01,Social Media,Initial Visit,Urban Mobility,Initial Interaction
I0006991,C004069,2024-10-12,Social Media,Configurator,Urban Mobility,Engaged Prospect
I0004070,C004070,2024-09-02,Dealer Event,Initial Visit,Van Experience Days,Initial Interaction
I0006993,C004070,2024-09-14,Dealer Event,Brochure Download,Van Experience Days,Engaged Prospect
I0004071,C004071,2024-11-13,Social Media,Initial Visit,Urban Mobility,Initial Interaction
I0004072,C004072,2025-06-11,Paid Search,Initial Visit,Commercial Intent,Initial Interaction
I0004073,C004073,2024-04-24,Email,Initial Visit,CRM Nurture,Initial Interaction
I0006997,C004073,2024-05-06,Email,Configurator,CRM Nurture,Engaged Prospect
I0004074,C004074,2025-11-05,Website,Initial Visit,Always-on Web,Initial Interaction
I0006999,C004074,2025-11-17,Website,Brochure Download,Always-on Web,Engaged Prospect
I0004075,C004075,2024-02-13,Email,Initial Visit,CRM Nurture,Initial Interaction
I0004076,C004076,2024-04-13,Website,Initial Visit,Always-on Web,Initial Interaction
I0007002,C004076,2024-04-19,Website,Callback Request,Always-on Web,Engaged Prospect
I0004077,C004077,2025-04-18,Paid Search,Initial Visit,Commercial Intent,Initial Interaction
I0007004,C004077,2025-04-27,Paid Search,Event Registration,Commercial Intent,Engaged Prospect
I0004078,C004078,2024-04-11,Email,Initial Visit,CRM Nurture,Initial Interaction
I0007006,C004078,2024-04-25,Email,Configurator,CRM Nurture,Engaged Prospect
I0004079,C004079,2025-06-28,Social Media,Initial Visit,Urban Mobility,Initial Interaction
I0007008,C004079,2025-07-03,Social Media,Configurator,Urban Mobility,Engaged Prospect
I0004080,C004080,2025-05-29,Website,Initial Visit,Always-on Web,Initial Interaction
I0007010,C004080,2025-06-11,Website,Callback Request,Always-on Web,Engaged Prospect
I0004081,C004081,2024-10-27,Paid Search,Initial Visit,Commercial Intent,Initial Interaction
I0007012,C004081,2024-11-10,Paid Search,Brochure Download,Commercial Intent,Engaged Prospect
I0004082,C004082,2024-11-14,Dealer Event,Initial Visit,Van Experience Days,Initial Interaction
I0007014,C004082,2024-11-15,Dealer Event,Brochure Download,Van Experience Days,Engaged Prospect
I0004083,C004083,2025-11-30,Referral,Initial Visit,Customer Referral,Initial Interaction
I0004084,C004084,2025-07-10,Paid Search,Initial Visit,Commercial Intent,Initial Interaction
I0007017,C004084,2025-07-22,Paid Search,Event Registration,Commercial Intent,Engaged Prospect
I0004085,C004085,2025-03-18,Website,Initial Visit,Always-on Web,Initial Interaction
I0007019,C004085,2025-03-31,Website,Callback Request,Always-on Web,Engaged Prospect
I0004086,C004086,2024-04-08,Paid Search,Initial Visit,Commercial Intent,Initial Interaction
I0007021,C004086,2024-04-19,Paid Search,Configurator,Commercial Intent,Engaged Prospect
I0004087,C004087,2025-02-16,Paid Search,Initial Visit,Commercial Intent,Initial Interaction
I0007023,C004087,2025-02-22,Paid Search,Event Registration,Commercial Intent,Engaged Prospect
I0004088,C004088,2024-01-28,Website,Initial Visit,Always-on Web,Initial Interaction
I0007025,C004088,2024-01-31,Website,Event Registration,Always-on Web,Engaged Prospect
I0004089,C004089,2024-06-25,Dealer Event,Initial Visit,Van Experience Days,Initial Interaction
I0004090,C004090,2025-05-03,Social Media,Initial Visit,Urban Mobility,Initial Interaction
I0007028,C004090,2025-05-12,Social Media,Brochure Download,Urban Mobility,Engaged Prospect
I0004091,C004091,2024-10-12,Paid Search,Initial Visit,Commercial Intent,Initial Interaction
I0004092,C004092,2025-11-27,Paid Search,Initial Visit,Commercial Intent,Initial Interaction
I0004093,C004093,2025-10-19,Website,Initial Visit,Always-on Web,Initial Interaction
I0004094,C004094,2024-03-07,Social Media,Initial Visit,Urban Mobility,Initial Interaction
I0004095,C004095,2025-09-10,Paid Search,Initial Visit,Commercial Intent,Initial Interaction
I0007034,C004095,2025-09-14,Paid Search,Brochure Download,Commercial Intent,Engaged Prospect
I0004096,C004096,2025-08-28,Paid Search,Initial Visit,Commercial Intent,Initial Interaction
I0004097,C004097,2024-03-15,Email,Initial Visit,CRM Nurture,Initial Interaction
I0004098,C004098,2024-09-26,Paid Search,Initial Visit,Commercial Intent,Initial Interaction
I0004099,C004099,2025-10-26,Social Media,Initial Visit,Urban Mobility,Initial Interaction
I0004100,C004100,2024-01-12,Dealer Event,Initial Visit,Van Experience Days,Initial Interaction
I0007040,C004100,2024-01-15,Dealer Event,Configurator,Van Experience Days,Engaged Prospect
I0004101,C004101,2024-02-11,Paid Search,Initial Visit,Commercial Intent,Initial Interaction
I0007042,C004101,2024-02-24,Paid Search,Event Registration,Commercial Intent,Engaged Prospect
I0004102,C004102,2024-12-23,Paid Search,Initial Visit,Commercial Intent,Initial Interaction
I0004103,C004103,2025-10-29,Dealer Event,Initial Visit,Van Experience Days,Initial Interaction
I0007045,C004103,2025-11-02,Dealer Event,Brochure Download,Van Experience Days,Engaged Prospect
I0004104,C004104,2024-07-14,Paid Search,Initial Visit,Commercial Intent,Initial Interaction
I0004105,C004105,2025-06-24,Paid Search,Initial Visit,Commercial Intent,Initial Interaction
I0007048,C004105,2025-06-29,Paid Search,Callback Request,Commercial Intent,Engaged Prospect
I0004106,C004106,2025-04-30,Dealer Event,Initial Visit,Van Experience Days,Initial Interaction
I0004107,C004107,2024-04-12,Social Media,Initial Visit,Urban Mobility,Initial Interaction
I0007051,C004107,2024-04-19,Social Media,Callback Request,Urban Mobility,Engaged Prospect
I0004108,C004108,2024-07-20,Referral,Initial Visit,Customer Referral,Initial Interaction
I0007053,C004108,2024-07-28,Referral,Event Registration,Customer Referral,Engaged Prospect
I0004109,C004109,2025-03-12,Paid Search,Initial Visit,Commercial Intent,Initial Interaction
I0007055,C004109,2025-03-14,Paid Search,Brochure Download,Commercial Intent,Engaged Prospect
I0004110,C004110,2024-12-03,Paid Search,Initial Visit,Commercial Intent,Initial Interaction
I0007057,C004110,2024-12-17,Paid Search,Callback Request,Commercial Intent,Engaged Prospect
I0004111,C004111,2024-06-15,Website,Initial Visit,Always-on Web,Initial Interaction
I0004112,C004112,2024-05-20,Website,Initial Visit,Always-on Web,Initial Interaction
I0007060,C004112,2024-05-30,Website,Configurator,Always-on Web,Engaged Prospect
I0004113,C004113,2025-01-25,Social Media,Initial Visit,Urban Mobility,Initial Interaction
I0007062,C004113,2025-02-04,Social Media,Callback Request,Urban Mobility,Engaged Prospect
I0004114,C004114,2025-08-02,Website,Initial Visit,Always-on Web,Initial Interaction
I0007064,C004114,2025-08-07,Website,Callback Request,Always-on Web,Engaged Prospect
I0004115,C004115,2024-10-16,Paid Search,Initial Visit,Commercial Intent,Initial Interaction
I0004116,C004116,2025-10-09,Paid Search,Initial Visit,Commercial Intent,Initial Interaction
I0007067,C004116,2025-10-22,Paid Search,Event Registration,Commercial Intent,Engaged Prospect
I0004117,C004117,2025-04-12,Website,Initial Visit,Always-on Web,Initial Interaction
I0004118,C004118,2024-10-09,Paid Search,Initial Visit,Commercial Intent,Initial Interaction
I0007070,C004118,2024-10-16,Paid Search,Brochure Download,Commercial Intent,Engaged Prospect
I0004119,C004119,2025-05-09,Social Media,Initial Visit,Urban Mobility,Initial Interaction
I0007072,C004119,2025-05-12,Social Media,Configurator,Urban Mobility,Engaged Prospect
I0004120,C004120,2024-11-10,Paid Search,Initial Visit,Commercial Intent,Initial Interaction
I0007074,C004120,2024-11-21,Paid Search,Event Registration,Commercial Intent,Engaged Prospect
I0004121,C004121,2025-06-13,Dealer Event,Initial Visit,Van Experience Days,Initial Interaction
I0004122,C004122,2025-11-18,Website,Initial Visit,Always-on Web,Initial Interaction
I0007077,C004122,2025-11-25,Website,Callback Request,Always-on Web,Engaged Prospect
I0004123,C004123,2025-07-05,Website,Initial Visit,Always-on Web,Initial Interaction
I0007079,C004123,2025-07-18,Website,Brochure Download,Always-on Web,Engaged Prospect
I0004124,C004124,2024-04-09,Referral,Initial Visit,Customer Referral,Initial Interaction
I0007081,C004124,2024-04-20,Referral,Configurator,Customer Referral,Engaged Prospect
I0004125,C004125,2024-02-20,Referral,Initial Visit,Customer Referral,Initial Interaction
I0007083,C004125,2024-02-25,Referral,Brochure Download,Customer Referral,Engaged Prospect
I0004126,C004126,2025-07-20,Paid Search,Initial Visit,Commercial Intent,Initial Interaction
I0007085,C004126,2025-07-21,Paid Search,Callback Request,Commercial Intent,Engaged Prospect
I0004127,C004127,2025-08-16,Paid Search,Initial Visit,Commercial Intent,Initial Interaction
I0004128,C004128,2025-02-01,Dealer Event,Initial Visit,Van Experience Days,Initial Interaction
I0007088,C004128,2025-02-10,Dealer Event,Event Registration,Van Experience Days,Engaged Prospect
I0004129,C004129,2024-06-20,Social Media,Initial Visit,Urban Mobility,Initial Interaction
I0007090,C004129,2024-06-24,Social Media,Event Registration,Urban Mobility,Engaged Prospect
I0004130,C004130,2025-09-08,Website,Initial Visit,Always-on Web,Initial Interaction
I0007092,C004130,2025-09-22,Website,Configurator,Always-on Web,Engaged Prospect
I0004131,C004131,2024-11-09,Website,Initial Visit,Always-on Web,Initial Interaction
I0007094,C004131,2024-11-20,Website,Callback Request,Always-on Web,Engaged Prospect
I0004132,C004132,2024-07-23,Website,Initial Visit,Always-on Web,Initial Interaction
I0004133,C004133,2024-09-13,Dealer Event,Initial Visit,Van Experience Days,Initial Interaction
I0007097,C004133,2024-09-24,Dealer Event,Callback Request,Van Experience Days,Engaged Prospect
I0004134,C004134,2024-07-26,Social Media,Initial Visit,Urban Mobility,Initial Interaction
I0007099,C004134,2024-08-07,Social Media,Configurator,Urban Mobility,Engaged Prospect
I0004135,C004135,2024-07-16,Paid Search,Initial Visit,Commercial Intent,Initial Interaction
I0004136,C004136,2024-08-16,Website,Initial Visit,Always-on Web,Initial Interaction
I0004137,C004137,2025-04-16,Website,Initial Visit,Always-on Web,Initial Interaction
I0007103,C004137,2025-04-29,Website,Callback Request,Always-on Web,Engaged Prospect
I0004138,C004138,2024-01-12,Email,Initial Visit,CRM Nurture,Initial Interaction
I0007105,C004138,2024-01-24,Email,Brochure Download,CRM Nurture,Engaged Prospect
I0004139,C004139,2024-09-11,Dealer Event,Initial Visit,Van Experience Days,Initial Interaction
I0007107,C004139,2024-09-20,Dealer Event,Brochure Download,Van Experience Days,Engaged Prospect
I0004140,C004140,2024-04-28,Social Media,Initial Visit,Urban Mobility,Initial Interaction
I0004141,C004141,2025-03-29,Dealer Event,Initial Visit,Van Experience Days,Initial Interaction
I0007110,C004141,2025-04-10,Dealer Event,Brochure Download,Van Experience Days,Engaged Prospect
I0004142,C004142,2025-11-27,Paid Search,Initial Visit,Commercial Intent,Initial Interaction
I0007112,C004142,2025-12-07,Paid Search,Callback Request,Commercial Intent,Engaged Prospect
I0004143,C004143,2025-07-05,Social Media,Initial Visit,Urban Mobility,Initial Interaction
I0007114,C004143,2025-07-08,Social Media,Callback Request,Urban Mobility,Engaged Prospect
I0004144,C004144,2024-06-23,Paid Search,Initial Visit,Commercial Intent,Initial Interaction
I0007116,C004144,2024-07-05,Paid Search,Configurator,Commercial Intent,Engaged Prospect
I0004145,C004145,2024-12-25,Website,Initial Visit,Always-on Web,Initial Interaction
I0007118,C004145,2025-01-03,Website,Callback Request,Always-on Web,Engaged Prospect
I0004146,C004146,2024-01-14,Paid Search,Initial Visit,Commercial Intent,Initial Interaction
I0007120,C004146,2024-01-18,Paid Search,Configurator,Commercial Intent,Engaged Prospect
I0004147,C004147,2024-10-16,Dealer Event,Initial Visit,Van Experience Days,Initial Interaction
I0004148,C004148,2024-07-13,Website,Initial Visit,Always-on Web,Initial Interaction
I0007123,C004148,2024-07-14,Website,Event Registration,Always-on Web,Engaged Prospect
I0004149,C004149,2024-12-17,Paid Search,Initial Visit,Commercial Intent,Initial Interaction
I0007125,C004149,2024-12-31,Paid Search,Callback Request,Commercial Intent,Engaged Prospect
I0004150,C004150,2024-10-12,Dealer Event,Initial Visit,Van Experience Days,Initial Interaction
I0007127,C004150,2024-10-19,Dealer Event,Configurator,Van Experience Days,Engaged Prospect
I0004151,C004151,2025-04-22,Dealer Event,Initial Visit,Van Experience Days,Initial Interaction
I0007129,C004151,2025-05-01,Dealer Event,Event Registration,Van Experience Days,Engaged Prospect
I0004152,C004152,2025-01-18,Social Media,Initial Visit,Urban Mobility,Initial Interaction
I0004153,C004153,2025-10-19,Website,Initial Visit,Always-on Web,Initial Interaction
I0007132,C004153,2025-10-22,Website,Brochure Download,Always-on Web,Engaged Prospect
I0004154,C004154,2024-02-17,Dealer Event,Initial Visit,Van Experience Days,Initial Interaction
I0007134,C004154,2024-02-18,Dealer Event,Event Registration,Van Experience Days,Engaged Prospect
I0004155,C004155,2025-10-23,Website,Initial Visit,Always-on Web,Initial Interaction
I0007136,C004155,2025-11-05,Website,Configurator,Always-on Web,Engaged Prospect
I0004156,C004156,2025-07-07,Website,Initial Visit,Always-on Web,Initial Interaction
I0007138,C004156,2025-07-19,Website,Event Registration,Always-on Web,Engaged Prospect
I0004157,C004157,2025-05-14,Website,Initial Visit,Always-on Web,Initial Interaction
I0007140,C004157,2025-05-27,Website,Brochure Download,Always-on Web,Engaged Prospect
I0004158,C004158,2025-07-31,Paid Search,Initial Visit,Commercial Intent,Initial Interaction
I0007142,C004158,2025-08-08,Paid Search,Callback Request,Commercial Intent,Engaged Prospect
I0004159,C004159,2024-02-05,Social Media,Initial Visit,Urban Mobility,Initial Interaction
I0007144,C004159,2024-02-07,Social Media,Configurator,Urban Mobility,Engaged Prospect
I0004160,C004160,2024-05-29,Dealer Event,Initial Visit,Van Experience Days,Initial Interaction
I0007146,C004160,2024-06-05,Dealer Event,Callback Request,Van Experience Days,Engaged Prospect
I0004161,C004161,2024-01-01,Paid Search,Initial Visit,Commercial Intent,Initial Interaction
I0007148,C004161,2024-01-15,Paid Search,Configurator,Commercial Intent,Engaged Prospect
I0004162,C004162,2025-07-12,Referral,Initial Visit,Customer Referral,Initial Interaction
I0007150,C004162,2025-07-22,Referral,Callback Request,Customer Referral,Engaged Prospect
I0004163,C004163,2024-09-05,Social Media,Initial Visit,Urban Mobility,Initial Interaction
I0007152,C004163,2024-09-10,Social Media,Event Registration,Urban Mobility,Engaged Prospect
I0004164,C004164,2024-09-09,Social Media,Initial Visit,Urban Mobility,Initial Interaction
I0007154,C004164,2024-09-20,Social Media,Brochure Download,Urban Mobility,Engaged Prospect
I0004165,C004165,2025-03-03,Website,Initial Visit,Always-on Web,Initial Interaction
I0007156,C004165,2025-03-05,Website,Brochure Download,Always-on Web,Engaged Prospect
I0004166,C004166,2024-10-23,Website,Initial Visit,Always-on Web,Initial Interaction
I0007158,C004166,2024-10-25,Website,Configurator,Always-on Web,Engaged Prospect
I0004167,C004167,2025-03-22,Social Media,Initial Visit,Urban Mobility,Initial Interaction
I0007160,C004167,2025-03-30,Social Media,Callback Request,Urban Mobility,Engaged Prospect
I0004168,C004168,2025-10-17,Email,Initial Visit,CRM Nurture,Initial Interaction
I0007162,C004168,2025-10-19,Email,Brochure Download,CRM Nurture,Engaged Prospect
I0004169,C004169,2024-08-20,Website,Initial Visit,Always-on Web,Initial Interaction
I0004170,C004170,2025-09-16,Paid Search,Initial Visit,Commercial Intent,Initial Interaction
I0004171,C004171,2025-01-07,Paid Search,Initial Visit,Commercial Intent,Initial Interaction
I0007166,C004171,2025-01-20,Paid Search,Callback Request,Commercial Intent,Engaged Prospect
I0004172,C004172,2024-09-19,Paid Search,Initial Visit,Commercial Intent,Initial Interaction
I0004173,C004173,2025-10-05,Website,Initial Visit,Always-on Web,Initial Interaction
I0004174,C004174,2024-12-07,Website,Initial Visit,Always-on Web,Initial Interaction
I0007170,C004174,2024-12-18,Website,Brochure Download,Always-on Web,Engaged Prospect
I0004175,C004175,2024-03-30,Paid Search,Initial Visit,Commercial Intent,Initial Interaction
I0007172,C004175,2024-03-31,Paid Search,Configurator,Commercial Intent,Engaged Prospect
I0004176,C004176,2024-07-19,Dealer Event,Initial Visit,Van Experience Days,Initial Interaction
I0007174,C004176,2024-07-24,Dealer Event,Configurator,Van Experience Days,Engaged Prospect
I0004177,C004177,2025-08-14,Dealer Event,Initial Visit,Van Experience Days,Initial Interaction
I0007176,C004177,2025-08-20,Dealer Event,Brochure Download,Van Experience Days,Engaged Prospect
I0004178,C004178,2024-12-26,Website,Initial Visit,Always-on Web,Initial Interaction
I0004179,C004179,2025-01-27,Website,Initial Visit,Always-on Web,Initial Interaction
I0007179,C004179,2025-02-07,Website,Brochure Download,Always-on Web,Engaged Prospect
I0004180,C004180,2025-04-22,Social Media,Initial Visit,Urban Mobility,Initial Interaction
I0007181,C004180,2025-04-25,Social Media,Callback Request,Urban Mobility,Engaged Prospect
I0004181,C004181,2024-05-16,Website,Initial Visit,Always-on Web,Initial Interaction
I0004182,C004182,2024-03-05,Dealer Event,Initial Visit,Van Experience Days,Initial Interaction
I0007184,C004182,2024-03-13,Dealer Event,Brochure Download,Van Experience Days,Engaged Prospect
I0004183,C004183,2024-11-04,Paid Search,Initial Visit,Commercial Intent,Initial Interaction
I0007186,C004183,2024-11-16,Paid Search,Configurator,Commercial Intent,Engaged Prospect
I0004184,C004184,2025-10-05,Dealer Event,Initial Visit,Van Experience Days,Initial Interaction
I0007188,C004184,2025-10-18,Dealer Event,Configurator,Van Experience Days,Engaged Prospect
I0004185,C004185,2024-03-30,Website,Initial Visit,Always-on Web,Initial Interaction
I0007190,C004185,2024-04-10,Website,Callback Request,Always-on Web,Engaged Prospect
I0004186,C004186,2025-05-18,Referral,Initial Visit,Customer Referral,Initial Interaction
I0004187,C004187,2025-11-16,Email,Initial Visit,CRM Nurture,Initial Interaction
I0007193,C004187,2025-11-26,Email,Event Registration,CRM Nurture,Engaged Prospect
I0004188,C004188,2024-03-08,Email,Initial Visit,CRM Nurture,Initial Interaction
I0004189,C004189,2024-04-03,Referral,Initial Visit,Customer Referral,Initial Interaction
I0004190,C004190,2025-08-31,Paid Search,Initial Visit,Commercial Intent,Initial Interaction
I0007197,C004190,2025-09-06,Paid Search,Callback Request,Commercial Intent,Engaged Prospect
I0004191,C004191,2024-03-16,Website,Initial Visit,Always-on Web,Initial Interaction
I0007199,C004191,2024-03-20,Website,Configurator,Always-on Web,Engaged Prospect
I0004192,C004192,2025-06-04,Social Media,Initial Visit,Urban Mobility,Initial Interaction
I0004193,C004193,2025-07-12,Dealer Event,Initial Visit,Van Experience Days,Initial Interaction
I0004194,C004194,2024-08-07,Dealer Event,Initial Visit,Van Experience Days,Initial Interaction
I0007203,C004194,2024-08-14,Dealer Event,Configurator,Van Experience Days,Engaged Prospect
I0004195,C004195,2024-07-23,Paid Search,Initial Visit,Commercial Intent,Initial Interaction
I0004196,C004196,2024-12-31,Email,Initial Visit,CRM Nurture,Initial Interaction
I0007206,C004196,2025-01-13,Email,Event Registration,CRM Nurture,Engaged Prospect
I0004197,C004197,2024-12-20,Website,Initial Visit,Always-on Web,Initial Interaction
I0004198,C004198,2025-08-25,Website,Initial Visit,Always-on Web,Initial Interaction
I0007209,C004198,2025-09-05,Website,Event Registration,Always-on Web,Engaged Prospect
I0004199,C004199,2025-02-18,Social Media,Initial Visit,Urban Mobility,Initial Interaction
I0007211,C004199,2025-02-28,Social Media,Callback Request,Urban Mobility,Engaged Prospect
I0004200,C004200,2025-11-08,Paid Search,Initial Visit,Commercial Intent,Initial Interaction
I0004201,C004201,2024-06-16,Website,Initial Visit,Always-on Web,Initial Interaction
I0007214,C004201,2024-06-29,Website,Event Registration,Always-on Web,Engaged Prospect
I0004202,C004202,2024-07-15,Email,Initial Visit,CRM Nurture,Initial Interaction
I0007216,C004202,2024-07-17,Email,Event Registration,CRM Nurture,Engaged Prospect
I0004203,C004203,2024-06-17,Social Media,Initial Visit,Urban Mobility,Initial Interaction
I0007218,C004203,2024-06-28,Social Media,Brochure Download,Urban Mobility,Engaged Prospect
I0004204,C004204,2025-03-31,Social Media,Initial Visit,Urban Mobility,Initial Interaction
I0004205,C004205,2024-01-24,Website,Initial Visit,Always-on Web,Initial Interaction
I0007221,C004205,2024-02-01,Website,Configurator,Always-on Web,Engaged Prospect
I0004206,C004206,2025-08-25,Website,Initial Visit,Always-on Web,Initial Interaction
I0004207,C004207,2025-06-24,Email,Initial Visit,CRM Nurture,Initial Interaction
I0004208,C004208,2025-11-22,Dealer Event,Initial Visit,Van Experience Days,Initial Interaction
I0007225,C004208,2025-12-02,Dealer Event,Configurator,Van Experience Days,Engaged Prospect
I0004209,C004209,2025-11-01,Website,Initial Visit,Always-on Web,Initial Interaction
I0007227,C004209,2025-11-02,Website,Configurator,Always-on Web,Engaged Prospect
I0004210,C004210,2024-02-19,Dealer Event,Initial Visit,Van Experience Days,Initial Interaction
I0007229,C004210,2024-02-21,Dealer Event,Event Registration,Van Experience Days,Engaged Prospect
I0004211,C004211,2025-06-07,Dealer Event,Initial Visit,Van Experience Days,Initial Interaction
I0007231,C004211,2025-06-09,Dealer Event,Event Registration,Van Experience Days,Engaged Prospect
I0004212,C004212,2024-12-18,Dealer Event,Initial Visit,Van Experience Days,Initial Interaction
I0007233,C004212,2025-01-01,Dealer Event,Configurator,Van Experience Days,Engaged Prospect
I0004213,C004213,2025-05-29,Social Media,Initial Visit,Urban Mobility,Initial Interaction
I0007235,C004213,2025-06-04,Social Media,Callback Request,Urban Mobility,Engaged Prospect
I0004214,C004214,2025-09-03,Paid Search,Initial Visit,Commercial Intent,Initial Interaction
I0004215,C004215,2025-02-12,Dealer Event,Initial Visit,Van Experience Days,Initial Interaction
I0007238,C004215,2025-02-22,Dealer Event,Brochure Download,Van Experience Days,Engaged Prospect
I0004216,C004216,2024-01-03,Paid Search,Initial Visit,Commercial Intent,Initial Interaction
I0007240,C004216,2024-01-14,Paid Search,Callback Request,Commercial Intent,Engaged Prospect
I0004217,C004217,2025-08-28,Website,Initial Visit,Always-on Web,Initial Interaction
I0007242,C004217,2025-09-02,Website,Event Registration,Always-on Web,Engaged Prospect
I0004218,C004218,2024-11-02,Paid Search,Initial Visit,Commercial Intent,Initial Interaction
I0007244,C004218,2024-11-16,Paid Search,Callback Request,Commercial Intent,Engaged Prospect
I0004219,C004219,2024-11-17,Paid Search,Initial Visit,Commercial Intent,Initial Interaction
I0007246,C004219,2024-11-24,Paid Search,Brochure Download,Commercial Intent,Engaged Prospect
I0004220,C004220,2025-02-12,Social Media,Initial Visit,Urban Mobility,Initial Interaction
I0004221,C004221,2025-09-30,Dealer Event,Initial Visit,Van Experience Days,Initial Interaction
I0004222,C004222,2025-01-03,Paid Search,Initial Visit,Commercial Intent,Initial Interaction
I0004223,C004223,2024-05-25,Paid Search,Initial Visit,Commercial Intent,Initial Interaction
I0004224,C004224,2025-05-27,Referral,Initial Visit,Customer Referral,Initial Interaction
I0007252,C004224,2025-06-10,Referral,Callback Request,Customer Referral,Engaged Prospect
I0004225,C004225,2025-03-19,Website,Initial Visit,Always-on Web,Initial Interaction
I0007254,C004225,2025-03-22,Website,Brochure Download,Always-on Web,Engaged Prospect
I0004226,C004226,2024-02-15,Website,Initial Visit,Always-on Web,Initial Interaction
I0007256,C004226,2024-02-17,Website,Configurator,Always-on Web,Engaged Prospect
I0004227,C004227,2025-01-07,Dealer Event,Initial Visit,Van Experience Days,Initial Interaction
I0004228,C004228,2025-07-03,Referral,Initial Visit,Customer Referral,Initial Interaction
I0007259,C004228,2025-07-17,Referral,Event Registration,Customer Referral,Engaged Prospect
I0004229,C004229,2025-09-10,Email,Initial Visit,CRM Nurture,Initial Interaction
I0007261,C004229,2025-09-16,Email,Callback Request,CRM Nurture,Engaged Prospect
I0004230,C004230,2024-07-17,Paid Search,Initial Visit,Commercial Intent,Initial Interaction
I0007263,C004230,2024-07-18,Paid Search,Event Registration,Commercial Intent,Engaged Prospect
I0004231,C004231,2024-12-31,Social Media,Initial Visit,Urban Mobility,Initial Interaction
I0007265,C004231,2025-01-04,Social Media,Brochure Download,Urban Mobility,Engaged Prospect
I0004232,C004232,2025-07-30,Dealer Event,Initial Visit,Van Experience Days,Initial Interaction
I0004233,C004233,2025-02-12,Dealer Event,Initial Visit,Van Experience Days,Initial Interaction
I0004234,C004234,2024-10-20,Website,Initial Visit,Always-on Web,Initial Interaction
I0007269,C004234,2024-10-22,Website,Event Registration,Always-on Web,Engaged Prospect
I0004235,C004235,2024-05-08,Dealer Event,Initial Visit,Van Experience Days,Initial Interaction
I0007271,C004235,2024-05-16,Dealer Event,Event Registration,Van Experience Days,Engaged Prospect
I0004236,C004236,2024-01-31,Social Media,Initial Visit,Urban Mobility,Initial Interaction
I0007273,C004236,2024-02-08,Social Media,Brochure Download,Urban Mobility,Engaged Prospect
I0004237,C004237,2025-04-28,Website,Initial Visit,Always-on Web,Initial Interaction
I0004238,C004238,2025-11-05,Website,Initial Visit,Always-on Web,Initial Interaction
I0007276,C004238,2025-11-14,Website,Callback Request,Always-on Web,Engaged Prospect
I0004239,C004239,2025-02-24,Website,Initial Visit,Always-on Web,Initial Interaction
I0004240,C004240,2025-06-30,Referral,Initial Visit,Customer Referral,Initial Interaction
I0007279,C004240,2025-07-02,Referral,Configurator,Customer Referral,Engaged Prospect
I0004241,C004241,2025-04-19,Paid Search,Initial Visit,Commercial Intent,Initial Interaction
I0007281,C004241,2025-05-01,Paid Search,Brochure Download,Commercial Intent,Engaged Prospect
I0004242,C004242,2024-08-31,Email,Initial Visit,CRM Nurture,Initial Interaction
I0007283,C004242,2024-09-06,Email,Configurator,CRM Nurture,Engaged Prospect
I0004243,C004243,2024-12-31,Website,Initial Visit,Always-on Web,Initial Interaction
I0007285,C004243,2025-01-02,Website,Callback Request,Always-on Web,Engaged Prospect
I0004244,C004244,2024-07-08,Dealer Event,Initial Visit,Van Experience Days,Initial Interaction
I0004245,C004245,2024-06-05,Paid Search,Initial Visit,Commercial Intent,Initial Interaction
I0007288,C004245,2024-06-13,Paid Search,Callback Request,Commercial Intent,Engaged Prospect
I0004246,C004246,2025-02-16,Referral,Initial Visit,Customer Referral,Initial Interaction
I0004247,C004247,2025-03-28,Social Media,Initial Visit,Urban Mobility,Initial Interaction
I0007291,C004247,2025-03-31,Social Media,Configurator,Urban Mobility,Engaged Prospect
I0004248,C004248,2025-11-22,Dealer Event,Initial Visit,Van Experience Days,Initial Interaction
I0007293,C004248,2025-12-02,Dealer Event,Event Registration,Van Experience Days,Engaged Prospect
I0004249,C004249,2024-06-14,Social Media,Initial Visit,Urban Mobility,Initial Interaction
I0007295,C004249,2024-06-22,Social Media,Callback Request,Urban Mobility,Engaged Prospect
I0004250,C004250,2024-07-22,Social Media,Initial Visit,Urban Mobility,Initial Interaction
I0007297,C004250,2024-08-04,Social Media,Brochure Download,Urban Mobility,Engaged Prospect
I0004251,C004251,2024-04-26,Referral,Initial Visit,Customer Referral,Initial Interaction
I0007299,C004251,2024-05-03,Referral,Configurator,Customer Referral,Engaged Prospect
I0004252,C004252,2025-10-25,Social Media,Initial Visit,Urban Mobility,Initial Interaction
I0007301,C004252,2025-11-06,Social Media,Event Registration,Urban Mobility,Engaged Prospect
I0004253,C004253,2025-07-01,Dealer Event,Initial Visit,Van Experience Days,Initial Interaction
I0007303,C004253,2025-07-10,Dealer Event,Brochure Download,Van Experience Days,Engaged Prospect
I0004254,C004254,2024-08-19,Website,Initial Visit,Always-on Web,Initial Interaction
I0007305,C004254,2024-08-24,Website,Callback Request,Always-on Web,Engaged Prospect
I0004255,C004255,2025-11-09,Email,Initial Visit,CRM Nurture,Initial Interaction
I0007307,C004255,2025-11-22,Email,Configurator,CRM Nurture,Engaged Prospect
I0004256,C004256,2025-05-07,Referral,Initial Visit,Customer Referral,Initial Interaction
I0007309,C004256,2025-05-19,Referral,Brochure Download,Customer Referral,Engaged Prospect
I0004257,C004257,2024-11-29,Dealer Event,Initial Visit,Van Experience Days,Initial Interaction
I0007311,C004257,2024-12-01,Dealer Event,Event Registration,Van Experience Days,Engaged Prospect
I0004258,C004258,2024-09-24,Paid Search,Initial Visit,Commercial Intent,Initial Interaction
I0007313,C004258,2024-09-27,Paid Search,Configurator,Commercial Intent,Engaged Prospect
I0004259,C004259,2025-02-02,Paid Search,Initial Visit,Commercial Intent,Initial Interaction
I0007315,C004259,2025-02-07,Paid Search,Configurator,Commercial Intent,Engaged Prospect
I0004260,C004260,2024-02-29,Dealer Event,Initial Visit,Van Experience Days,Initial Interaction
I0007317,C004260,2024-03-06,Dealer Event,Configurator,Van Experience Days,Engaged Prospect
I0004261,C004261,2024-04-30,Paid Search,Initial Visit,Commercial Intent,Initial Interaction
I0007319,C004261,2024-05-08,Paid Search,Callback Request,Commercial Intent,Engaged Prospect
I0004262,C004262,2025-10-17,Referral,Initial Visit,Customer Referral,Initial Interaction
I0007321,C004262,2025-10-26,Referral,Callback Request,Customer Referral,Engaged Prospect
I0004263,C004263,2024-05-24,Website,Initial Visit,Always-on Web,Initial Interaction
I0007323,C004263,2024-05-31,Website,Event Registration,Always-on Web,Engaged Prospect
I0004264,C004264,2024-04-24,Website,Initial Visit,Always-on Web,Initial Interaction
I0007325,C004264,2024-05-02,Website,Callback Request,Always-on Web,Engaged Prospect
I0004265,C004265,2025-08-24,Dealer Event,Initial Visit,Van Experience Days,Initial Interaction
I0007327,C004265,2025-09-04,Dealer Event,Configurator,Van Experience Days,Engaged Prospect
I0004266,C004266,2025-10-23,Paid Search,Initial Visit,Commercial Intent,Initial Interaction
I0007329,C004266,2025-10-26,Paid Search,Brochure Download,Commercial Intent,Engaged Prospect
I0004267,C004267,2025-07-26,Paid Search,Initial Visit,Commercial Intent,Initial Interaction
I0007331,C004267,2025-08-09,Paid Search,Event Registration,Commercial Intent,Engaged Prospect
I0004268,C004268,2024-03-13,Paid Search,Initial Visit,Commercial Intent,Initial Interaction
I0007333,C004268,2024-03-24,Paid Search,Callback Request,Commercial Intent,Engaged Prospect
I0004269,C004269,2025-08-10,Referral,Initial Visit,Customer Referral,Initial Interaction
I0007335,C004269,2025-08-22,Referral,Configurator,Customer Referral,Engaged Prospect
I0004270,C004270,2024-07-05,Social Media,Initial Visit,Urban Mobility,Initial Interaction
I0007337,C004270,2024-07-16,Social Media,Brochure Download,Urban Mobility,Engaged Prospect
I0004271,C004271,2024-01-08,Referral,Initial Visit,Customer Referral,Initial Interaction
I0007339,C004271,2024-01-11,Referral,Callback Request,Customer Referral,Engaged Prospect
I0004272,C004272,2025-10-06,Paid Search,Initial Visit,Commercial Intent,Initial Interaction
I0007341,C004272,2025-10-17,Paid Search,Callback Request,Commercial Intent,Engaged Prospect
I0004273,C004273,2024-07-06,Paid Search,Initial Visit,Commercial Intent,Initial Interaction
I0007343,C004273,2024-07-13,Paid Search,Brochure Download,Commercial Intent,Engaged Prospect
I0004274,C004274,2025-04-05,Website,Initial Visit,Always-on Web,Initial Interaction
I0004275,C004275,2024-02-21,Paid Search,Initial Visit,Commercial Intent,Initial Interaction
I0004276,C004276,2024-05-12,Website,Initial Visit,Always-on Web,Initial Interaction
I0007347,C004276,2024-05-22,Website,Brochure Download,Always-on Web,Engaged Prospect
I0004277,C004277,2025-09-08,Website,Initial Visit,Always-on Web,Initial Interaction
I0007349,C004277,2025-09-14,Website,Callback Request,Always-on Web,Engaged Prospect
I0004278,C004278,2025-02-18,Paid Search,Initial Visit,Commercial Intent,Initial Interaction
I0007351,C004278,2025-03-03,Paid Search,Event Registration,Commercial Intent,Engaged Prospect
I0004279,C004279,2025-11-30,Email,Initial Visit,CRM Nurture,Initial Interaction
I0004280,C004280,2024-05-06,Paid Search,Initial Visit,Commercial Intent,Initial Interaction
I0004281,C004281,2025-09-15,Social Media,Initial Visit,Urban Mobility,Initial Interaction
I0007355,C004281,2025-09-21,Social Media,Callback Request,Urban Mobility,Engaged Prospect
I0004282,C004282,2025-09-04,Paid Search,Initial Visit,Commercial Intent,Initial Interaction
I0007357,C004282,2025-09-07,Paid Search,Event Registration,Commercial Intent,Engaged Prospect
I0004283,C004283,2025-10-08,Social Media,Initial Visit,Urban Mobility,Initial Interaction
I0007359,C004283,2025-10-17,Social Media,Event Registration,Urban Mobility,Engaged Prospect
I0004284,C004284,2024-02-04,Dealer Event,Initial Visit,Van Experience Days,Initial Interaction
I0004285,C004285,2024-03-14,Dealer Event,Initial Visit,Van Experience Days,Initial Interaction
I0007362,C004285,2024-03-15,Dealer Event,Brochure Download,Van Experience Days,Engaged Prospect
I0004286,C004286,2025-01-05,Dealer Event,Initial Visit,Van Experience Days,Initial Interaction
I0007364,C004286,2025-01-13,Dealer Event,Configurator,Van Experience Days,Engaged Prospect
I0004287,C004287,2024-03-21,Website,Initial Visit,Always-on Web,Initial Interaction
I0007366,C004287,2024-04-02,Website,Callback Request,Always-on Web,Engaged Prospect
I0004288,C004288,2024-02-14,Paid Search,Initial Visit,Commercial Intent,Initial Interaction
I0004289,C004289,2025-07-21,Dealer Event,Initial Visit,Van Experience Days,Initial Interaction
I0004290,C004290,2025-05-01,Referral,Initial Visit,Customer Referral,Initial Interaction
I0007370,C004290,2025-05-13,Referral,Event Registration,Customer Referral,Engaged Prospect
I0004291,C004291,2025-08-13,Social Media,Initial Visit,Urban Mobility,Initial Interaction
I0004292,C004292,2025-10-17,Social Media,Initial Visit,Urban Mobility,Initial Interaction
I0004293,C004293,2024-04-09,Email,Initial Visit,CRM Nurture,Initial Interaction
I0007374,C004293,2024-04-19,Email,Brochure Download,CRM Nurture,Engaged Prospect
I0004294,C004294,2025-08-04,Referral,Initial Visit,Customer Referral,Initial Interaction
I0007376,C004294,2025-08-07,Referral,Configurator,Customer Referral,Engaged Prospect
I0004295,C004295,2024-01-31,Paid Search,Initial Visit,Commercial Intent,Initial Interaction
I0007378,C004295,2024-02-12,Paid Search,Callback Request,Commercial Intent,Engaged Prospect
I0004296,C004296,2024-09-17,Website,Initial Visit,Always-on Web,Initial Interaction
I0007380,C004296,2024-10-01,Website,Callback Request,Always-on Web,Engaged Prospect
I0004297,C004297,2024-07-27,Dealer Event,Initial Visit,Van Experience Days,Initial Interaction
I0007382,C004297,2024-08-01,Dealer Event,Event Registration,Van Experience Days,Engaged Prospect
I0004298,C004298,2024-06-14,Email,Initial Visit,CRM Nurture,Initial Interaction
I0007384,C004298,2024-06-24,Email,Event Registration,CRM Nurture,Engaged Prospect
I0004299,C004299,2025-05-17,Website,Initial Visit,Always-on Web,Initial Interaction
I0004300,C004300,2024-03-25,Paid Search,Initial Visit,Commercial Intent,Initial Interaction
I0007387,C004300,2024-03-29,Paid Search,Configurator,Commercial Intent,Engaged Prospect
I0004301,C004301,2025-07-20,Social Media,Initial Visit,Urban Mobility,Initial Interaction
I0007389,C004301,2025-07-27,Social Media,Event Registration,Urban Mobility,Engaged Prospect
I0004302,C004302,2025-09-03,Email,Initial Visit,CRM Nurture,Initial Interaction
I0007391,C004302,2025-09-16,Email,Callback Request,CRM Nurture,Engaged Prospect
I0004303,C004303,2025-04-10,Dealer Event,Initial Visit,Van Experience Days,Initial Interaction
I0004304,C004304,2024-02-26,Website,Initial Visit,Always-on Web,Initial Interaction
I0007394,C004304,2024-03-01,Website,Event Registration,Always-on Web,Engaged Prospect
I0004305,C004305,2025-02-21,Website,Initial Visit,Always-on Web,Initial Interaction
I0004306,C004306,2025-03-16,Email,Initial Visit,CRM Nurture,Initial Interaction
I0007397,C004306,2025-03-20,Email,Configurator,CRM Nurture,Engaged Prospect
I0004307,C004307,2024-09-18,Website,Initial Visit,Always-on Web,Initial Interaction
I0007399,C004307,2024-09-19,Website,Event Registration,Always-on Web,Engaged Prospect
I0004308,C004308,2024-09-14,Social Media,Initial Visit,Urban Mobility,Initial Interaction
I0004309,C004309,2024-11-24,Social Media,Initial Visit,Urban Mobility,Initial Interaction
I0007402,C004309,2024-11-29,Social Media,Callback Request,Urban Mobility,Engaged Prospect
I0004310,C004310,2025-11-28,Paid Search,Initial Visit,Commercial Intent,Initial Interaction
I0007404,C004310,2025-12-03,Paid Search,Callback Request,Commercial Intent,Engaged Prospect
I0004311,C004311,2024-01-03,Dealer Event,Initial Visit,Van Experience Days,Initial Interaction
I0007406,C004311,2024-01-09,Dealer Event,Event Registration,Van Experience Days,Engaged Prospect
I0004312,C004312,2024-12-22,Website,Initial Visit,Always-on Web,Initial Interaction
I0007408,C004312,2024-12-25,Website,Configurator,Always-on Web,Engaged Prospect
I0004313,C004313,2024-08-09,Dealer Event,Initial Visit,Van Experience Days,Initial Interaction
I0007410,C004313,2024-08-20,Dealer Event,Brochure Download,Van Experience Days,Engaged Prospect
I0004314,C004314,2025-01-19,Social Media,Initial Visit,Urban Mobility,Initial Interaction
I0007412,C004314,2025-02-02,Social Media,Brochure Download,Urban Mobility,Engaged Prospect
I0004315,C004315,2024-01-03,Social Media,Initial Visit,Urban Mobility,Initial Interaction
I0004316,C004316,2025-10-04,Dealer Event,Initial Visit,Van Experience Days,Initial Interaction
I0004317,C004317,2024-11-15,Website,Initial Visit,Always-on Web,Initial Interaction
I0007416,C004317,2024-11-18,Website,Callback Request,Always-on Web,Engaged Prospect
I0004318,C004318,2025-11-09,Dealer Event,Initial Visit,Van Experience Days,Initial Interaction
I0007418,C004318,2025-11-13,Dealer Event,Callback Request,Van Experience Days,Engaged Prospect
I0004319,C004319,2024-04-17,Website,Initial Visit,Always-on Web,Initial Interaction
I0007420,C004319,2024-04-21,Website,Callback Request,Always-on Web,Engaged Prospect
I0004320,C004320,2025-02-12,Referral,Initial Visit,Customer Referral,Initial Interaction
I0007422,C004320,2025-02-22,Referral,Configurator,Customer Referral,Engaged Prospect
I0004321,C004321,2025-04-20,Website,Initial Visit,Always-on Web,Initial Interaction
I0004322,C004322,2025-07-11,Social Media,Initial Visit,Urban Mobility,Initial Interaction
I0007425,C004322,2025-07-13,Social Media,Brochure Download,Urban Mobility,Engaged Prospect
I0004323,C004323,2024-01-07,Website,Initial Visit,Always-on Web,Initial Interaction
I0004324,C004324,2025-03-20,Paid Search,Initial Visit,Commercial Intent,Initial Interaction
I0007428,C004324,2025-03-26,Paid Search,Configurator,Commercial Intent,Engaged Prospect
I0004325,C004325,2024-04-13,Website,Initial Visit,Always-on Web,Initial Interaction
I0007430,C004325,2024-04-25,Website,Configurator,Always-on Web,Engaged Prospect
I0004326,C004326,2024-10-26,Website,Initial Visit,Always-on Web,Initial Interaction
I0007432,C004326,2024-11-08,Website,Brochure Download,Always-on Web,Engaged Prospect
I0004327,C004327,2024-02-07,Website,Initial Visit,Always-on Web,Initial Interaction
I0007434,C004327,2024-02-21,Website,Brochure Download,Always-on Web,Engaged Prospect
I0004328,C004328,2024-02-10,Website,Initial Visit,Always-on Web,Initial Interaction
I0004329,C004329,2025-06-20,Email,Initial Visit,CRM Nurture,Initial Interaction
I0007437,C004329,2025-06-23,Email,Configurator,CRM Nurture,Engaged Prospect
I0004330,C004330,2025-05-17,Paid Search,Initial Visit,Commercial Intent,Initial Interaction
I0007439,C004330,2025-05-26,Paid Search,Event Registration,Commercial Intent,Engaged Prospect
I0004331,C004331,2025-09-18,Website,Initial Visit,Always-on Web,Initial Interaction
I0007441,C004331,2025-10-01,Website,Brochure Download,Always-on Web,Engaged Prospect
I0004332,C004332,2025-05-05,Referral,Initial Visit,Customer Referral,Initial Interaction
I0007443,C004332,2025-05-07,Referral,Event Registration,Customer Referral,Engaged Prospect
I0004333,C004333,2025-02-21,Email,Initial Visit,CRM Nurture,Initial Interaction
I0007445,C004333,2025-02-26,Email,Callback Request,CRM Nurture,Engaged Prospect
I0004334,C004334,2024-03-22,Website,Initial Visit,Always-on Web,Initial Interaction
I0007447,C004334,2024-03-29,Website,Event Registration,Always-on Web,Engaged Prospect
I0004335,C004335,2025-06-19,Paid Search,Initial Visit,Commercial Intent,Initial Interaction
I0007449,C004335,2025-07-01,Paid Search,Event Registration,Commercial Intent,Engaged Prospect
I0004336,C004336,2024-06-10,Paid Search,Initial Visit,Commercial Intent,Initial Interaction
I0007451,C004336,2024-06-18,Paid Search,Callback Request,Commercial Intent,Engaged Prospect
I0004337,C004337,2024-03-15,Social Media,Initial Visit,Urban Mobility,Initial Interaction
I0004338,C004338,2025-05-27,Dealer Event,Initial Visit,Van Experience Days,Initial Interaction
I0004339,C004339,2025-02-15,Social Media,Initial Visit,Urban Mobility,Initial Interaction
I0007455,C004339,2025-02-19,Social Media,Brochure Download,Urban Mobility,Engaged Prospect
I0004340,C004340,2024-04-14,Referral,Initial Visit,Customer Referral,Initial Interaction
I0007457,C004340,2024-04-23,Referral,Callback Request,Customer Referral,Engaged Prospect
I0004341,C004341,2025-01-19,Email,Initial Visit,CRM Nurture,Initial Interaction
I0007459,C004341,2025-01-21,Email,Callback Request,CRM Nurture,Engaged Prospect
I0004342,C004342,2025-04-28,Referral,Initial Visit,Customer Referral,Initial Interaction
I0004343,C004343,2024-12-15,Social Media,Initial Visit,Urban Mobility,Initial Interaction
I0007462,C004343,2024-12-25,Social Media,Callback Request,Urban Mobility,Engaged Prospect
I0004344,C004344,2025-05-17,Email,Initial Visit,CRM Nurture,Initial Interaction
I0007464,C004344,2025-05-19,Email,Callback Request,CRM Nurture,Engaged Prospect
I0004345,C004345,2024-12-19,Email,Initial Visit,CRM Nurture,Initial Interaction
I0004346,C004346,2024-09-04,Email,Initial Visit,CRM Nurture,Initial Interaction
I0007467,C004346,2024-09-06,Email,Brochure Download,CRM Nurture,Engaged Prospect
I0004347,C004347,2024-06-05,Website,Initial Visit,Always-on Web,Initial Interaction
I0007469,C004347,2024-06-11,Website,Callback Request,Always-on Web,Engaged Prospect
I0004348,C004348,2024-06-29,Website,Initial Visit,Always-on Web,Initial Interaction
I0004349,C004349,2025-07-20,Website,Initial Visit,Always-on Web,Initial Interaction
I0007472,C004349,2025-08-02,Website,Configurator,Always-on Web,Engaged Prospect
I0004350,C004350,2024-09-18,Website,Initial Visit,Always-on Web,Initial Interaction
I0004351,C004351,2025-05-16,Referral,Initial Visit,Customer Referral,Initial Interaction
I0007475,C004351,2025-05-17,Referral,Configurator,Customer Referral,Engaged Prospect
I0004352,C004352,2024-09-08,Email,Initial Visit,CRM Nurture,Initial Interaction
I0007477,C004352,2024-09-18,Email,Configurator,CRM Nurture,Engaged Prospect
I0004353,C004353,2025-01-02,Website,Initial Visit,Always-on Web,Initial Interaction
I0004354,C004354,2025-02-28,Paid Search,Initial Visit,Commercial Intent,Initial Interaction
I0007480,C004354,2025-03-05,Paid Search,Event Registration,Commercial Intent,Engaged Prospect
I0004355,C004355,2024-11-30,Website,Initial Visit,Always-on Web,Initial Interaction
I0007482,C004355,2024-12-10,Website,Callback Request,Always-on Web,Engaged Prospect
I0004356,C004356,2025-06-04,Dealer Event,Initial Visit,Van Experience Days,Initial Interaction
I0004357,C004357,2025-10-08,Referral,Initial Visit,Customer Referral,Initial Interaction
I0007485,C004357,2025-10-12,Referral,Event Registration,Customer Referral,Engaged Prospect
I0004358,C004358,2025-08-26,Website,Initial Visit,Always-on Web,Initial Interaction
I0007487,C004358,2025-09-04,Website,Configurator,Always-on Web,Engaged Prospect
I0004359,C004359,2025-10-06,Paid Search,Initial Visit,Commercial Intent,Initial Interaction
I0004360,C004360,2024-01-21,Referral,Initial Visit,Customer Referral,Initial Interaction
I0007490,C004360,2024-01-27,Referral,Configurator,Customer Referral,Engaged Prospect
I0004361,C004361,2025-06-15,Email,Initial Visit,CRM Nurture,Initial Interaction
I0007492,C004361,2025-06-24,Email,Event Registration,CRM Nurture,Engaged Prospect
I0004362,C004362,2025-05-23,Dealer Event,Initial Visit,Van Experience Days,Initial Interaction
I0004363,C004363,2024-10-15,Paid Search,Initial Visit,Commercial Intent,Initial Interaction
I0007495,C004363,2024-10-20,Paid Search,Callback Request,Commercial Intent,Engaged Prospect
I0004364,C004364,2024-08-07,Website,Initial Visit,Always-on Web,Initial Interaction
I0007497,C004364,2024-08-16,Website,Event Registration,Always-on Web,Engaged Prospect
I0004365,C004365,2024-02-07,Email,Initial Visit,CRM Nurture,Initial Interaction
I0007499,C004365,2024-02-21,Email,Brochure Download,CRM Nurture,Engaged Prospect
I0004366,C004366,2025-08-10,Website,Initial Visit,Always-on Web,Initial Interaction
I0007501,C004366,2025-08-22,Website,Brochure Download,Always-on Web,Engaged Prospect
I0004367,C004367,2025-08-11,Dealer Event,Initial Visit,Van Experience Days,Initial Interaction
I0007503,C004367,2025-08-21,Dealer Event,Callback Request,Van Experience Days,Engaged Prospect
I0004368,C004368,2024-02-23,Email,Initial Visit,CRM Nurture,Initial Interaction
I0004369,C004369,2025-02-11,Paid Search,Initial Visit,Commercial Intent,Initial Interaction
I0007506,C004369,2025-02-14,Paid Search,Brochure Download,Commercial Intent,Engaged Prospect
I0004370,C004370,2025-01-20,Social Media,Initial Visit,Urban Mobility,Initial Interaction
I0007508,C004370,2025-02-02,Social Media,Event Registration,Urban Mobility,Engaged Prospect
I0004371,C004371,2024-04-30,Dealer Event,Initial Visit,Van Experience Days,Initial Interaction
I0004372,C004372,2025-01-19,Referral,Initial Visit,Customer Referral,Initial Interaction
I0007511,C004372,2025-01-25,Referral,Event Registration,Customer Referral,Engaged Prospect
I0004373,C004373,2025-07-22,Paid Search,Initial Visit,Commercial Intent,Initial Interaction
I0007513,C004373,2025-08-05,Paid Search,Configurator,Commercial Intent,Engaged Prospect
I0004374,C004374,2024-08-16,Dealer Event,Initial Visit,Van Experience Days,Initial Interaction
I0007515,C004374,2024-08-23,Dealer Event,Event Registration,Van Experience Days,Engaged Prospect
I0004375,C004375,2025-05-23,Website,Initial Visit,Always-on Web,Initial Interaction
I0004376,C004376,2025-11-10,Referral,Initial Visit,Customer Referral,Initial Interaction
I0007518,C004376,2025-11-12,Referral,Configurator,Customer Referral,Engaged Prospect
I0004377,C004377,2024-11-14,Email,Initial Visit,CRM Nurture,Initial Interaction
I0007520,C004377,2024-11-17,Email,Configurator,CRM Nurture,Engaged Prospect
I0004378,C004378,2024-03-15,Website,Initial Visit,Always-on Web,Initial Interaction
I0004379,C004379,2024-07-27,Email,Initial Visit,CRM Nurture,Initial Interaction
I0007523,C004379,2024-07-30,Email,Callback Request,CRM Nurture,Engaged Prospect
I0004380,C004380,2024-04-05,Email,Initial Visit,CRM Nurture,Initial Interaction
I0007525,C004380,2024-04-14,Email,Event Registration,CRM Nurture,Engaged Prospect
I0004381,C004381,2024-09-03,Email,Initial Visit,CRM Nurture,Initial Interaction
I0007527,C004381,2024-09-17,Email,Configurator,CRM Nurture,Engaged Prospect
I0004382,C004382,2025-03-26,Paid Search,Initial Visit,Commercial Intent,Initial Interaction
I0007529,C004382,2025-04-01,Paid Search,Brochure Download,Commercial Intent,Engaged Prospect
I0004383,C004383,2024-05-21,Email,Initial Visit,CRM Nurture,Initial Interaction
I0004384,C004384,2024-12-26,Dealer Event,Initial Visit,Van Experience Days,Initial Interaction
I0004385,C004385,2025-11-29,Paid Search,Initial Visit,Commercial Intent,Initial Interaction
I0007533,C004385,2025-12-06,Paid Search,Brochure Download,Commercial Intent,Engaged Prospect
I0004386,C004386,2024-07-04,Website,Initial Visit,Always-on Web,Initial Interaction
I0007535,C004386,2024-07-17,Website,Event Registration,Always-on Web,Engaged Prospect
I0004387,C004387,2025-09-07,Dealer Event,Initial Visit,Van Experience Days,Initial Interaction
I0007537,C004387,2025-09-15,Dealer Event,Callback Request,Van Experience Days,Engaged Prospect
I0004388,C004388,2024-07-31,Social Media,Initial Visit,Urban Mobility,Initial Interaction
I0007539,C004388,2024-08-02,Social Media,Event Registration,Urban Mobility,Engaged Prospect
I0004389,C004389,2025-03-05,Paid Search,Initial Visit,Commercial Intent,Initial Interaction
I0007541,C004389,2025-03-06,Paid Search,Brochure Download,Commercial Intent,Engaged Prospect
I0004390,C004390,2024-04-19,Dealer Event,Initial Visit,Van Experience Days,Initial Interaction
I0004391,C004391,2024-07-06,Website,Initial Visit,Always-on Web,Initial Interaction
I0007544,C004391,2024-07-12,Website,Callback Request,Always-on Web,Engaged Prospect
I0004392,C004392,2025-08-30,Dealer Event,Initial Visit,Van Experience Days,Initial Interaction
I0007546,C004392,2025-09-06,Dealer Event,Brochure Download,Van Experience Days,Engaged Prospect
I0004393,C004393,2025-02-16,Social Media,Initial Visit,Urban Mobility,Initial Interaction
I0004394,C004394,2025-02-02,Website,Initial Visit,Always-on Web,Initial Interaction
I0007549,C004394,2025-02-10,Website,Brochure Download,Always-on Web,Engaged Prospect
I0004395,C004395,2024-12-23,Referral,Initial Visit,Customer Referral,Initial Interaction
I0007551,C004395,2024-12-29,Referral,Callback Request,Customer Referral,Engaged Prospect
I0004396,C004396,2024-06-20,Dealer Event,Initial Visit,Van Experience Days,Initial Interaction
I0007553,C004396,2024-06-23,Dealer Event,Configurator,Van Experience Days,Engaged Prospect
I0004397,C004397,2025-10-12,Website,Initial Visit,Always-on Web,Initial Interaction
I0007555,C004397,2025-10-21,Website,Callback Request,Always-on Web,Engaged Prospect
I0004398,C004398,2024-10-02,Referral,Initial Visit,Customer Referral,Initial Interaction
I0007557,C004398,2024-10-08,Referral,Callback Request,Customer Referral,Engaged Prospect
I0004399,C004399,2024-01-09,Referral,Initial Visit,Customer Referral,Initial Interaction
I0007559,C004399,2024-01-20,Referral,Configurator,Customer Referral,Engaged Prospect
I0004400,C004400,2025-09-26,Dealer Event,Initial Visit,Van Experience Days,Initial Interaction
I0007561,C004400,2025-09-30,Dealer Event,Configurator,Van Experience Days,Engaged Prospect
I0004401,C004401,2024-02-02,Website,Initial Visit,Always-on Web,Initial Interaction
I0004402,C004402,2025-09-12,Website,Initial Visit,Always-on Web,Initial Interaction
I0007564,C004402,2025-09-23,Website,Configurator,Always-on Web,Engaged Prospect
I0004403,C004403,2024-07-05,Email,Initial Visit,CRM Nurture,Initial Interaction
I0007566,C004403,2024-07-18,Email,Configurator,CRM Nurture,Engaged Prospect
I0004404,C004404,2024-02-18,Referral,Initial Visit,Customer Referral,Initial Interaction
I0004405,C004405,2024-06-03,Website,Initial Visit,Always-on Web,Initial Interaction
I0007569,C004405,2024-06-05,Website,Event Registration,Always-on Web,Engaged Prospect
I0004406,C004406,2025-04-02,Paid Search,Initial Visit,Commercial Intent,Initial Interaction
I0004407,C004407,2025-01-17,Website,Initial Visit,Always-on Web,Initial Interaction
I0007572,C004407,2025-01-26,Website,Configurator,Always-on Web,Engaged Prospect
I0004408,C004408,2024-04-17,Paid Search,Initial Visit,Commercial Intent,Initial Interaction
I0007574,C004408,2024-04-20,Paid Search,Event Registration,Commercial Intent,Engaged Prospect
I0004409,C004409,2024-07-29,Social Media,Initial Visit,Urban Mobility,Initial Interaction
I0007576,C004409,2024-08-02,Social Media,Callback Request,Urban Mobility,Engaged Prospect
I0004410,C004410,2024-05-27,Website,Initial Visit,Always-on Web,Initial Interaction
I0007578,C004410,2024-06-03,Website,Callback Request,Always-on Web,Engaged Prospect
I0004411,C004411,2025-04-02,Social Media,Initial Visit,Urban Mobility,Initial Interaction
I0007580,C004411,2025-04-11,Social Media,Configurator,Urban Mobility,Engaged Prospect
I0004412,C004412,2025-08-27,Social Media,Initial Visit,Urban Mobility,Initial Interaction
I0007582,C004412,2025-08-29,Social Media,Event Registration,Urban Mobility,Engaged Prospect
I0004413,C004413,2024-06-27,Paid Search,Initial Visit,Commercial Intent,Initial Interaction
I0004414,C004414,2025-09-18,Dealer Event,Initial Visit,Van Experience Days,Initial Interaction
I0007585,C004414,2025-10-01,Dealer Event,Brochure Download,Van Experience Days,Engaged Prospect
I0004415,C004415,2024-10-12,Website,Initial Visit,Always-on Web,Initial Interaction
I0004416,C004416,2024-02-27,Website,Initial Visit,Always-on Web,Initial Interaction
I0004417,C004417,2024-08-13,Social Media,Initial Visit,Urban Mobility,Initial Interaction
I0004418,C004418,2025-09-03,Social Media,Initial Visit,Urban Mobility,Initial Interaction
I0007590,C004418,2025-09-04,Social Media,Callback Request,Urban Mobility,Engaged Prospect
I0004419,C004419,2025-07-19,Website,Initial Visit,Always-on Web,Initial Interaction
I0007592,C004419,2025-07-28,Website,Brochure Download,Always-on Web,Engaged Prospect
I0004420,C004420,2025-05-24,Referral,Initial Visit,Customer Referral,Initial Interaction
I0007594,C004420,2025-05-25,Referral,Configurator,Customer Referral,Engaged Prospect
I0004421,C004421,2024-10-06,Website,Initial Visit,Always-on Web,Initial Interaction
I0007596,C004421,2024-10-12,Website,Configurator,Always-on Web,Engaged Prospect
I0004422,C004422,2025-06-26,Website,Initial Visit,Always-on Web,Initial Interaction
I0007598,C004422,2025-07-03,Website,Configurator,Always-on Web,Engaged Prospect
I0004423,C004423,2025-05-12,Dealer Event,Initial Visit,Van Experience Days,Initial Interaction
I0007600,C004423,2025-05-16,Dealer Event,Callback Request,Van Experience Days,Engaged Prospect
I0004424,C004424,2025-07-08,Referral,Initial Visit,Customer Referral,Initial Interaction
I0004425,C004425,2025-01-25,Social Media,Initial Visit,Urban Mobility,Initial Interaction
I0007603,C004425,2025-02-05,Social Media,Brochure Download,Urban Mobility,Engaged Prospect
I0004426,C004426,2024-12-21,Website,Initial Visit,Always-on Web,Initial Interaction
I0007605,C004426,2024-12-29,Website,Callback Request,Always-on Web,Engaged Prospect
I0004427,C004427,2025-11-07,Paid Search,Initial Visit,Commercial Intent,Initial Interaction
I0007607,C004427,2025-11-16,Paid Search,Brochure Download,Commercial Intent,Engaged Prospect
I0004428,C004428,2025-10-24,Website,Initial Visit,Always-on Web,Initial Interaction
I0007609,C004428,2025-10-30,Website,Configurator,Always-on Web,Engaged Prospect
I0004429,C004429,2025-01-10,Social Media,Initial Visit,Urban Mobility,Initial Interaction
I0004430,C004430,2024-05-20,Email,Initial Visit,CRM Nurture,Initial Interaction
I0007612,C004430,2024-05-22,Email,Event Registration,CRM Nurture,Engaged Prospect
I0004431,C004431,2024-10-13,Paid Search,Initial Visit,Commercial Intent,Initial Interaction
I0007614,C004431,2024-10-26,Paid Search,Callback Request,Commercial Intent,Engaged Prospect
I0004432,C004432,2024-12-19,Social Media,Initial Visit,Urban Mobility,Initial Interaction
I0007616,C004432,2025-01-02,Social Media,Configurator,Urban Mobility,Engaged Prospect
I0004433,C004433,2025-04-18,Email,Initial Visit,CRM Nurture,Initial Interaction
I0007618,C004433,2025-04-21,Email,Event Registration,CRM Nurture,Engaged Prospect
I0004434,C004434,2024-08-10,Website,Initial Visit,Always-on Web,Initial Interaction
I0004435,C004435,2024-02-01,Website,Initial Visit,Always-on Web,Initial Interaction
I0007621,C004435,2024-02-06,Website,Event Registration,Always-on Web,Engaged Prospect
I0004436,C004436,2025-07-29,Dealer Event,Initial Visit,Van Experience Days,Initial Interaction
I0007623,C004436,2025-08-09,Dealer Event,Event Registration,Van Experience Days,Engaged Prospect
I0004437,C004437,2025-10-26,Website,Initial Visit,Always-on Web,Initial Interaction
I0004438,C004438,2024-02-27,Website,Initial Visit,Always-on Web,Initial Interaction
I0007626,C004438,2024-03-02,Website,Configurator,Always-on Web,Engaged Prospect
I0004439,C004439,2024-08-10,Website,Initial Visit,Always-on Web,Initial Interaction
I0004440,C004440,2024-10-30,Social Media,Initial Visit,Urban Mobility,Initial Interaction
I0007629,C004440,2024-11-11,Social Media,Brochure Download,Urban Mobility,Engaged Prospect
I0004441,C004441,2025-06-16,Social Media,Initial Visit,Urban Mobility,Initial Interaction
I0007631,C004441,2025-06-24,Social Media,Callback Request,Urban Mobility,Engaged Prospect
I0004442,C004442,2025-06-25,Social Media,Initial Visit,Urban Mobility,Initial Interaction
I0007633,C004442,2025-07-03,Social Media,Brochure Download,Urban Mobility,Engaged Prospect
I0004443,C004443,2024-08-28,Paid Search,Initial Visit,Commercial Intent,Initial Interaction
I0007635,C004443,2024-09-07,Paid Search,Configurator,Commercial Intent,Engaged Prospect
I0004444,C004444,2024-08-06,Social Media,Initial Visit,Urban Mobility,Initial Interaction
I0007637,C004444,2024-08-07,Social Media,Callback Request,Urban Mobility,Engaged Prospect
I0004445,C004445,2024-10-10,Website,Initial Visit,Always-on Web,Initial Interaction
I0007639,C004445,2024-10-19,Website,Brochure Download,Always-on Web,Engaged Prospect
I0004446,C004446,2024-06-17,Dealer Event,Initial Visit,Van Experience Days,Initial Interaction
I0007641,C004446,2024-06-20,Dealer Event,Event Registration,Van Experience Days,Engaged Prospect
I0004447,C004447,2024-11-01,Referral,Initial Visit,Customer Referral,Initial Interaction
I0004448,C004448,2024-07-02,Social Media,Initial Visit,Urban Mobility,Initial Interaction
I0007644,C004448,2024-07-05,Social Media,Configurator,Urban Mobility,Engaged Prospect
I0004449,C004449,2024-02-12,Paid Search,Initial Visit,Commercial Intent,Initial Interaction
I0004450,C004450,2025-05-14,Dealer Event,Initial Visit,Van Experience Days,Initial Interaction
I0007647,C004450,2025-05-16,Dealer Event,Brochure Download,Van Experience Days,Engaged Prospect
I0004451,C004451,2025-07-05,Website,Initial Visit,Always-on Web,Initial Interaction
I0007649,C004451,2025-07-14,Website,Event Registration,Always-on Web,Engaged Prospect
I0004452,C004452,2024-07-19,Paid Search,Initial Visit,Commercial Intent,Initial Interaction
I0007651,C004452,2024-07-25,Paid Search,Event Registration,Commercial Intent,Engaged Prospect
I0004453,C004453,2024-10-07,Referral,Initial Visit,Customer Referral,Initial Interaction
I0007653,C004453,2024-10-08,Referral,Callback Request,Customer Referral,Engaged Prospect
I0004454,C004454,2024-10-08,Website,Initial Visit,Always-on Web,Initial Interaction
I0007655,C004454,2024-10-16,Website,Brochure Download,Always-on Web,Engaged Prospect
I0004455,C004455,2024-01-16,Website,Initial Visit,Always-on Web,Initial Interaction
I0004456,C004456,2025-01-16,Social Media,Initial Visit,Urban Mobility,Initial Interaction
I0004457,C004457,2024-11-16,Social Media,Initial Visit,Urban Mobility,Initial Interaction
I0007659,C004457,2024-11-29,Social Media,Configurator,Urban Mobility,Engaged Prospect
I0004458,C004458,2025-10-20,Social Media,Initial Visit,Urban Mobility,Initial Interaction
I0007661,C004458,2025-10-22,Social Media,Configurator,Urban Mobility,Engaged Prospect
I0004459,C004459,2024-09-17,Website,Initial Visit,Always-on Web,Initial Interaction
I0007663,C004459,2024-09-26,Website,Brochure Download,Always-on Web,Engaged Prospect
I0004460,C004460,2025-07-10,Email,Initial Visit,CRM Nurture,Initial Interaction
I0007665,C004460,2025-07-19,Email,Event Registration,CRM Nurture,Engaged Prospect
I0004461,C004461,2024-09-30,Website,Initial Visit,Always-on Web,Initial Interaction
I0007667,C004461,2024-10-04,Website,Configurator,Always-on Web,Engaged Prospect
I0004462,C004462,2024-05-09,Referral,Initial Visit,Customer Referral,Initial Interaction
I0004463,C004463,2024-09-01,Website,Initial Visit,Always-on Web,Initial Interaction
I0007670,C004463,2024-09-15,Website,Brochure Download,Always-on Web,Engaged Prospect
I0004464,C004464,2025-09-10,Website,Initial Visit,Always-on Web,Initial Interaction
I0007672,C004464,2025-09-17,Website,Event Registration,Always-on Web,Engaged Prospect
I0004465,C004465,2024-06-28,Social Media,Initial Visit,Urban Mobility,Initial Interaction
I0007674,C004465,2024-07-12,Social Media,Brochure Download,Urban Mobility,Engaged Prospect
I0004466,C004466,2025-08-14,Website,Initial Visit,Always-on Web,Initial Interaction
I0007676,C004466,2025-08-17,Website,Callback Request,Always-on Web,Engaged Prospect
I0004467,C004467,2025-04-10,Social Media,Initial Visit,Urban Mobility,Initial Interaction
I0007678,C004467,2025-04-17,Social Media,Event Registration,Urban Mobility,Engaged Prospect
I0004468,C004468,2025-06-05,Website,Initial Visit,Always-on Web,Initial Interaction
I0007680,C004468,2025-06-08,Website,Brochure Download,Always-on Web,Engaged Prospect
I0004469,C004469,2025-06-10,Paid Search,Initial Visit,Commercial Intent,Initial Interaction
I0007682,C004469,2025-06-18,Paid Search,Event Registration,Commercial Intent,Engaged Prospect
I0004470,C004470,2024-12-27,Website,Initial Visit,Always-on Web,Initial Interaction
I0007684,C004470,2024-12-29,Website,Configurator,Always-on Web,Engaged Prospect
I0004471,C004471,2025-02-25,Paid Search,Initial Visit,Commercial Intent,Initial Interaction
I0004472,C004472,2024-02-18,Website,Initial Visit,Always-on Web,Initial Interaction
I0007687,C004472,2024-02-19,Website,Configurator,Always-on Web,Engaged Prospect
I0004473,C004473,2025-05-04,Paid Search,Initial Visit,Commercial Intent,Initial Interaction
I0007689,C004473,2025-05-08,Paid Search,Brochure Download,Commercial Intent,Engaged Prospect
I0004474,C004474,2025-05-13,Website,Initial Visit,Always-on Web,Initial Interaction
I0004475,C004475,2024-03-13,Dealer Event,Initial Visit,Van Experience Days,Initial Interaction
I0004476,C004476,2024-12-28,Email,Initial Visit,CRM Nurture,Initial Interaction
I0007693,C004476,2025-01-05,Email,Configurator,CRM Nurture,Engaged Prospect
I0004477,C004477,2024-12-22,Website,Initial Visit,Always-on Web,Initial Interaction
I0007695,C004477,2025-01-04,Website,Callback Request,Always-on Web,Engaged Prospect
I0004478,C004478,2024-08-04,Website,Initial Visit,Always-on Web,Initial Interaction
I0004479,C004479,2024-02-16,Website,Initial Visit,Always-on Web,Initial Interaction
I0004480,C004480,2024-01-07,Website,Initial Visit,Always-on Web,Initial Interaction
I0004481,C004481,2024-05-25,Paid Search,Initial Visit,Commercial Intent,Initial Interaction
I0007700,C004481,2024-06-03,Paid Search,Callback Request,Commercial Intent,Engaged Prospect
I0004482,C004482,2024-06-10,Paid Search,Initial Visit,Commercial Intent,Initial Interaction
I0007702,C004482,2024-06-16,Paid Search,Callback Request,Commercial Intent,Engaged Prospect
I0004483,C004483,2024-05-28,Referral,Initial Visit,Customer Referral,Initial Interaction
I0004484,C004484,2025-02-27,Dealer Event,Initial Visit,Van Experience Days,Initial Interaction
I0007705,C004484,2025-03-02,Dealer Event,Event Registration,Van Experience Days,Engaged Prospect
I0004485,C004485,2024-10-21,Website,Initial Visit,Always-on Web,Initial Interaction
I0004486,C004486,2024-03-19,Website,Initial Visit,Always-on Web,Initial Interaction
I0007708,C004486,2024-03-21,Website,Event Registration,Always-on Web,Engaged Prospect
I0004487,C004487,2024-02-28,Website,Initial Visit,Always-on Web,Initial Interaction
I0007710,C004487,2024-03-11,Website,Callback Request,Always-on Web,Engaged Prospect
I0004488,C004488,2025-04-03,Website,Initial Visit,Always-on Web,Initial Interaction
I0007712,C004488,2025-04-04,Website,Callback Request,Always-on Web,Engaged Prospect
I0004489,C004489,2025-10-16,Social Media,Initial Visit,Urban Mobility,Initial Interaction
I0007714,C004489,2025-10-24,Social Media,Callback Request,Urban Mobility,Engaged Prospect
I0004490,C004490,2025-07-27,Website,Initial Visit,Always-on Web,Initial Interaction
I0007716,C004490,2025-08-01,Website,Brochure Download,Always-on Web,Engaged Prospect
I0004491,C004491,2025-06-14,Website,Initial Visit,Always-on Web,Initial Interaction
I0007718,C004491,2025-06-23,Website,Brochure Download,Always-on Web,Engaged Prospect
I0004492,C004492,2024-08-10,Website,Initial Visit,Always-on Web,Initial Interaction
I0004493,C004493,2025-05-07,Email,Initial Visit,CRM Nurture,Initial Interaction
I0007721,C004493,2025-05-14,Email,Callback Request,CRM Nurture,Engaged Prospect
I0004494,C004494,2024-02-27,Website,Initial Visit,Always-on Web,Initial Interaction
I0007723,C004494,2024-03-08,Website,Event Registration,Always-on Web,Engaged Prospect
I0004495,C004495,2024-04-29,Referral,Initial Visit,Customer Referral,Initial Interaction
I0004496,C004496,2024-04-07,Paid Search,Initial Visit,Commercial Intent,Initial Interaction
I0007726,C004496,2024-04-13,Paid Search,Brochure Download,Commercial Intent,Engaged Prospect
I0004497,C004497,2024-05-08,Paid Search,Initial Visit,Commercial Intent,Initial Interaction
I0007728,C004497,2024-05-14,Paid Search,Configurator,Commercial Intent,Engaged Prospect
I0004498,C004498,2024-09-07,Paid Search,Initial Visit,Commercial Intent,Initial Interaction
I0007730,C004498,2024-09-17,Paid Search,Callback Request,Commercial Intent,Engaged Prospect
I0004499,C004499,2024-01-31,Social Media,Initial Visit,Urban Mobility,Initial Interaction
I0007732,C004499,2024-02-10,Social Media,Event Registration,Urban Mobility,Engaged Prospect
I0004500,C004500,2025-07-23,Paid Search,Initial Visit,Commercial Intent,Initial Interaction
I0004501,C004501,2025-05-15,Paid Search,Initial Visit,Commercial Intent,Initial Interaction
I0007735,C004501,2025-05-26,Paid Search,Event Registration,Commercial Intent,Engaged Prospect
I0004502,C004502,2025-03-19,Paid Search,Initial Visit,Commercial Intent,Initial Interaction
I0007737,C004502,2025-03-25,Paid Search,Brochure Download,Commercial Intent,Engaged Prospect
I0004503,C004503,2024-05-02,Paid Search,Initial Visit,Commercial Intent,Initial Interaction
I0007739,C004503,2024-05-15,Paid Search,Brochure Download,Commercial Intent,Engaged Prospect
I0004504,C004504,2025-08-30,Website,Initial Visit,Always-on Web,Initial Interaction
I0007741,C004504,2025-09-05,Website,Event Registration,Always-on Web,Engaged Prospect
I0004505,C004505,2024-01-05,Email,Initial Visit,CRM Nurture,Initial Interaction
I0007743,C004505,2024-01-12,Email,Callback Request,CRM Nurture,Engaged Prospect
I0004506,C004506,2025-11-27,Social Media,Initial Visit,Urban Mobility,Initial Interaction
I0007745,C004506,2025-12-04,Social Media,Brochure Download,Urban Mobility,Engaged Prospect
I0004507,C004507,2025-05-23,Email,Initial Visit,CRM Nurture,Initial Interaction
I0004508,C004508,2024-05-21,Referral,Initial Visit,Customer Referral,Initial Interaction
I0007748,C004508,2024-05-26,Referral,Event Registration,Customer Referral,Engaged Prospect
I0004509,C004509,2024-05-17,Paid Search,Initial Visit,Commercial Intent,Initial Interaction
I0004510,C004510,2025-05-01,Dealer Event,Initial Visit,Van Experience Days,Initial Interaction
I0007751,C004510,2025-05-08,Dealer Event,Brochure Download,Van Experience Days,Engaged Prospect
I0004511,C004511,2025-07-19,Paid Search,Initial Visit,Commercial Intent,Initial Interaction
I0007753,C004511,2025-07-23,Paid Search,Configurator,Commercial Intent,Engaged Prospect
I0004512,C004512,2024-11-22,Paid Search,Initial Visit,Commercial Intent,Initial Interaction
I0007755,C004512,2024-11-24,Paid Search,Configurator,Commercial Intent,Engaged Prospect
I0004513,C004513,2024-02-12,Social Media,Initial Visit,Urban Mobility,Initial Interaction
I0004514,C004514,2024-12-11,Website,Initial Visit,Always-on Web,Initial Interaction
I0007758,C004514,2024-12-14,Website,Callback Request,Always-on Web,Engaged Prospect
I0004515,C004515,2024-12-01,Website,Initial Visit,Always-on Web,Initial Interaction
I0007760,C004515,2024-12-13,Website,Event Registration,Always-on Web,Engaged Prospect
I0004516,C004516,2024-08-15,Social Media,Initial Visit,Urban Mobility,Initial Interaction
I0007762,C004516,2024-08-16,Social Media,Configurator,Urban Mobility,Engaged Prospect
I0004517,C004517,2025-09-24,Website,Initial Visit,Always-on Web,Initial Interaction
I0007764,C004517,2025-09-27,Website,Event Registration,Always-on Web,Engaged Prospect
I0004518,C004518,2024-08-27,Website,Initial Visit,Always-on Web,Initial Interaction
I0004519,C004519,2024-06-19,Dealer Event,Initial Visit,Van Experience Days,Initial Interaction
I0007767,C004519,2024-06-26,Dealer Event,Event Registration,Van Experience Days,Engaged Prospect
I0004520,C004520,2025-04-18,Paid Search,Initial Visit,Commercial Intent,Initial Interaction
I0007769,C004520,2025-05-02,Paid Search,Callback Request,Commercial Intent,Engaged Prospect
I0004521,C004521,2025-03-08,Website,Initial Visit,Always-on Web,Initial Interaction
I0004522,C004522,2025-03-10,Website,Initial Visit,Always-on Web,Initial Interaction
I0007772,C004522,2025-03-21,Website,Brochure Download,Always-on Web,Engaged Prospect
I0004523,C004523,2024-12-18,Referral,Initial Visit,Customer Referral,Initial Interaction
I0004524,C004524,2024-08-10,Referral,Initial Visit,Customer Referral,Initial Interaction
I0007775,C004524,2024-08-18,Referral,Configurator,Customer Referral,Engaged Prospect
I0004525,C004525,2024-06-29,Social Media,Initial Visit,Urban Mobility,Initial Interaction
I0007777,C004525,2024-06-30,Social Media,Callback Request,Urban Mobility,Engaged Prospect
I0004526,C004526,2024-03-24,Website,Initial Visit,Always-on Web,Initial Interaction
I0007779,C004526,2024-04-07,Website,Event Registration,Always-on Web,Engaged Prospect
I0004527,C004527,2024-05-09,Paid Search,Initial Visit,Commercial Intent,Initial Interaction
I0007781,C004527,2024-05-12,Paid Search,Configurator,Commercial Intent,Engaged Prospect
I0004528,C004528,2025-02-08,Paid Search,Initial Visit,Commercial Intent,Initial Interaction
I0007783,C004528,2025-02-13,Paid Search,Event Registration,Commercial Intent,Engaged Prospect
I0004529,C004529,2024-10-11,Dealer Event,Initial Visit,Van Experience Days,Initial Interaction
I0007785,C004529,2024-10-13,Dealer Event,Configurator,Van Experience Days,Engaged Prospect
I0004530,C004530,2025-06-01,Social Media,Initial Visit,Urban Mobility,Initial Interaction
I0004531,C004531,2025-07-17,Dealer Event,Initial Visit,Van Experience Days,Initial Interaction
I0007788,C004531,2025-07-29,Dealer Event,Callback Request,Van Experience Days,Engaged Prospect
I0004532,C004532,2025-01-26,Paid Search,Initial Visit,Commercial Intent,Initial Interaction
I0007790,C004532,2025-02-09,Paid Search,Brochure Download,Commercial Intent,Engaged Prospect
I0004533,C004533,2024-03-14,Dealer Event,Initial Visit,Van Experience Days,Initial Interaction
I0007792,C004533,2024-03-25,Dealer Event,Brochure Download,Van Experience Days,Engaged Prospect
I0004534,C004534,2024-01-03,Paid Search,Initial Visit,Commercial Intent,Initial Interaction
I0007794,C004534,2024-01-12,Paid Search,Event Registration,Commercial Intent,Engaged Prospect
I0004535,C004535,2024-06-08,Paid Search,Initial Visit,Commercial Intent,Initial Interaction
I0007796,C004535,2024-06-09,Paid Search,Callback Request,Commercial Intent,Engaged Prospect
I0004536,C004536,2024-07-16,Paid Search,Initial Visit,Commercial Intent,Initial Interaction
I0007798,C004536,2024-07-26,Paid Search,Callback Request,Commercial Intent,Engaged Prospect
I0004537,C004537,2024-02-21,Social Media,Initial Visit,Urban Mobility,Initial Interaction
I0007800,C004537,2024-02-25,Social Media,Event Registration,Urban Mobility,Engaged Prospect
I0004538,C004538,2025-06-29,Dealer Event,Initial Visit,Van Experience Days,Initial Interaction
I0004539,C004539,2024-09-13,Paid Search,Initial Visit,Commercial Intent,Initial Interaction
I0007803,C004539,2024-09-25,Paid Search,Callback Request,Commercial Intent,Engaged Prospect
I0004540,C004540,2025-06-03,Referral,Initial Visit,Customer Referral,Initial Interaction
I0007805,C004540,2025-06-06,Referral,Callback Request,Customer Referral,Engaged Prospect
I0004541,C004541,2024-05-26,Paid Search,Initial Visit,Commercial Intent,Initial Interaction
I0007807,C004541,2024-05-31,Paid Search,Callback Request,Commercial Intent,Engaged Prospect
I0004542,C004542,2024-01-08,Paid Search,Initial Visit,Commercial Intent,Initial Interaction
I0004543,C004543,2024-04-05,Paid Search,Initial Visit,Commercial Intent,Initial Interaction
I0004544,C004544,2024-11-25,Website,Initial Visit,Always-on Web,Initial Interaction
I0007811,C004544,2024-12-06,Website,Brochure Download,Always-on Web,Engaged Prospect
I0004545,C004545,2024-12-01,Dealer Event,Initial Visit,Van Experience Days,Initial Interaction
I0007813,C004545,2024-12-06,Dealer Event,Callback Request,Van Experience Days,Engaged Prospect
I0004546,C004546,2024-11-02,Website,Initial Visit,Always-on Web,Initial Interaction
I0007815,C004546,2024-11-11,Website,Brochure Download,Always-on Web,Engaged Prospect
I0004547,C004547,2025-11-02,Paid Search,Initial Visit,Commercial Intent,Initial Interaction
I0007817,C004547,2025-11-11,Paid Search,Event Registration,Commercial Intent,Engaged Prospect
I0004548,C004548,2025-04-01,Website,Initial Visit,Always-on Web,Initial Interaction
I0007819,C004548,2025-04-15,Website,Event Registration,Always-on Web,Engaged Prospect
I0004549,C004549,2025-05-27,Email,Initial Visit,CRM Nurture,Initial Interaction
I0007821,C004549,2025-06-04,Email,Brochure Download,CRM Nurture,Engaged Prospect
I0004550,C004550,2024-03-28,Referral,Initial Visit,Customer Referral,Initial Interaction
I0007823,C004550,2024-04-01,Referral,Configurator,Customer Referral,Engaged Prospect
I0004551,C004551,2024-11-21,Dealer Event,Initial Visit,Van Experience Days,Initial Interaction
I0007825,C004551,2024-11-24,Dealer Event,Event Registration,Van Experience Days,Engaged Prospect
I0004552,C004552,2025-03-10,Paid Search,Initial Visit,Commercial Intent,Initial Interaction
I0004553,C004553,2025-02-13,Paid Search,Initial Visit,Commercial Intent,Initial Interaction
I0004554,C004554,2025-10-24,Website,Initial Visit,Always-on Web,Initial Interaction
I0007829,C004554,2025-11-02,Website,Brochure Download,Always-on Web,Engaged Prospect
I0004555,C004555,2024-11-29,Referral,Initial Visit,Customer Referral,Initial Interaction
I0007831,C004555,2024-12-09,Referral,Brochure Download,Customer Referral,Engaged Prospect
I0004556,C004556,2024-09-17,Website,Initial Visit,Always-on Web,Initial Interaction
I0007833,C004556,2024-09-24,Website,Brochure Download,Always-on Web,Engaged Prospect
I0004557,C004557,2025-10-23,Referral,Initial Visit,Customer Referral,Initial Interaction
I0007835,C004557,2025-11-04,Referral,Event Registration,Customer Referral,Engaged Prospect
I0004558,C004558,2024-08-24,Dealer Event,Initial Visit,Van Experience Days,Initial Interaction
I0004559,C004559,2025-02-03,Email,Initial Visit,CRM Nurture,Initial Interaction
I0007838,C004559,2025-02-15,Email,Configurator,CRM Nurture,Engaged Prospect
I0004560,C004560,2024-01-20,Dealer Event,Initial Visit,Van Experience Days,Initial Interaction
I0004561,C004561,2024-04-25,Paid Search,Initial Visit,Commercial Intent,Initial Interaction
I0004562,C004562,2024-02-10,Paid Search,Initial Visit,Commercial Intent,Initial Interaction
I0004563,C004563,2024-10-19,Paid Search,Initial Visit,Commercial Intent,Initial Interaction
I0004564,C004564,2025-10-14,Website,Initial Visit,Always-on Web,Initial Interaction
I0004565,C004565,2024-02-19,Email,Initial Visit,CRM Nurture,Initial Interaction
I0007845,C004565,2024-02-23,Email,Callback Request,CRM Nurture,Engaged Prospect
I0004566,C004566,2025-11-13,Paid Search,Initial Visit,Commercial Intent,Initial Interaction
I0004567,C004567,2025-08-31,Dealer Event,Initial Visit,Van Experience Days,Initial Interaction
I0004568,C004568,2024-01-04,Dealer Event,Initial Visit,Van Experience Days,Initial Interaction
I0007849,C004568,2024-01-06,Dealer Event,Brochure Download,Van Experience Days,Engaged Prospect
I0004569,C004569,2024-01-11,Website,Initial Visit,Always-on Web,Initial Interaction
I0007851,C004569,2024-01-22,Website,Brochure Download,Always-on Web,Engaged Prospect
I0004570,C004570,2025-09-22,Website,Initial Visit,Always-on Web,Initial Interaction
I0007853,C004570,2025-10-06,Website,Event Registration,Always-on Web,Engaged Prospect
I0004571,C004571,2025-02-13,Paid Search,Initial Visit,Commercial Intent,Initial Interaction
I0007855,C004571,2025-02-25,Paid Search,Callback Request,Commercial Intent,Engaged Prospect
I0004572,C004572,2024-05-01,Website,Initial Visit,Always-on Web,Initial Interaction
I0007857,C004572,2024-05-03,Website,Brochure Download,Always-on Web,Engaged Prospect
I0004573,C004573,2025-10-29,Email,Initial Visit,CRM Nurture,Initial Interaction
I0007859,C004573,2025-11-02,Email,Callback Request,CRM Nurture,Engaged Prospect
I0004574,C004574,2025-01-27,Email,Initial Visit,CRM Nurture,Initial Interaction
I0007861,C004574,2025-02-05,Email,Event Registration,CRM Nurture,Engaged Prospect
I0004575,C004575,2025-03-20,Email,Initial Visit,CRM Nurture,Initial Interaction
I0004576,C004576,2025-04-19,Paid Search,Initial Visit,Commercial Intent,Initial Interaction
I0007864,C004576,2025-04-25,Paid Search,Configurator,Commercial Intent,Engaged Prospect
I0004577,C004577,2024-05-21,Dealer Event,Initial Visit,Van Experience Days,Initial Interaction
I0007866,C004577,2024-06-03,Dealer Event,Configurator,Van Experience Days,Engaged Prospect
I0004578,C004578,2024-09-08,Social Media,Initial Visit,Urban Mobility,Initial Interaction
I0007868,C004578,2024-09-21,Social Media,Configurator,Urban Mobility,Engaged Prospect
I0004579,C004579,2024-03-31,Referral,Initial Visit,Customer Referral,Initial Interaction
I0007870,C004579,2024-04-03,Referral,Configurator,Customer Referral,Engaged Prospect
I0004580,C004580,2025-01-05,Dealer Event,Initial Visit,Van Experience Days,Initial Interaction
I0007872,C004580,2025-01-11,Dealer Event,Event Registration,Van Experience Days,Engaged Prospect
I0004581,C004581,2025-11-22,Email,Initial Visit,CRM Nurture,Initial Interaction
I0007874,C004581,2025-12-04,Email,Callback Request,CRM Nurture,Engaged Prospect
I0004582,C004582,2025-03-15,Website,Initial Visit,Always-on Web,Initial Interaction
I0004583,C004583,2025-04-29,Dealer Event,Initial Visit,Van Experience Days,Initial Interaction
I0007877,C004583,2025-05-04,Dealer Event,Event Registration,Van Experience Days,Engaged Prospect
I0004584,C004584,2024-05-15,Paid Search,Initial Visit,Commercial Intent,Initial Interaction
I0004585,C004585,2025-01-14,Paid Search,Initial Visit,Commercial Intent,Initial Interaction
I0007880,C004585,2025-01-16,Paid Search,Configurator,Commercial Intent,Engaged Prospect
I0004586,C004586,2025-11-26,Paid Search,Initial Visit,Commercial Intent,Initial Interaction
I0004587,C004587,2024-03-02,Paid Search,Initial Visit,Commercial Intent,Initial Interaction
I0007883,C004587,2024-03-05,Paid Search,Callback Request,Commercial Intent,Engaged Prospect
I0004588,C004588,2024-05-22,Website,Initial Visit,Always-on Web,Initial Interaction
I0004589,C004589,2025-05-18,Website,Initial Visit,Always-on Web,Initial Interaction
I0007886,C004589,2025-05-22,Website,Event Registration,Always-on Web,Engaged Prospect
I0004590,C004590,2024-01-08,Dealer Event,Initial Visit,Van Experience Days,Initial Interaction
I0004591,C004591,2024-05-24,Email,Initial Visit,CRM Nurture,Initial Interaction
I0007889,C004591,2024-06-07,Email,Configurator,CRM Nurture,Engaged Prospect
I0004592,C004592,2025-10-22,Referral,Initial Visit,Customer Referral,Initial Interaction
I0007891,C004592,2025-11-04,Referral,Callback Request,Customer Referral,Engaged Prospect
I0004593,C004593,2024-01-14,Dealer Event,Initial Visit,Van Experience Days,Initial Interaction
I0007893,C004593,2024-01-27,Dealer Event,Configurator,Van Experience Days,Engaged Prospect
I0004594,C004594,2024-10-27,Paid Search,Initial Visit,Commercial Intent,Initial Interaction
I0004595,C004595,2024-08-18,Dealer Event,Initial Visit,Van Experience Days,Initial Interaction
I0004596,C004596,2024-10-06,Social Media,Initial Visit,Urban Mobility,Initial Interaction
I0007897,C004596,2024-10-08,Social Media,Configurator,Urban Mobility,Engaged Prospect
I0004597,C004597,2024-06-29,Paid Search,Initial Visit,Commercial Intent,Initial Interaction
I0007899,C004597,2024-07-11,Paid Search,Callback Request,Commercial Intent,Engaged Prospect
I0004598,C004598,2024-07-11,Referral,Initial Visit,Customer Referral,Initial Interaction
I0007901,C004598,2024-07-23,Referral,Brochure Download,Customer Referral,Engaged Prospect
I0004599,C004599,2025-06-16,Referral,Initial Visit,Customer Referral,Initial Interaction
I0007903,C004599,2025-06-21,Referral,Event Registration,Customer Referral,Engaged Prospect
I0004600,C004600,2024-01-19,Website,Initial Visit,Always-on Web,Initial Interaction
I0004601,C004601,2024-03-31,Dealer Event,Initial Visit,Van Experience Days,Initial Interaction
I0004602,C004602,2024-07-04,Website,Initial Visit,Always-on Web,Initial Interaction
I0007907,C004602,2024-07-07,Website,Event Registration,Always-on Web,Engaged Prospect
I0004603,C004603,2025-08-01,Referral,Initial Visit,Customer Referral,Initial Interaction
I0004604,C004604,2024-10-02,Social Media,Initial Visit,Urban Mobility,Initial Interaction
I0004605,C004605,2024-01-25,Website,Initial Visit,Always-on Web,Initial Interaction
I0007911,C004605,2024-02-01,Website,Event Registration,Always-on Web,Engaged Prospect
I0004606,C004606,2024-12-30,Dealer Event,Initial Visit,Van Experience Days,Initial Interaction
I0007913,C004606,2025-01-13,Dealer Event,Callback Request,Van Experience Days,Engaged Prospect
I0004607,C004607,2025-03-15,Social Media,Initial Visit,Urban Mobility,Initial Interaction
I0007915,C004607,2025-03-25,Social Media,Configurator,Urban Mobility,Engaged Prospect
I0004608,C004608,2024-11-16,Website,Initial Visit,Always-on Web,Initial Interaction
I0004609,C004609,2024-03-03,Dealer Event,Initial Visit,Van Experience Days,Initial Interaction
I0007918,C004609,2024-03-14,Dealer Event,Brochure Download,Van Experience Days,Engaged Prospect
I0004610,C004610,2025-09-07,Dealer Event,Initial Visit,Van Experience Days,Initial Interaction
I0007920,C004610,2025-09-14,Dealer Event,Configurator,Van Experience Days,Engaged Prospect
I0004611,C004611,2025-08-23,Paid Search,Initial Visit,Commercial Intent,Initial Interaction
I0007922,C004611,2025-08-27,Paid Search,Event Registration,Commercial Intent,Engaged Prospect
I0004612,C004612,2025-09-29,Email,Initial Visit,CRM Nurture,Initial Interaction
I0007924,C004612,2025-10-02,Email,Brochure Download,CRM Nurture,Engaged Prospect
I0004613,C004613,2025-11-05,Website,Initial Visit,Always-on Web,Initial Interaction
I0007926,C004613,2025-11-16,Website,Callback Request,Always-on Web,Engaged Prospect
I0004614,C004614,2024-08-10,Paid Search,Initial Visit,Commercial Intent,Initial Interaction
I0007928,C004614,2024-08-23,Paid Search,Event Registration,Commercial Intent,Engaged Prospect
I0004615,C004615,2024-10-22,Email,Initial Visit,CRM Nurture,Initial Interaction
I0007930,C004615,2024-11-04,Email,Configurator,CRM Nurture,Engaged Prospect
I0004616,C004616,2025-11-02,Website,Initial Visit,Always-on Web,Initial Interaction
I0007932,C004616,2025-11-12,Website,Callback Request,Always-on Web,Engaged Prospect
I0004617,C004617,2024-11-10,Paid Search,Initial Visit,Commercial Intent,Initial Interaction
I0004618,C004618,2025-08-28,Referral,Initial Visit,Customer Referral,Initial Interaction
I0007935,C004618,2025-08-29,Referral,Configurator,Customer Referral,Engaged Prospect
I0004619,C004619,2025-03-29,Dealer Event,Initial Visit,Van Experience Days,Initial Interaction
I0007937,C004619,2025-04-07,Dealer Event,Callback Request,Van Experience Days,Engaged Prospect
I0004620,C004620,2025-10-11,Social Media,Initial Visit,Urban Mobility,Initial Interaction
I0004621,C004621,2024-01-08,Social Media,Initial Visit,Urban Mobility,Initial Interaction
I0007940,C004621,2024-01-18,Social Media,Callback Request,Urban Mobility,Engaged Prospect
I0004622,C004622,2025-05-09,Dealer Event,Initial Visit,Van Experience Days,Initial Interaction
I0007942,C004622,2025-05-21,Dealer Event,Configurator,Van Experience Days,Engaged Prospect
I0004623,C004623,2025-07-14,Dealer Event,Initial Visit,Van Experience Days,Initial Interaction
I0007944,C004623,2025-07-22,Dealer Event,Callback Request,Van Experience Days,Engaged Prospect
I0004624,C004624,2024-05-18,Website,Initial Visit,Always-on Web,Initial Interaction
I0004625,C004625,2025-05-29,Paid Search,Initial Visit,Commercial Intent,Initial Interaction
I0007947,C004625,2025-06-07,Paid Search,Callback Request,Commercial Intent,Engaged Prospect
I0004626,C004626,2024-05-16,Website,Initial Visit,Always-on Web,Initial Interaction
I0007949,C004626,2024-05-25,Website,Event Registration,Always-on Web,Engaged Prospect
I0004627,C004627,2025-09-25,Website,Initial Visit,Always-on Web,Initial Interaction
I0004628,C004628,2025-09-28,Paid Search,Initial Visit,Commercial Intent,Initial Interaction
I0004629,C004629,2024-01-03,Social Media,Initial Visit,Urban Mobility,Initial Interaction
I0004630,C004630,2024-12-20,Dealer Event,Initial Visit,Van Experience Days,Initial Interaction
I0007954,C004630,2024-12-25,Dealer Event,Event Registration,Van Experience Days,Engaged Prospect
I0004631,C004631,2024-09-24,Referral,Initial Visit,Customer Referral,Initial Interaction
I0004632,C004632,2025-09-15,Paid Search,Initial Visit,Commercial Intent,Initial Interaction
I0007957,C004632,2025-09-16,Paid Search,Brochure Download,Commercial Intent,Engaged Prospect
I0004633,C004633,2024-08-12,Paid Search,Initial Visit,Commercial Intent,Initial Interaction
I0007959,C004633,2024-08-16,Paid Search,Callback Request,Commercial Intent,Engaged Prospect
I0004634,C004634,2025-05-19,Website,Initial Visit,Always-on Web,Initial Interaction
I0007961,C004634,2025-05-20,Website,Event Registration,Always-on Web,Engaged Prospect
I0004635,C004635,2024-03-22,Website,Initial Visit,Always-on Web,Initial Interaction
I0004636,C004636,2024-05-28,Website,Initial Visit,Always-on Web,Initial Interaction
I0007964,C004636,2024-06-11,Website,Callback Request,Always-on Web,Engaged Prospect
I0004637,C004637,2025-11-20,Referral,Initial Visit,Customer Referral,Initial Interaction
I0007966,C004637,2025-11-28,Referral,Brochure Download,Customer Referral,Engaged Prospect
I0004638,C004638,2024-09-26,Website,Initial Visit,Always-on Web,Initial Interaction
I0007968,C004638,2024-10-03,Website,Event Registration,Always-on Web,Engaged Prospect
I0004639,C004639,2025-06-20,Email,Initial Visit,CRM Nurture,Initial Interaction
I0007970,C004639,2025-06-21,Email,Configurator,CRM Nurture,Engaged Prospect
I0004640,C004640,2025-11-08,Paid Search,Initial Visit,Commercial Intent,Initial Interaction
I0007972,C004640,2025-11-18,Paid Search,Event Registration,Commercial Intent,Engaged Prospect
I0004641,C004641,2025-11-06,Social Media,Initial Visit,Urban Mobility,Initial Interaction
I0004642,C004642,2024-01-14,Dealer Event,Initial Visit,Van Experience Days,Initial Interaction
I0007975,C004642,2024-01-28,Dealer Event,Event Registration,Van Experience Days,Engaged Prospect
I0004643,C004643,2024-06-11,Referral,Initial Visit,Customer Referral,Initial Interaction
I0007977,C004643,2024-06-12,Referral,Brochure Download,Customer Referral,Engaged Prospect
I0004644,C004644,2025-05-15,Website,Initial Visit,Always-on Web,Initial Interaction
I0007979,C004644,2025-05-25,Website,Brochure Download,Always-on Web,Engaged Prospect
I0004645,C004645,2025-10-10,Referral,Initial Visit,Customer Referral,Initial Interaction
I0007981,C004645,2025-10-22,Referral,Callback Request,Customer Referral,Engaged Prospect
I0004646,C004646,2025-11-16,Website,Initial Visit,Always-on Web,Initial Interaction
I0007983,C004646,2025-11-29,Website,Brochure Download,Always-on Web,Engaged Prospect
I0004647,C004647,2025-05-19,Dealer Event,Initial Visit,Van Experience Days,Initial Interaction
I0007985,C004647,2025-05-30,Dealer Event,Configurator,Van Experience Days,Engaged Prospect
I0004648,C004648,2024-03-13,Website,Initial Visit,Always-on Web,Initial Interaction
I0007987,C004648,2024-03-26,Website,Callback Request,Always-on Web,Engaged Prospect
I0004649,C004649,2025-06-03,Social Media,Initial Visit,Urban Mobility,Initial Interaction
I0007989,C004649,2025-06-15,Social Media,Callback Request,Urban Mobility,Engaged Prospect
I0004650,C004650,2024-07-09,Email,Initial Visit,CRM Nurture,Initial Interaction
I0007991,C004650,2024-07-17,Email,Event Registration,CRM Nurture,Engaged Prospect
I0004651,C004651,2025-07-20,Dealer Event,Initial Visit,Van Experience Days,Initial Interaction
I0004652,C004652,2025-01-17,Dealer Event,Initial Visit,Van Experience Days,Initial Interaction
I0004653,C004653,2024-05-08,Paid Search,Initial Visit,Commercial Intent,Initial Interaction
I0004654,C004654,2025-08-13,Dealer Event,Initial Visit,Van Experience Days,Initial Interaction
I0004655,C004655,2025-11-23,Paid Search,Initial Visit,Commercial Intent,Initial Interaction
I0004656,C004656,2024-12-20,Website,Initial Visit,Always-on Web,Initial Interaction
I0007998,C004656,2025-01-01,Website,Event Registration,Always-on Web,Engaged Prospect
I0004657,C004657,2025-07-22,Website,Initial Visit,Always-on Web,Initial Interaction
I0008000,C004657,2025-08-03,Website,Brochure Download,Always-on Web,Engaged Prospect
I0004658,C004658,2024-02-11,Website,Initial Visit,Always-on Web,Initial Interaction
I0008002,C004658,2024-02-19,Website,Configurator,Always-on Web,Engaged Prospect
I0004659,C004659,2024-07-08,Website,Initial Visit,Always-on Web,Initial Interaction
I0004660,C004660,2024-03-30,Email,Initial Visit,CRM Nurture,Initial Interaction
I0008005,C004660,2024-04-13,Email,Event Registration,CRM Nurture,Engaged Prospect
I0004661,C004661,2024-07-17,Website,Initial Visit,Always-on Web,Initial Interaction
I0008007,C004661,2024-07-18,Website,Callback Request,Always-on Web,Engaged Prospect
I0004662,C004662,2024-09-20,Social Media,Initial Visit,Urban Mobility,Initial Interaction
I0004663,C004663,2024-10-28,Website,Initial Visit,Always-on Web,Initial Interaction
I0004664,C004664,2024-08-13,Email,Initial Visit,CRM Nurture,Initial Interaction
I0004665,C004665,2025-01-16,Paid Search,Initial Visit,Commercial Intent,Initial Interaction
I0008012,C004665,2025-01-23,Paid Search,Event Registration,Commercial Intent,Engaged Prospect
I0004666,C004666,2024-06-02,Paid Search,Initial Visit,Commercial Intent,Initial Interaction
I0008014,C004666,2024-06-03,Paid Search,Brochure Download,Commercial Intent,Engaged Prospect
I0004667,C004667,2024-08-31,Social Media,Initial Visit,Urban Mobility,Initial Interaction
I0008016,C004667,2024-09-07,Social Media,Configurator,Urban Mobility,Engaged Prospect
I0004668,C004668,2025-08-11,Referral,Initial Visit,Customer Referral,Initial Interaction
I0004669,C004669,2025-01-28,Referral,Initial Visit,Customer Referral,Initial Interaction
I0008019,C004669,2025-02-04,Referral,Event Registration,Customer Referral,Engaged Prospect
I0004670,C004670,2024-01-19,Paid Search,Initial Visit,Commercial Intent,Initial Interaction
I0008021,C004670,2024-01-31,Paid Search,Callback Request,Commercial Intent,Engaged Prospect
I0004671,C004671,2024-08-17,Referral,Initial Visit,Customer Referral,Initial Interaction
I0004672,C004672,2025-08-03,Social Media,Initial Visit,Urban Mobility,Initial Interaction
I0008024,C004672,2025-08-09,Social Media,Callback Request,Urban Mobility,Engaged Prospect
I0004673,C004673,2024-05-06,Referral,Initial Visit,Customer Referral,Initial Interaction
I0008026,C004673,2024-05-18,Referral,Configurator,Customer Referral,Engaged Prospect
I0004674,C004674,2025-10-07,Website,Initial Visit,Always-on Web,Initial Interaction
I0008028,C004674,2025-10-21,Website,Callback Request,Always-on Web,Engaged Prospect
I0004675,C004675,2024-07-26,Website,Initial Visit,Always-on Web,Initial Interaction
I0008030,C004675,2024-08-04,Website,Configurator,Always-on Web,Engaged Prospect
I0004676,C004676,2025-03-17,Website,Initial Visit,Always-on Web,Initial Interaction
I0008032,C004676,2025-03-18,Website,Event Registration,Always-on Web,Engaged Prospect
I0004677,C004677,2024-11-28,Dealer Event,Initial Visit,Van Experience Days,Initial Interaction
I0008034,C004677,2024-12-10,Dealer Event,Brochure Download,Van Experience Days,Engaged Prospect
I0004678,C004678,2025-03-13,Website,Initial Visit,Always-on Web,Initial Interaction
I0008036,C004678,2025-03-26,Website,Callback Request,Always-on Web,Engaged Prospect
I0004679,C004679,2025-07-12,Website,Initial Visit,Always-on Web,Initial Interaction
I0004680,C004680,2024-04-14,Social Media,Initial Visit,Urban Mobility,Initial Interaction
I0008039,C004680,2024-04-21,Social Media,Callback Request,Urban Mobility,Engaged Prospect
I0004681,C004681,2024-09-03,Referral,Initial Visit,Customer Referral,Initial Interaction
I0004682,C004682,2025-02-01,Social Media,Initial Visit,Urban Mobility,Initial Interaction
I0008042,C004682,2025-02-07,Social Media,Callback Request,Urban Mobility,Engaged Prospect
I0004683,C004683,2024-07-01,Email,Initial Visit,CRM Nurture,Initial Interaction
I0004684,C004684,2024-09-19,Website,Initial Visit,Always-on Web,Initial Interaction
I0008045,C004684,2024-09-20,Website,Configurator,Always-on Web,Engaged Prospect
I0004685,C004685,2025-09-12,Referral,Initial Visit,Customer Referral,Initial Interaction
I0008047,C004685,2025-09-16,Referral,Event Registration,Customer Referral,Engaged Prospect
I0004686,C004686,2024-06-09,Website,Initial Visit,Always-on Web,Initial Interaction
I0004687,C004687,2024-05-12,Paid Search,Initial Visit,Commercial Intent,Initial Interaction
I0008050,C004687,2024-05-25,Paid Search,Callback Request,Commercial Intent,Engaged Prospect
I0004688,C004688,2025-02-12,Paid Search,Initial Visit,Commercial Intent,Initial Interaction
I0008052,C004688,2025-02-22,Paid Search,Brochure Download,Commercial Intent,Engaged Prospect
I0004689,C004689,2024-03-10,Website,Initial Visit,Always-on Web,Initial Interaction
I0008054,C004689,2024-03-24,Website,Event Registration,Always-on Web,Engaged Prospect
I0004690,C004690,2024-01-01,Email,Initial Visit,CRM Nurture,Initial Interaction
I0004691,C004691,2025-08-31,Email,Initial Visit,CRM Nurture,Initial Interaction
I0008057,C004691,2025-09-06,Email,Brochure Download,CRM Nurture,Engaged Prospect
I0004692,C004692,2024-07-12,Website,Initial Visit,Always-on Web,Initial Interaction
I0008059,C004692,2024-07-18,Website,Event Registration,Always-on Web,Engaged Prospect
I0004693,C004693,2024-03-25,Website,Initial Visit,Always-on Web,Initial Interaction
I0004694,C004694,2025-04-04,Website,Initial Visit,Always-on Web,Initial Interaction
I0008062,C004694,2025-04-13,Website,Brochure Download,Always-on Web,Engaged Prospect
I0004695,C004695,2024-12-02,Website,Initial Visit,Always-on Web,Initial Interaction
I0008064,C004695,2024-12-09,Website,Brochure Download,Always-on Web,Engaged Prospect
I0004696,C004696,2024-11-14,Referral,Initial Visit,Customer Referral,Initial Interaction
I0008066,C004696,2024-11-15,Referral,Configurator,Customer Referral,Engaged Prospect
I0004697,C004697,2024-11-02,Social Media,Initial Visit,Urban Mobility,Initial Interaction
I0004698,C004698,2024-04-11,Website,Initial Visit,Always-on Web,Initial Interaction
I0004699,C004699,2025-08-23,Website,Initial Visit,Always-on Web,Initial Interaction
I0008070,C004699,2025-09-01,Website,Event Registration,Always-on Web,Engaged Prospect
I0004700,C004700,2024-01-01,Dealer Event,Initial Visit,Van Experience Days,Initial Interaction
I0004701,C004701,2024-12-04,Dealer Event,Initial Visit,Van Experience Days,Initial Interaction
I0008073,C004701,2024-12-16,Dealer Event,Callback Request,Van Experience Days,Engaged Prospect
I0004702,C004702,2024-07-08,Referral,Initial Visit,Customer Referral,Initial Interaction
I0008075,C004702,2024-07-11,Referral,Configurator,Customer Referral,Engaged Prospect
I0004703,C004703,2025-03-25,Website,Initial Visit,Always-on Web,Initial Interaction
I0008077,C004703,2025-03-30,Website,Event Registration,Always-on Web,Engaged Prospect
I0004704,C004704,2025-01-19,Social Media,Initial Visit,Urban Mobility,Initial Interaction
I0008079,C004704,2025-01-23,Social Media,Configurator,Urban Mobility,Engaged Prospect
I0004705,C004705,2024-09-26,Website,Initial Visit,Always-on Web,Initial Interaction
I0008081,C004705,2024-09-30,Website,Brochure Download,Always-on Web,Engaged Prospect
I0004706,C004706,2025-01-09,Dealer Event,Initial Visit,Van Experience Days,Initial Interaction
I0004707,C004707,2024-06-07,Paid Search,Initial Visit,Commercial Intent,Initial Interaction
I0008084,C004707,2024-06-21,Paid Search,Event Registration,Commercial Intent,Engaged Prospect
I0004708,C004708,2024-04-01,Email,Initial Visit,CRM Nurture,Initial Interaction
I0008086,C004708,2024-04-05,Email,Configurator,CRM Nurture,Engaged Prospect
I0004709,C004709,2025-09-25,Website,Initial Visit,Always-on Web,Initial Interaction
I0004710,C004710,2025-03-05,Dealer Event,Initial Visit,Van Experience Days,Initial Interaction
I0004711,C004711,2025-04-02,Website,Initial Visit,Always-on Web,Initial Interaction
I0008090,C004711,2025-04-05,Website,Configurator,Always-on Web,Engaged Prospect
I0004712,C004712,2025-11-30,Dealer Event,Initial Visit,Van Experience Days,Initial Interaction
I0004713,C004713,2025-09-24,Website,Initial Visit,Always-on Web,Initial Interaction
I0008093,C004713,2025-10-06,Website,Event Registration,Always-on Web,Engaged Prospect
I0004714,C004714,2025-02-13,Dealer Event,Initial Visit,Van Experience Days,Initial Interaction
I0008095,C004714,2025-02-22,Dealer Event,Configurator,Van Experience Days,Engaged Prospect
I0004715,C004715,2025-07-08,Website,Initial Visit,Always-on Web,Initial Interaction
I0004716,C004716,2025-01-04,Email,Initial Visit,CRM Nurture,Initial Interaction
I0008098,C004716,2025-01-11,Email,Event Registration,CRM Nurture,Engaged Prospect
I0004717,C004717,2024-06-15,Dealer Event,Initial Visit,Van Experience Days,Initial Interaction
I0008100,C004717,2024-06-24,Dealer Event,Configurator,Van Experience Days,Engaged Prospect
I0004718,C004718,2025-03-11,Paid Search,Initial Visit,Commercial Intent,Initial Interaction
I0008102,C004718,2025-03-19,Paid Search,Callback Request,Commercial Intent,Engaged Prospect
I0004719,C004719,2025-10-01,Website,Initial Visit,Always-on Web,Initial Interaction
I0008104,C004719,2025-10-05,Website,Event Registration,Always-on Web,Engaged Prospect
I0004720,C004720,2025-09-07,Paid Search,Initial Visit,Commercial Intent,Initial Interaction
I0008106,C004720,2025-09-11,Paid Search,Configurator,Commercial Intent,Engaged Prospect
I0004721,C004721,2024-12-19,Paid Search,Initial Visit,Commercial Intent,Initial Interaction
I0008108,C004721,2024-12-23,Paid Search,Event Registration,Commercial Intent,Engaged Prospect
I0004722,C004722,2025-10-24,Social Media,Initial Visit,Urban Mobility,Initial Interaction
I0004723,C004723,2024-05-18,Website,Initial Visit,Always-on Web,Initial Interaction
I0008111,C004723,2024-05-24,Website,Callback Request,Always-on Web,Engaged Prospect
I0004724,C004724,2024-01-29,Website,Initial Visit,Always-on Web,Initial Interaction
I0008113,C004724,2024-02-10,Website,Event Registration,Always-on Web,Engaged Prospect
I0004725,C004725,2024-10-09,Paid Search,Initial Visit,Commercial Intent,Initial Interaction
I0008115,C004725,2024-10-21,Paid Search,Callback Request,Commercial Intent,Engaged Prospect
I0004726,C004726,2024-05-23,Website,Initial Visit,Always-on Web,Initial Interaction
I0008117,C004726,2024-06-01,Website,Brochure Download,Always-on Web,Engaged Prospect
I0004727,C004727,2025-11-01,Website,Initial Visit,Always-on Web,Initial Interaction
I0004728,C004728,2024-03-22,Email,Initial Visit,CRM Nurture,Initial Interaction
I0008120,C004728,2024-03-29,Email,Brochure Download,CRM Nurture,Engaged Prospect
I0004729,C004729,2025-01-09,Website,Initial Visit,Always-on Web,Initial Interaction
I0008122,C004729,2025-01-15,Website,Configurator,Always-on Web,Engaged Prospect
I0004730,C004730,2025-06-24,Referral,Initial Visit,Customer Referral,Initial Interaction
I0008124,C004730,2025-07-05,Referral,Brochure Download,Customer Referral,Engaged Prospect
I0004731,C004731,2024-03-18,Email,Initial Visit,CRM Nurture,Initial Interaction
I0008126,C004731,2024-03-25,Email,Event Registration,CRM Nurture,Engaged Prospect
I0004732,C004732,2024-02-01,Paid Search,Initial Visit,Commercial Intent,Initial Interaction
I0008128,C004732,2024-02-02,Paid Search,Configurator,Commercial Intent,Engaged Prospect
I0004733,C004733,2025-01-22,Dealer Event,Initial Visit,Van Experience Days,Initial Interaction
I0008130,C004733,2025-01-26,Dealer Event,Brochure Download,Van Experience Days,Engaged Prospect
I0004734,C004734,2025-09-23,Social Media,Initial Visit,Urban Mobility,Initial Interaction
I0008132,C004734,2025-10-07,Social Media,Configurator,Urban Mobility,Engaged Prospect
I0004735,C004735,2024-01-12,Social Media,Initial Visit,Urban Mobility,Initial Interaction
I0008134,C004735,2024-01-13,Social Media,Brochure Download,Urban Mobility,Engaged Prospect
I0004736,C004736,2024-01-15,Paid Search,Initial Visit,Commercial Intent,Initial Interaction
I0004737,C004737,2025-10-09,Email,Initial Visit,CRM Nurture,Initial Interaction
I0008137,C004737,2025-10-11,Email,Callback Request,CRM Nurture,Engaged Prospect
I0004738,C004738,2025-02-25,Website,Initial Visit,Always-on Web,Initial Interaction
I0008139,C004738,2025-03-05,Website,Callback Request,Always-on Web,Engaged Prospect
I0004739,C004739,2025-05-05,Social Media,Initial Visit,Urban Mobility,Initial Interaction
I0008141,C004739,2025-05-12,Social Media,Brochure Download,Urban Mobility,Engaged Prospect
I0004740,C004740,2024-07-11,Website,Initial Visit,Always-on Web,Initial Interaction
I0008143,C004740,2024-07-13,Website,Callback Request,Always-on Web,Engaged Prospect
I0004741,C004741,2024-08-06,Paid Search,Initial Visit,Commercial Intent,Initial Interaction
I0008145,C004741,2024-08-11,Paid Search,Callback Request,Commercial Intent,Engaged Prospect
I0004742,C004742,2024-11-25,Social Media,Initial Visit,Urban Mobility,Initial Interaction
I0008147,C004742,2024-11-27,Social Media,Brochure Download,Urban Mobility,Engaged Prospect
I0004743,C004743,2024-05-29,Website,Initial Visit,Always-on Web,Initial Interaction
I0008149,C004743,2024-06-03,Website,Event Registration,Always-on Web,Engaged Prospect
I0004744,C004744,2024-11-05,Website,Initial Visit,Always-on Web,Initial Interaction
I0004745,C004745,2025-10-29,Dealer Event,Initial Visit,Van Experience Days,Initial Interaction
I0008152,C004745,2025-11-03,Dealer Event,Brochure Download,Van Experience Days,Engaged Prospect
I0004746,C004746,2025-06-08,Website,Initial Visit,Always-on Web,Initial Interaction
I0004747,C004747,2025-08-31,Website,Initial Visit,Always-on Web,Initial Interaction
I0008155,C004747,2025-09-05,Website,Event Registration,Always-on Web,Engaged Prospect
I0004748,C004748,2024-12-13,Paid Search,Initial Visit,Commercial Intent,Initial Interaction
I0008157,C004748,2024-12-15,Paid Search,Configurator,Commercial Intent,Engaged Prospect
I0004749,C004749,2025-07-05,Referral,Initial Visit,Customer Referral,Initial Interaction
I0008159,C004749,2025-07-19,Referral,Configurator,Customer Referral,Engaged Prospect
I0004750,C004750,2024-10-21,Email,Initial Visit,CRM Nurture,Initial Interaction
I0008161,C004750,2024-11-02,Email,Configurator,CRM Nurture,Engaged Prospect
I0004751,C004751,2025-03-08,Social Media,Initial Visit,Urban Mobility,Initial Interaction
I0008163,C004751,2025-03-17,Social Media,Brochure Download,Urban Mobility,Engaged Prospect
I0004752,C004752,2025-05-26,Dealer Event,Initial Visit,Van Experience Days,Initial Interaction
I0008165,C004752,2025-06-04,Dealer Event,Callback Request,Van Experience Days,Engaged Prospect
I0004753,C004753,2025-07-31,Email,Initial Visit,CRM Nurture,Initial Interaction
I0008167,C004753,2025-08-08,Email,Event Registration,CRM Nurture,Engaged Prospect
I0004754,C004754,2025-10-10,Dealer Event,Initial Visit,Van Experience Days,Initial Interaction
I0004755,C004755,2024-03-14,Email,Initial Visit,CRM Nurture,Initial Interaction
I0008170,C004755,2024-03-21,Email,Configurator,CRM Nurture,Engaged Prospect
I0004756,C004756,2025-07-09,Dealer Event,Initial Visit,Van Experience Days,Initial Interaction
I0008172,C004756,2025-07-12,Dealer Event,Event Registration,Van Experience Days,Engaged Prospect
I0004757,C004757,2025-05-11,Social Media,Initial Visit,Urban Mobility,Initial Interaction
I0004758,C004758,2025-05-30,Website,Initial Visit,Always-on Web,Initial Interaction
I0004759,C004759,2024-01-11,Website,Initial Visit,Always-on Web,Initial Interaction
I0008176,C004759,2024-01-22,Website,Configurator,Always-on Web,Engaged Prospect
I0004760,C004760,2024-12-07,Website,Initial Visit,Always-on Web,Initial Interaction
I0008178,C004760,2024-12-20,Website,Configurator,Always-on Web,Engaged Prospect
I0004761,C004761,2025-11-03,Social Media,Initial Visit,Urban Mobility,Initial Interaction
I0008180,C004761,2025-11-11,Social Media,Configurator,Urban Mobility,Engaged Prospect
I0004762,C004762,2025-09-22,Referral,Initial Visit,Customer Referral,Initial Interaction
I0004763,C004763,2024-06-10,Email,Initial Visit,CRM Nurture,Initial Interaction
I0004764,C004764,2024-12-06,Dealer Event,Initial Visit,Van Experience Days,Initial Interaction
I0004765,C004765,2025-08-27,Email,Initial Visit,CRM Nurture,Initial Interaction
I0004766,C004766,2025-10-13,Referral,Initial Visit,Customer Referral,Initial Interaction
I0008186,C004766,2025-10-16,Referral,Configurator,Customer Referral,Engaged Prospect
I0004767,C004767,2024-08-19,Email,Initial Visit,CRM Nurture,Initial Interaction
I0008188,C004767,2024-08-23,Email,Event Registration,CRM Nurture,Engaged Prospect
I0004768,C004768,2025-07-16,Website,Initial Visit,Always-on Web,Initial Interaction
I0004769,C004769,2025-08-07,Social Media,Initial Visit,Urban Mobility,Initial Interaction
I0008191,C004769,2025-08-14,Social Media,Event Registration,Urban Mobility,Engaged Prospect
I0004770,C004770,2024-04-15,Paid Search,Initial Visit,Commercial Intent,Initial Interaction
I0008193,C004770,2024-04-16,Paid Search,Event Registration,Commercial Intent,Engaged Prospect
I0004771,C004771,2024-01-23,Website,Initial Visit,Always-on Web,Initial Interaction
I0008195,C004771,2024-02-04,Website,Callback Request,Always-on Web,Engaged Prospect
I0004772,C004772,2024-02-02,Website,Initial Visit,Always-on Web,Initial Interaction
I0004773,C004773,2024-04-11,Paid Search,Initial Visit,Commercial Intent,Initial Interaction
I0008198,C004773,2024-04-21,Paid Search,Configurator,Commercial Intent,Engaged Prospect
I0004774,C004774,2025-06-02,Website,Initial Visit,Always-on Web,Initial Interaction
I0004775,C004775,2024-09-29,Website,Initial Visit,Always-on Web,Initial Interaction
I0008201,C004775,2024-10-11,Website,Event Registration,Always-on Web,Engaged Prospect
I0004776,C004776,2025-04-25,Referral,Initial Visit,Customer Referral,Initial Interaction
I0008203,C004776,2025-05-03,Referral,Brochure Download,Customer Referral,Engaged Prospect
I0004777,C004777,2024-03-03,Paid Search,Initial Visit,Commercial Intent,Initial Interaction
I0008205,C004777,2024-03-13,Paid Search,Event Registration,Commercial Intent,Engaged Prospect
I0004778,C004778,2025-02-25,Dealer Event,Initial Visit,Van Experience Days,Initial Interaction
I0008207,C004778,2025-03-10,Dealer Event,Configurator,Van Experience Days,Engaged Prospect
I0004779,C004779,2025-06-05,Website,Initial Visit,Always-on Web,Initial Interaction
I0004780,C004780,2025-11-14,Referral,Initial Visit,Customer Referral,Initial Interaction
I0008210,C004780,2025-11-22,Referral,Event Registration,Customer Referral,Engaged Prospect
I0004781,C004781,2024-08-11,Email,Initial Visit,CRM Nurture,Initial Interaction
I0004782,C004782,2025-01-16,Referral,Initial Visit,Customer Referral,Initial Interaction
I0004783,C004783,2024-12-04,Social Media,Initial Visit,Urban Mobility,Initial Interaction
I0004784,C004784,2024-08-31,Social Media,Initial Visit,Urban Mobility,Initial Interaction
I0008215,C004784,2024-09-06,Social Media,Event Registration,Urban Mobility,Engaged Prospect
I0004785,C004785,2025-03-23,Paid Search,Initial Visit,Commercial Intent,Initial Interaction
I0004786,C004786,2025-01-30,Paid Search,Initial Visit,Commercial Intent,Initial Interaction
I0004787,C004787,2025-08-06,Email,Initial Visit,CRM Nurture,Initial Interaction
I0008219,C004787,2025-08-17,Email,Brochure Download,CRM Nurture,Engaged Prospect
I0004788,C004788,2024-01-20,Website,Initial Visit,Always-on Web,Initial Interaction
I0008221,C004788,2024-01-24,Website,Callback Request,Always-on Web,Engaged Prospect
I0004789,C004789,2024-06-04,Website,Initial Visit,Always-on Web,Initial Interaction
I0004790,C004790,2025-02-09,Dealer Event,Initial Visit,Van Experience Days,Initial Interaction
I0008224,C004790,2025-02-11,Dealer Event,Callback Request,Van Experience Days,Engaged Prospect
I0004791,C004791,2025-02-05,Website,Initial Visit,Always-on Web,Initial Interaction
I0004792,C004792,2025-09-23,Email,Initial Visit,CRM Nurture,Initial Interaction
I0004793,C004793,2025-04-17,Website,Initial Visit,Always-on Web,Initial Interaction
I0008228,C004793,2025-04-18,Website,Event Registration,Always-on Web,Engaged Prospect
I0004794,C004794,2024-01-04,Paid Search,Initial Visit,Commercial Intent,Initial Interaction
I0008230,C004794,2024-01-05,Paid Search,Configurator,Commercial Intent,Engaged Prospect
I0004795,C004795,2024-12-08,Paid Search,Initial Visit,Commercial Intent,Initial Interaction
I0008232,C004795,2024-12-14,Paid Search,Event Registration,Commercial Intent,Engaged Prospect
I0004796,C004796,2025-08-14,Social Media,Initial Visit,Urban Mobility,Initial Interaction
I0004797,C004797,2025-09-03,Dealer Event,Initial Visit,Van Experience Days,Initial Interaction
I0004798,C004798,2025-07-15,Dealer Event,Initial Visit,Van Experience Days,Initial Interaction
I0004799,C004799,2024-11-30,Website,Initial Visit,Always-on Web,Initial Interaction
I0008237,C004799,2024-12-10,Website,Event Registration,Always-on Web,Engaged Prospect
I0004800,C004800,2024-03-15,Paid Search,Initial Visit,Commercial Intent,Initial Interaction
I0008239,C004800,2024-03-20,Paid Search,Event Registration,Commercial Intent,Engaged Prospect
I0004801,C004801,2024-05-29,Dealer Event,Initial Visit,Van Experience Days,Initial Interaction
I0008241,C004801,2024-05-30,Dealer Event,Event Registration,Van Experience Days,Engaged Prospect
I0004802,C004802,2025-08-15,Website,Initial Visit,Always-on Web,Initial Interaction
I0004803,C004803,2024-08-26,Website,Initial Visit,Always-on Web,Initial Interaction
I0008244,C004803,2024-09-01,Website,Callback Request,Always-on Web,Engaged Prospect
I0004804,C004804,2025-06-18,Paid Search,Initial Visit,Commercial Intent,Initial Interaction
I0004805,C004805,2024-01-26,Dealer Event,Initial Visit,Van Experience Days,Initial Interaction
I0004806,C004806,2024-12-09,Paid Search,Initial Visit,Commercial Intent,Initial Interaction
I0008248,C004806,2024-12-10,Paid Search,Callback Request,Commercial Intent,Engaged Prospect
I0004807,C004807,2025-10-27,Website,Initial Visit,Always-on Web,Initial Interaction
I0008250,C004807,2025-10-31,Website,Configurator,Always-on Web,Engaged Prospect
I0004808,C004808,2024-06-20,Referral,Initial Visit,Customer Referral,Initial Interaction
I0008252,C004808,2024-06-28,Referral,Event Registration,Customer Referral,Engaged Prospect
I0004809,C004809,2024-01-22,Referral,Initial Visit,Customer Referral,Initial Interaction
I0008254,C004809,2024-01-23,Referral,Event Registration,Customer Referral,Engaged Prospect
I0004810,C004810,2024-07-20,Email,Initial Visit,CRM Nurture,Initial Interaction
I0008256,C004810,2024-07-24,Email,Configurator,CRM Nurture,Engaged Prospect
I0004811,C004811,2024-02-14,Email,Initial Visit,CRM Nurture,Initial Interaction
I0004812,C004812,2025-03-04,Referral,Initial Visit,Customer Referral,Initial Interaction
I0008259,C004812,2025-03-10,Referral,Callback Request,Customer Referral,Engaged Prospect
I0004813,C004813,2024-05-14,Social Media,Initial Visit,Urban Mobility,Initial Interaction
I0008261,C004813,2024-05-22,Social Media,Brochure Download,Urban Mobility,Engaged Prospect
I0004814,C004814,2024-06-21,Dealer Event,Initial Visit,Van Experience Days,Initial Interaction
I0008263,C004814,2024-06-26,Dealer Event,Configurator,Van Experience Days,Engaged Prospect
I0004815,C004815,2025-02-15,Paid Search,Initial Visit,Commercial Intent,Initial Interaction
I0008265,C004815,2025-02-16,Paid Search,Event Registration,Commercial Intent,Engaged Prospect
I0004816,C004816,2024-08-15,Website,Initial Visit,Always-on Web,Initial Interaction
I0008267,C004816,2024-08-20,Website,Callback Request,Always-on Web,Engaged Prospect
I0004817,C004817,2025-03-31,Dealer Event,Initial Visit,Van Experience Days,Initial Interaction
I0004818,C004818,2025-10-13,Email,Initial Visit,CRM Nurture,Initial Interaction
I0008270,C004818,2025-10-21,Email,Callback Request,CRM Nurture,Engaged Prospect
I0004819,C004819,2025-10-13,Paid Search,Initial Visit,Commercial Intent,Initial Interaction
I0008272,C004819,2025-10-17,Paid Search,Configurator,Commercial Intent,Engaged Prospect
I0004820,C004820,2025-05-25,Social Media,Initial Visit,Urban Mobility,Initial Interaction
I0008274,C004820,2025-05-27,Social Media,Event Registration,Urban Mobility,Engaged Prospect
I0004821,C004821,2025-11-09,Dealer Event,Initial Visit,Van Experience Days,Initial Interaction
I0008276,C004821,2025-11-23,Dealer Event,Callback Request,Van Experience Days,Engaged Prospect
I0004822,C004822,2025-05-30,Website,Initial Visit,Always-on Web,Initial Interaction
I0008278,C004822,2025-06-08,Website,Callback Request,Always-on Web,Engaged Prospect
I0004823,C004823,2024-02-17,Email,Initial Visit,CRM Nurture,Initial Interaction
I0008280,C004823,2024-02-25,Email,Brochure Download,CRM Nurture,Engaged Prospect
I0004824,C004824,2025-10-31,Website,Initial Visit,Always-on Web,Initial Interaction
I0008282,C004824,2025-11-04,Website,Configurator,Always-on Web,Engaged Prospect
I0004825,C004825,2025-01-31,Social Media,Initial Visit,Urban Mobility,Initial Interaction
I0008284,C004825,2025-02-13,Social Media,Event Registration,Urban Mobility,Engaged Prospect
I0004826,C004826,2024-01-05,Referral,Initial Visit,Customer Referral,Initial Interaction
I0008286,C004826,2024-01-12,Referral,Callback Request,Customer Referral,Engaged Prospect
I0004827,C004827,2025-03-10,Dealer Event,Initial Visit,Van Experience Days,Initial Interaction
I0008288,C004827,2025-03-18,Dealer Event,Brochure Download,Van Experience Days,Engaged Prospect
I0004828,C004828,2024-06-20,Dealer Event,Initial Visit,Van Experience Days,Initial Interaction
I0004829,C004829,2025-01-09,Email,Initial Visit,CRM Nurture,Initial Interaction
I0008291,C004829,2025-01-11,Email,Brochure Download,CRM Nurture,Engaged Prospect
I0004830,C004830,2025-04-05,Paid Search,Initial Visit,Commercial Intent,Initial Interaction
I0004831,C004831,2024-01-20,Email,Initial Visit,CRM Nurture,Initial Interaction
I0004832,C004832,2024-11-02,Paid Search,Initial Visit,Commercial Intent,Initial Interaction
I0004833,C004833,2024-02-08,Social Media,Initial Visit,Urban Mobility,Initial Interaction
I0008296,C004833,2024-02-22,Social Media,Event Registration,Urban Mobility,Engaged Prospect
I0004834,C004834,2024-03-19,Social Media,Initial Visit,Urban Mobility,Initial Interaction
I0008298,C004834,2024-03-27,Social Media,Event Registration,Urban Mobility,Engaged Prospect
I0004835,C004835,2024-05-27,Social Media,Initial Visit,Urban Mobility,Initial Interaction
I0008300,C004835,2024-05-31,Social Media,Brochure Download,Urban Mobility,Engaged Prospect
I0004836,C004836,2025-06-30,Paid Search,Initial Visit,Commercial Intent,Initial Interaction
I0008302,C004836,2025-07-03,Paid Search,Brochure Download,Commercial Intent,Engaged Prospect
I0004837,C004837,2024-10-16,Paid Search,Initial Visit,Commercial Intent,Initial Interaction
I0004838,C004838,2024-02-02,Paid Search,Initial Visit,Commercial Intent,Initial Interaction
I0008305,C004838,2024-02-05,Paid Search,Callback Request,Commercial Intent,Engaged Prospect
I0004839,C004839,2025-06-06,Website,Initial Visit,Always-on Web,Initial Interaction
I0008307,C004839,2025-06-19,Website,Callback Request,Always-on Web,Engaged Prospect
I0004840,C004840,2025-01-15,Paid Search,Initial Visit,Commercial Intent,Initial Interaction
I0004841,C004841,2024-04-09,Website,Initial Visit,Always-on Web,Initial Interaction
I0008310,C004841,2024-04-21,Website,Callback Request,Always-on Web,Engaged Prospect
I0004842,C004842,2025-01-28,Referral,Initial Visit,Customer Referral,Initial Interaction
I0008312,C004842,2025-02-05,Referral,Event Registration,Customer Referral,Engaged Prospect
I0004843,C004843,2024-06-23,Website,Initial Visit,Always-on Web,Initial Interaction
I0008314,C004843,2024-06-25,Website,Configurator,Always-on Web,Engaged Prospect
I0004844,C004844,2025-03-21,Dealer Event,Initial Visit,Van Experience Days,Initial Interaction
I0004845,C004845,2025-10-25,Website,Initial Visit,Always-on Web,Initial Interaction
I0008317,C004845,2025-10-30,Website,Callback Request,Always-on Web,Engaged Prospect
I0004846,C004846,2024-08-08,Dealer Event,Initial Visit,Van Experience Days,Initial Interaction
I0004847,C004847,2025-06-05,Email,Initial Visit,CRM Nurture,Initial Interaction
I0004848,C004848,2024-01-17,Referral,Initial Visit,Customer Referral,Initial Interaction
I0008321,C004848,2024-01-18,Referral,Callback Request,Customer Referral,Engaged Prospect
I0004849,C004849,2024-10-11,Dealer Event,Initial Visit,Van Experience Days,Initial Interaction
I0004850,C004850,2025-09-14,Email,Initial Visit,CRM Nurture,Initial Interaction
I0008324,C004850,2025-09-25,Email,Brochure Download,CRM Nurture,Engaged Prospect
I0004851,C004851,2024-02-22,Website,Initial Visit,Always-on Web,Initial Interaction
I0004852,C004852,2025-10-12,Social Media,Initial Visit,Urban Mobility,Initial Interaction
I0004853,C004853,2024-03-06,Paid Search,Initial Visit,Commercial Intent,Initial Interaction
I0004854,C004854,2024-12-03,Dealer Event,Initial Visit,Van Experience Days,Initial Interaction
I0008329,C004854,2024-12-14,Dealer Event,Callback Request,Van Experience Days,Engaged Prospect
I0004855,C004855,2024-05-06,Dealer Event,Initial Visit,Van Experience Days,Initial Interaction
I0008331,C004855,2024-05-19,Dealer Event,Callback Request,Van Experience Days,Engaged Prospect
I0004856,C004856,2024-01-15,Paid Search,Initial Visit,Commercial Intent,Initial Interaction
I0008333,C004856,2024-01-22,Paid Search,Event Registration,Commercial Intent,Engaged Prospect
I0004857,C004857,2024-09-01,Email,Initial Visit,CRM Nurture,Initial Interaction
I0004858,C004858,2025-02-10,Paid Search,Initial Visit,Commercial Intent,Initial Interaction
I0008336,C004858,2025-02-11,Paid Search,Brochure Download,Commercial Intent,Engaged Prospect
I0004859,C004859,2025-05-20,Email,Initial Visit,CRM Nurture,Initial Interaction
I0008338,C004859,2025-05-24,Email,Callback Request,CRM Nurture,Engaged Prospect
I0004860,C004860,2024-08-09,Social Media,Initial Visit,Urban Mobility,Initial Interaction
I0008340,C004860,2024-08-19,Social Media,Callback Request,Urban Mobility,Engaged Prospect
I0004861,C004861,2024-12-10,Social Media,Initial Visit,Urban Mobility,Initial Interaction
I0004862,C004862,2024-05-07,Dealer Event,Initial Visit,Van Experience Days,Initial Interaction
I0008343,C004862,2024-05-17,Dealer Event,Configurator,Van Experience Days,Engaged Prospect
I0004863,C004863,2025-05-25,Website,Initial Visit,Always-on Web,Initial Interaction
I0008345,C004863,2025-05-26,Website,Configurator,Always-on Web,Engaged Prospect
I0004864,C004864,2024-04-28,Dealer Event,Initial Visit,Van Experience Days,Initial Interaction
I0008347,C004864,2024-05-02,Dealer Event,Callback Request,Van Experience Days,Engaged Prospect
I0004865,C004865,2025-08-25,Email,Initial Visit,CRM Nurture,Initial Interaction
I0004866,C004866,2024-05-05,Paid Search,Initial Visit,Commercial Intent,Initial Interaction
I0008350,C004866,2024-05-07,Paid Search,Configurator,Commercial Intent,Engaged Prospect
I0004867,C004867,2025-04-09,Paid Search,Initial Visit,Commercial Intent,Initial Interaction
I0004868,C004868,2024-08-19,Website,Initial Visit,Always-on Web,Initial Interaction
I0008353,C004868,2024-08-29,Website,Callback Request,Always-on Web,Engaged Prospect
I0004869,C004869,2025-11-28,Social Media,Initial Visit,Urban Mobility,Initial Interaction
I0004870,C004870,2024-07-15,Dealer Event,Initial Visit,Van Experience Days,Initial Interaction
I0008356,C004870,2024-07-20,Dealer Event,Configurator,Van Experience Days,Engaged Prospect
I0004871,C004871,2025-10-26,Website,Initial Visit,Always-on Web,Initial Interaction
I0008358,C004871,2025-11-09,Website,Callback Request,Always-on Web,Engaged Prospect
I0004872,C004872,2025-08-08,Website,Initial Visit,Always-on Web,Initial Interaction
I0008360,C004872,2025-08-15,Website,Callback Request,Always-on Web,Engaged Prospect
I0004873,C004873,2024-11-23,Paid Search,Initial Visit,Commercial Intent,Initial Interaction
I0008362,C004873,2024-12-06,Paid Search,Callback Request,Commercial Intent,Engaged Prospect
I0004874,C004874,2024-12-12,Paid Search,Initial Visit,Commercial Intent,Initial Interaction
I0004875,C004875,2024-09-04,Website,Initial Visit,Always-on Web,Initial Interaction
I0004876,C004876,2024-10-26,Social Media,Initial Visit,Urban Mobility,Initial Interaction
I0008366,C004876,2024-10-27,Social Media,Brochure Download,Urban Mobility,Engaged Prospect
I0004877,C004877,2024-11-22,Paid Search,Initial Visit,Commercial Intent,Initial Interaction
I0008368,C004877,2024-11-29,Paid Search,Brochure Download,Commercial Intent,Engaged Prospect
I0004878,C004878,2024-04-12,Dealer Event,Initial Visit,Van Experience Days,Initial Interaction
I0004879,C004879,2024-08-14,Paid Search,Initial Visit,Commercial Intent,Initial Interaction
I0008371,C004879,2024-08-17,Paid Search,Brochure Download,Commercial Intent,Engaged Prospect
I0004880,C004880,2025-09-05,Social Media,Initial Visit,Urban Mobility,Initial Interaction
I0008373,C004880,2025-09-10,Social Media,Brochure Download,Urban Mobility,Engaged Prospect
I0004881,C004881,2025-11-16,Paid Search,Initial Visit,Commercial Intent,Initial Interaction
I0004882,C004882,2024-02-08,Website,Initial Visit,Always-on Web,Initial Interaction
I0008376,C004882,2024-02-11,Website,Brochure Download,Always-on Web,Engaged Prospect
I0004883,C004883,2025-05-27,Paid Search,Initial Visit,Commercial Intent,Initial Interaction
I0008378,C004883,2025-06-02,Paid Search,Event Registration,Commercial Intent,Engaged Prospect
I0004884,C004884,2024-06-16,Email,Initial Visit,CRM Nurture,Initial Interaction
I0004885,C004885,2025-04-02,Referral,Initial Visit,Customer Referral,Initial Interaction
I0008381,C004885,2025-04-08,Referral,Brochure Download,Customer Referral,Engaged Prospect
I0004886,C004886,2025-03-11,Website,Initial Visit,Always-on Web,Initial Interaction
I0008383,C004886,2025-03-17,Website,Configurator,Always-on Web,Engaged Prospect
I0004887,C004887,2025-09-07,Social Media,Initial Visit,Urban Mobility,Initial Interaction
I0008385,C004887,2025-09-19,Social Media,Brochure Download,Urban Mobility,Engaged Prospect
I0004888,C004888,2025-05-06,Social Media,Initial Visit,Urban Mobility,Initial Interaction
I0008387,C004888,2025-05-17,Social Media,Brochure Download,Urban Mobility,Engaged Prospect
I0004889,C004889,2025-07-30,Website,Initial Visit,Always-on Web,Initial Interaction
I0008389,C004889,2025-08-02,Website,Configurator,Always-on Web,Engaged Prospect
I0004890,C004890,2025-07-14,Dealer Event,Initial Visit,Van Experience Days,Initial Interaction
I0004891,C004891,2025-03-29,Website,Initial Visit,Always-on Web,Initial Interaction
I0008392,C004891,2025-03-30,Website,Callback Request,Always-on Web,Engaged Prospect
I0004892,C004892,2024-10-14,Dealer Event,Initial Visit,Van Experience Days,Initial Interaction
I0008394,C004892,2024-10-26,Dealer Event,Configurator,Van Experience Days,Engaged Prospect
I0004893,C004893,2024-08-23,Social Media,Initial Visit,Urban Mobility,Initial Interaction
I0008396,C004893,2024-09-05,Social Media,Configurator,Urban Mobility,Engaged Prospect
I0004894,C004894,2024-08-30,Website,Initial Visit,Always-on Web,Initial Interaction
I0008398,C004894,2024-09-13,Website,Brochure Download,Always-on Web,Engaged Prospect
I0004895,C004895,2024-09-08,Email,Initial Visit,CRM Nurture,Initial Interaction
I0008400,C004895,2024-09-15,Email,Callback Request,CRM Nurture,Engaged Prospect
I0004896,C004896,2024-07-20,Website,Initial Visit,Always-on Web,Initial Interaction
I0008402,C004896,2024-07-25,Website,Callback Request,Always-on Web,Engaged Prospect
I0004897,C004897,2024-08-05,Email,Initial Visit,CRM Nurture,Initial Interaction
I0008404,C004897,2024-08-13,Email,Brochure Download,CRM Nurture,Engaged Prospect
I0004898,C004898,2025-02-01,Dealer Event,Initial Visit,Van Experience Days,Initial Interaction
I0008406,C004898,2025-02-09,Dealer Event,Event Registration,Van Experience Days,Engaged Prospect
I0004899,C004899,2024-07-08,Social Media,Initial Visit,Urban Mobility,Initial Interaction
I0008408,C004899,2024-07-15,Social Media,Callback Request,Urban Mobility,Engaged Prospect
I0004900,C004900,2024-09-01,Website,Initial Visit,Always-on Web,Initial Interaction
I0004901,C004901,2025-05-11,Paid Search,Initial Visit,Commercial Intent,Initial Interaction
I0008411,C004901,2025-05-12,Paid Search,Brochure Download,Commercial Intent,Engaged Prospect
I0004902,C004902,2024-08-17,Social Media,Initial Visit,Urban Mobility,Initial Interaction
I0008413,C004902,2024-08-19,Social Media,Event Registration,Urban Mobility,Engaged Prospect
I0004903,C004903,2024-03-15,Email,Initial Visit,CRM Nurture,Initial Interaction
I0008415,C004903,2024-03-22,Email,Event Registration,CRM Nurture,Engaged Prospect
I0004904,C004904,2024-01-12,Social Media,Initial Visit,Urban Mobility,Initial Interaction
I0004905,C004905,2025-06-19,Paid Search,Initial Visit,Commercial Intent,Initial Interaction
I0008418,C004905,2025-06-28,Paid Search,Callback Request,Commercial Intent,Engaged Prospect
I0004906,C004906,2025-10-25,Email,Initial Visit,CRM Nurture,Initial Interaction
I0008420,C004906,2025-10-26,Email,Brochure Download,CRM Nurture,Engaged Prospect
I0004907,C004907,2025-04-22,Dealer Event,Initial Visit,Van Experience Days,Initial Interaction
I0008422,C004907,2025-04-26,Dealer Event,Event Registration,Van Experience Days,Engaged Prospect
I0004908,C004908,2024-02-12,Email,Initial Visit,CRM Nurture,Initial Interaction
I0008424,C004908,2024-02-21,Email,Configurator,CRM Nurture,Engaged Prospect
I0004909,C004909,2025-01-29,Website,Initial Visit,Always-on Web,Initial Interaction
I0004910,C004910,2024-07-08,Paid Search,Initial Visit,Commercial Intent,Initial Interaction
I0008427,C004910,2024-07-20,Paid Search,Configurator,Commercial Intent,Engaged Prospect
I0004911,C004911,2024-08-12,Paid Search,Initial Visit,Commercial Intent,Initial Interaction
I0008429,C004911,2024-08-26,Paid Search,Configurator,Commercial Intent,Engaged Prospect
I0004912,C004912,2025-10-06,Dealer Event,Initial Visit,Van Experience Days,Initial Interaction
I0008431,C004912,2025-10-08,Dealer Event,Brochure Download,Van Experience Days,Engaged Prospect
I0004913,C004913,2025-07-31,Dealer Event,Initial Visit,Van Experience Days,Initial Interaction
I0004914,C004914,2025-05-29,Dealer Event,Initial Visit,Van Experience Days,Initial Interaction
I0004915,C004915,2024-12-16,Website,Initial Visit,Always-on Web,Initial Interaction
I0008435,C004915,2024-12-23,Website,Callback Request,Always-on Web,Engaged Prospect
I0004916,C004916,2025-02-08,Email,Initial Visit,CRM Nurture,Initial Interaction
I0008437,C004916,2025-02-16,Email,Configurator,CRM Nurture,Engaged Prospect
I0004917,C004917,2025-10-03,Dealer Event,Initial Visit,Van Experience Days,Initial Interaction
I0008439,C004917,2025-10-07,Dealer Event,Brochure Download,Van Experience Days,Engaged Prospect
I0004918,C004918,2025-04-07,Website,Initial Visit,Always-on Web,Initial Interaction
I0008441,C004918,2025-04-18,Website,Callback Request,Always-on Web,Engaged Prospect
I0004919,C004919,2025-02-09,Website,Initial Visit,Always-on Web,Initial Interaction
I0008443,C004919,2025-02-21,Website,Event Registration,Always-on Web,Engaged Prospect
I0004920,C004920,2024-03-08,Website,Initial Visit,Always-on Web,Initial Interaction
I0008445,C004920,2024-03-18,Website,Event Registration,Always-on Web,Engaged Prospect
I0004921,C004921,2025-11-28,Social Media,Initial Visit,Urban Mobility,Initial Interaction
I0008447,C004921,2025-12-10,Social Media,Brochure Download,Urban Mobility,Engaged Prospect
I0004922,C004922,2025-07-20,Paid Search,Initial Visit,Commercial Intent,Initial Interaction
I0008449,C004922,2025-07-30,Paid Search,Callback Request,Commercial Intent,Engaged Prospect
I0004923,C004923,2024-09-12,Website,Initial Visit,Always-on Web,Initial Interaction
I0008451,C004923,2024-09-22,Website,Event Registration,Always-on Web,Engaged Prospect
I0004924,C004924,2024-06-24,Social Media,Initial Visit,Urban Mobility,Initial Interaction
I0008453,C004924,2024-07-06,Social Media,Brochure Download,Urban Mobility,Engaged Prospect
I0004925,C004925,2025-11-08,Dealer Event,Initial Visit,Van Experience Days,Initial Interaction
I0008455,C004925,2025-11-16,Dealer Event,Brochure Download,Van Experience Days,Engaged Prospect
I0004926,C004926,2025-10-31,Dealer Event,Initial Visit,Van Experience Days,Initial Interaction
I0008457,C004926,2025-11-11,Dealer Event,Callback Request,Van Experience Days,Engaged Prospect
I0004927,C004927,2024-10-21,Email,Initial Visit,CRM Nurture,Initial Interaction
I0004928,C004928,2024-06-10,Dealer Event,Initial Visit,Van Experience Days,Initial Interaction
I0008460,C004928,2024-06-22,Dealer Event,Configurator,Van Experience Days,Engaged Prospect
I0004929,C004929,2025-07-12,Social Media,Initial Visit,Urban Mobility,Initial Interaction
I0004930,C004930,2025-03-13,Dealer Event,Initial Visit,Van Experience Days,Initial Interaction
I0008463,C004930,2025-03-18,Dealer Event,Event Registration,Van Experience Days,Engaged Prospect
I0004931,C004931,2025-09-22,Paid Search,Initial Visit,Commercial Intent,Initial Interaction
I0004932,C004932,2025-01-16,Dealer Event,Initial Visit,Van Experience Days,Initial Interaction
I0008466,C004932,2025-01-17,Dealer Event,Brochure Download,Van Experience Days,Engaged Prospect
I0004933,C004933,2025-01-21,Dealer Event,Initial Visit,Van Experience Days,Initial Interaction
I0004934,C004934,2024-04-10,Email,Initial Visit,CRM Nurture,Initial Interaction
I0008469,C004934,2024-04-19,Email,Event Registration,CRM Nurture,Engaged Prospect
I0004935,C004935,2025-02-26,Paid Search,Initial Visit,Commercial Intent,Initial Interaction
I0008471,C004935,2025-02-27,Paid Search,Event Registration,Commercial Intent,Engaged Prospect
I0004936,C004936,2024-09-11,Paid Search,Initial Visit,Commercial Intent,Initial Interaction
I0004937,C004937,2024-05-23,Paid Search,Initial Visit,Commercial Intent,Initial Interaction
I0008474,C004937,2024-05-28,Paid Search,Event Registration,Commercial Intent,Engaged Prospect
I0004938,C004938,2025-06-30,Website,Initial Visit,Always-on Web,Initial Interaction
I0004939,C004939,2024-08-30,Website,Initial Visit,Always-on Web,Initial Interaction
I0004940,C004940,2024-05-28,Paid Search,Initial Visit,Commercial Intent,Initial Interaction
I0008478,C004940,2024-06-10,Paid Search,Event Registration,Commercial Intent,Engaged Prospect
I0004941,C004941,2025-11-03,Website,Initial Visit,Always-on Web,Initial Interaction
I0008480,C004941,2025-11-09,Website,Brochure Download,Always-on Web,Engaged Prospect
I0004942,C004942,2025-11-05,Dealer Event,Initial Visit,Van Experience Days,Initial Interaction
I0008482,C004942,2025-11-17,Dealer Event,Brochure Download,Van Experience Days,Engaged Prospect
I0004943,C004943,2024-12-12,Social Media,Initial Visit,Urban Mobility,Initial Interaction
I0004944,C004944,2024-07-25,Dealer Event,Initial Visit,Van Experience Days,Initial Interaction
I0008485,C004944,2024-07-29,Dealer Event,Callback Request,Van Experience Days,Engaged Prospect
I0004945,C004945,2024-04-23,Paid Search,Initial Visit,Commercial Intent,Initial Interaction
I0008487,C004945,2024-05-02,Paid Search,Brochure Download,Commercial Intent,Engaged Prospect
I0004946,C004946,2025-03-14,Website,Initial Visit,Always-on Web,Initial Interaction
I0004947,C004947,2025-03-03,Paid Search,Initial Visit,Commercial Intent,Initial Interaction
I0008490,C004947,2025-03-04,Paid Search,Configurator,Commercial Intent,Engaged Prospect
I0004948,C004948,2025-03-09,Dealer Event,Initial Visit,Van Experience Days,Initial Interaction
I0008492,C004948,2025-03-10,Dealer Event,Configurator,Van Experience Days,Engaged Prospect
I0004949,C004949,2025-06-21,Website,Initial Visit,Always-on Web,Initial Interaction
I0008494,C004949,2025-06-22,Website,Event Registration,Always-on Web,Engaged Prospect
I0004950,C004950,2024-11-25,Email,Initial Visit,CRM Nurture,Initial Interaction
I0008496,C004950,2024-11-26,Email,Callback Request,CRM Nurture,Engaged Prospect
I0004951,C004951,2025-04-23,Website,Initial Visit,Always-on Web,Initial Interaction
I0004952,C004952,2025-04-03,Paid Search,Initial Visit,Commercial Intent,Initial Interaction
I0008499,C004952,2025-04-14,Paid Search,Callback Request,Commercial Intent,Engaged Prospect
I0004953,C004953,2025-07-10,Website,Initial Visit,Always-on Web,Initial Interaction
I0004954,C004954,2025-06-04,Paid Search,Initial Visit,Commercial Intent,Initial Interaction
I0008502,C004954,2025-06-08,Paid Search,Callback Request,Commercial Intent,Engaged Prospect
I0004955,C004955,2024-01-26,Website,Initial Visit,Always-on Web,Initial Interaction
I0008504,C004955,2024-01-30,Website,Event Registration,Always-on Web,Engaged Prospect
I0004956,C004956,2025-03-09,Dealer Event,Initial Visit,Van Experience Days,Initial Interaction
I0008506,C004956,2025-03-10,Dealer Event,Brochure Download,Van Experience Days,Engaged Prospect
I0004957,C004957,2025-11-13,Website,Initial Visit,Always-on Web,Initial Interaction
I0008508,C004957,2025-11-19,Website,Callback Request,Always-on Web,Engaged Prospect
I0004958,C004958,2025-01-26,Website,Initial Visit,Always-on Web,Initial Interaction
I0008510,C004958,2025-01-27,Website,Callback Request,Always-on Web,Engaged Prospect
I0004959,C004959,2025-01-05,Website,Initial Visit,Always-on Web,Initial Interaction
I0008512,C004959,2025-01-18,Website,Configurator,Always-on Web,Engaged Prospect
I0004960,C004960,2025-02-28,Referral,Initial Visit,Customer Referral,Initial Interaction
I0008514,C004960,2025-03-09,Referral,Callback Request,Customer Referral,Engaged Prospect
I0004961,C004961,2025-01-26,Social Media,Initial Visit,Urban Mobility,Initial Interaction
I0008516,C004961,2025-02-01,Social Media,Event Registration,Urban Mobility,Engaged Prospect
I0004962,C004962,2024-10-08,Social Media,Initial Visit,Urban Mobility,Initial Interaction
I0008518,C004962,2024-10-15,Social Media,Event Registration,Urban Mobility,Engaged Prospect
I0004963,C004963,2025-11-26,Social Media,Initial Visit,Urban Mobility,Initial Interaction
I0008520,C004963,2025-12-10,Social Media,Configurator,Urban Mobility,Engaged Prospect
I0004964,C004964,2024-02-19,Dealer Event,Initial Visit,Van Experience Days,Initial Interaction
I0004965,C004965,2025-07-23,Website,Initial Visit,Always-on Web,Initial Interaction
I0008523,C004965,2025-07-28,Website,Event Registration,Always-on Web,Engaged Prospect
I0004966,C004966,2024-04-21,Dealer Event,Initial Visit,Van Experience Days,Initial Interaction
I0008525,C004966,2024-04-30,Dealer Event,Configurator,Van Experience Days,Engaged Prospect
I0004967,C004967,2024-05-24,Dealer Event,Initial Visit,Van Experience Days,Initial Interaction
I0008527,C004967,2024-05-30,Dealer Event,Configurator,Van Experience Days,Engaged Prospect
I0004968,C004968,2025-02-28,Website,Initial Visit,Always-on Web,Initial Interaction
I0008529,C004968,2025-03-04,Website,Configurator,Always-on Web,Engaged Prospect
I0004969,C004969,2025-03-22,Website,Initial Visit,Always-on Web,Initial Interaction
I0008531,C004969,2025-03-30,Website,Callback Request,Always-on Web,Engaged Prospect
I0004970,C004970,2025-10-11,Social Media,Initial Visit,Urban Mobility,Initial Interaction
I0008533,C004970,2025-10-22,Social Media,Callback Request,Urban Mobility,Engaged Prospect
I0004971,C004971,2024-07-25,Website,Initial Visit,Always-on Web,Initial Interaction
I0008535,C004971,2024-07-28,Website,Callback Request,Always-on Web,Engaged Prospect
I0004972,C004972,2024-01-19,Paid Search,Initial Visit,Commercial Intent,Initial Interaction
I0008537,C004972,2024-01-27,Paid Search,Brochure Download,Commercial Intent,Engaged Prospect
I0004973,C004973,2024-06-27,Paid Search,Initial Visit,Commercial Intent,Initial Interaction
I0008539,C004973,2024-07-01,Paid Search,Brochure Download,Commercial Intent,Engaged Prospect
I0004974,C004974,2025-01-15,Website,Initial Visit,Always-on Web,Initial Interaction
I0008541,C004974,2025-01-18,Website,Callback Request,Always-on Web,Engaged Prospect
I0004975,C004975,2024-09-07,Email,Initial Visit,CRM Nurture,Initial Interaction
I0008543,C004975,2024-09-14,Email,Callback Request,CRM Nurture,Engaged Prospect
I0004976,C004976,2024-06-25,Social Media,Initial Visit,Urban Mobility,Initial Interaction
I0008545,C004976,2024-07-03,Social Media,Configurator,Urban Mobility,Engaged Prospect
I0004977,C004977,2025-10-01,Social Media,Initial Visit,Urban Mobility,Initial Interaction
I0008547,C004977,2025-10-02,Social Media,Event Registration,Urban Mobility,Engaged Prospect
I0004978,C004978,2025-01-28,Paid Search,Initial Visit,Commercial Intent,Initial Interaction
I0008549,C004978,2025-01-30,Paid Search,Brochure Download,Commercial Intent,Engaged Prospect
I0004979,C004979,2025-04-15,Paid Search,Initial Visit,Commercial Intent,Initial Interaction
I0004980,C004980,2025-06-08,Social Media,Initial Visit,Urban Mobility,Initial Interaction
I0008552,C004980,2025-06-12,Social Media,Callback Request,Urban Mobility,Engaged Prospect
I0004981,C004981,2024-10-13,Dealer Event,Initial Visit,Van Experience Days,Initial Interaction
I0008554,C004981,2024-10-22,Dealer Event,Event Registration,Van Experience Days,Engaged Prospect
I0004982,C004982,2025-05-29,Paid Search,Initial Visit,Commercial Intent,Initial Interaction
I0008556,C004982,2025-06-06,Paid Search,Brochure Download,Commercial Intent,Engaged Prospect
I0004983,C004983,2025-11-05,Social Media,Initial Visit,Urban Mobility,Initial Interaction
I0008558,C004983,2025-11-18,Social Media,Configurator,Urban Mobility,Engaged Prospect
I0004984,C004984,2025-05-22,Dealer Event,Initial Visit,Van Experience Days,Initial Interaction
I0008560,C004984,2025-06-03,Dealer Event,Callback Request,Van Experience Days,Engaged Prospect
I0004985,C004985,2024-07-26,Social Media,Initial Visit,Urban Mobility,Initial Interaction
I0008562,C004985,2024-07-29,Social Media,Configurator,Urban Mobility,Engaged Prospect
I0004986,C004986,2025-06-29,Website,Initial Visit,Always-on Web,Initial Interaction
I0008564,C004986,2025-07-07,Website,Configurator,Always-on Web,Engaged Prospect
I0004987,C004987,2024-06-14,Website,Initial Visit,Always-on Web,Initial Interaction
I0008566,C004987,2024-06-19,Website,Brochure Download,Always-on Web,Engaged Prospect
I0004988,C004988,2024-02-20,Social Media,Initial Visit,Urban Mobility,Initial Interaction
I0004989,C004989,2024-11-06,Email,Initial Visit,CRM Nurture,Initial Interaction
I0008569,C004989,2024-11-19,Email,Configurator,CRM Nurture,Engaged Prospect
I0004990,C004990,2024-12-22,Email,Initial Visit,CRM Nurture,Initial Interaction
I0008571,C004990,2024-12-25,Email,Event Registration,CRM Nurture,Engaged Prospect
I0004991,C004991,2024-11-24,Email,Initial Visit,CRM Nurture,Initial Interaction
I0004992,C004992,2024-07-02,Website,Initial Visit,Always-on Web,Initial Interaction
I0004993,C004993,2024-07-10,Dealer Event,Initial Visit,Van Experience Days,Initial Interaction
I0008575,C004993,2024-07-23,Dealer Event,Brochure Download,Van Experience Days,Engaged Prospect
I0004994,C004994,2025-10-06,Social Media,Initial Visit,Urban Mobility,Initial Interaction
I0008577,C004994,2025-10-11,Social Media,Callback Request,Urban Mobility,Engaged Prospect
I0004995,C004995,2024-07-23,Referral,Initial Visit,Customer Referral,Initial Interaction
I0008579,C004995,2024-08-05,Referral,Callback Request,Customer Referral,Engaged Prospect
I0004996,C004996,2025-07-02,Email,Initial Visit,CRM Nurture,Initial Interaction
I0008581,C004996,2025-07-10,Email,Brochure Download,CRM Nurture,Engaged Prospect
I0004997,C004997,2024-06-29,Paid Search,Initial Visit,Commercial Intent,Initial Interaction
I0008583,C004997,2024-07-12,Paid Search,Callback Request,Commercial Intent,Engaged Prospect
I0004998,C004998,2024-03-16,Email,Initial Visit,CRM Nurture,Initial Interaction
I0008585,C004998,2024-03-24,Email,Event Registration,CRM Nurture,Engaged Prospect
I0004999,C004999,2024-02-14,Social Media,Initial Visit,Urban Mobility,Initial Interaction
I0008587,C004999,2024-02-22,Social Media,Configurator,Urban Mobility,Engaged Prospect
I0005000,C005000,2024-06-19,Paid Search,Initial Visit,Commercial Intent,Initial Interaction
I0008589,C005000,2024-07-03,Paid Search,Brochure Download,Commercial Intent,Engaged Prospect
